uf_onde_mora,faixa_salarial,sql,nao_utiliza_linguagem,python,linguagens_estatisticas_analise_dados,linguagens_web,linguagens_empresariais,linguagens_sistemas,salario_medio
MG,de R$ 12.001/mês a R$ 16.000/mês,1.0,0.0,1.0,0,0,0,0,14000.5
ES,de R$ 6.001/mês a R$ 8.000/mês,1.0,0.0,1.0,0,0,0,0,7000.5
SP,de R$ 6.001/mês a R$ 8.000/mês,1.0,0.0,1.0,1,0,0,0,7000.5
SP,Não informado,0.0,0.0,0.0,0,0,0,0,10576.036405723906
MG,de R$ 4.001/mês a R$ 6.000/mês,1.0,0.0,1.0,0,0,0,0,5000.5
RJ,de R$ 8.001/mês a R$ 12.000/mês,1.0,0.0,1.0,0,0,0,0,10000.5
SP,de R$ 4.001/mês a R$ 6.000/mês,1.0,0.0,0.0,0,0,0,0,5000.5
SP,de R$ 20.001/mês a R$ 25.000/mês,0.0,0.0,0.0,0,0,0,0,22500.5
RJ,Não informado,0.0,0.0,0.0,0,0,0,0,10576.036405723906
SP,Não informado,0.0,0.0,0.0,0,0,0,0,10576.036405723906
SE,de R$ 1.001/mês a R$ 2.000/mês,1.0,0.0,1.0,0,0,0,0,1500.5
PE,Não informado,0.0,0.0,0.0,0,0,0,0,10576.036405723906
RS,de R$ 3.001/mês a R$ 4.000/mês,0.0,1.0,0.0,1,0,0,0,3500.5
SP,de R$ 16.001/mês a R$ 20.000/mês,0.0,0.0,0.0,0,0,0,0,18000.5
DF,de R$ 12.001/mês a R$ 16.000/mês,0.0,0.0,0.0,0,0,0,0,14000.5
MG,de R$ 8.001/mês a R$ 12.000/mês,0.0,0.0,0.0,0,0,0,0,10000.5
RJ,de R$ 4.001/mês a R$ 6.000/mês,1.0,0.0,0.0,1,0,0,0,5000.5
MG,de R$ 2.001/mês a R$ 3.000/mês,1.0,0.0,0.0,1,0,0,0,2500.5
PR,de R$ 2.001/mês a R$ 3.000/mês,1.0,0.0,1.0,0,1,1,0,2500.5
RJ,de R$ 8.001/mês a R$ 12.000/mês,0.0,0.0,0.0,0,0,0,0,10000.5
PB,de R$ 12.001/mês a R$ 16.000/mês,1.0,0.0,1.0,0,0,0,0,14000.5
SP,de R$ 12.001/mês a R$ 16.000/mês,1.0,0.0,1.0,0,0,0,0,14000.5
PR,Acima de R$ 40.001/mês,1.0,0.0,1.0,0,0,0,0,50000.0
MG,de R$ 8.001/mês a R$ 12.000/mês,0.0,0.0,0.0,0,0,0,0,10000.5
SP,de R$ 6.001/mês a R$ 8.000/mês,1.0,0.0,1.0,0,0,0,0,7000.5
NI,de R$ 1.001/mês a R$ 2.000/mês,1.0,0.0,0.0,0,0,1,1,1500.5
MG,de R$ 12.001/mês a R$ 16.000/mês,0.0,0.0,0.0,0,0,0,0,14000.5
SC,de R$ 8.001/mês a R$ 12.000/mês,1.0,0.0,1.0,0,0,0,0,10000.5
SP,de R$ 6.001/mês a R$ 8.000/mês,1.0,0.0,0.0,0,0,0,0,7000.5
SP,de R$ 8.001/mês a R$ 12.000/mês,0.0,0.0,0.0,1,0,1,0,10000.5
SP,de R$ 12.001/mês a R$ 16.000/mês,1.0,0.0,0.0,0,1,1,0,14000.5
SP,de R$ 16.001/mês a R$ 20.000/mês,1.0,0.0,1.0,0,0,0,0,18000.5
SP,de R$ 25.001/mês a R$ 30.000/mês,0.0,0.0,0.0,0,0,0,0,27500.5
RS,de R$ 3.001/mês a R$ 4.000/mês,0.0,1.0,0.0,0,0,0,0,3500.5
SP,de R$ 3.001/mês a R$ 4.000/mês,1.0,0.0,1.0,1,1,1,0,3500.5
SP,de R$ 8.001/mês a R$ 12.000/mês,1.0,0.0,1.0,1,1,1,0,10000.5
BA,de R$ 4.001/mês a R$ 6.000/mês,0.0,0.0,0.0,0,0,0,0,5000.5
SC,de R$ 8.001/mês a R$ 12.000/mês,1.0,0.0,1.0,0,0,0,0,10000.5
SP,de R$ 16.001/mês a R$ 20.000/mês,1.0,0.0,1.0,0,0,0,0,18000.5
PR,de R$ 4.001/mês a R$ 6.000/mês,1.0,0.0,1.0,0,0,0,0,5000.5
RS,de R$ 6.001/mês a R$ 8.000/mês,1.0,0.0,1.0,0,0,0,0,7000.5
PA,de R$ 6.001/mês a R$ 8.000/mês,1.0,0.0,1.0,0,0,0,0,7000.5
SP,de R$ 20.001/mês a R$ 25.000/mês,0.0,0.0,1.0,0,0,0,0,22500.5
RJ,de R$ 8.001/mês a R$ 12.000/mês,1.0,0.0,1.0,0,0,0,0,10000.5
PR,de R$ 3.001/mês a R$ 4.000/mês,1.0,0.0,1.0,0,0,0,0,3500.5
SP,de R$ 8.001/mês a R$ 12.000/mês,0.0,0.0,0.0,1,0,0,0,10000.5
MG,de R$ 4.001/mês a R$ 6.000/mês,0.0,0.0,0.0,0,0,0,0,5000.5
SP,de R$ 6.001/mês a R$ 8.000/mês,1.0,0.0,1.0,0,0,0,0,7000.5
GO,de R$ 4.001/mês a R$ 6.000/mês,1.0,0.0,0.0,0,0,0,0,5000.5
PE,de R$ 12.001/mês a R$ 16.000/mês,1.0,0.0,1.0,0,0,0,0,14000.5
NI,de R$ 4.001/mês a R$ 6.000/mês,1.0,0.0,1.0,0,0,0,0,5000.5
DF,de R$ 8.001/mês a R$ 12.000/mês,1.0,0.0,1.0,0,0,0,0,10000.5
SP,de R$ 3.001/mês a R$ 4.000/mês,0.0,1.0,0.0,0,0,0,0,3500.5
PR,de R$ 6.001/mês a R$ 8.000/mês,1.0,0.0,1.0,0,0,0,0,7000.5
PE,de R$ 20.001/mês a R$ 25.000/mês,1.0,0.0,1.0,0,0,0,0,22500.5
SP,de R$ 3.001/mês a R$ 4.000/mês,1.0,0.0,1.0,0,0,0,0,3500.5
SP,de R$ 2.001/mês a R$ 3.000/mês,1.0,0.0,1.0,1,0,1,0,2500.5
MG,de R$ 1.001/mês a R$ 2.000/mês,0.0,0.0,1.0,0,0,0,0,1500.5
ES,de R$ 6.001/mês a R$ 8.000/mês,1.0,0.0,1.0,0,0,0,0,7000.5
RS,de R$ 12.001/mês a R$ 16.000/mês,1.0,0.0,1.0,0,0,0,0,14000.5
ES,de R$ 6.001/mês a R$ 8.000/mês,0.0,1.0,0.0,0,0,0,0,7000.5
SP,Não informado,0.0,0.0,0.0,0,0,0,0,10576.036405723906
PR,de R$ 2.001/mês a R$ 3.000/mês,1.0,0.0,1.0,0,0,0,0,2500.5
SP,de R$ 16.001/mês a R$ 20.000/mês,0.0,0.0,0.0,0,0,0,0,18000.5
RS,de R$ 6.001/mês a R$ 8.000/mês,1.0,0.0,1.0,1,0,1,0,7000.5
PR,de R$ 16.001/mês a R$ 20.000/mês,1.0,0.0,1.0,0,0,1,0,18000.5
BA,Não informado,0.0,0.0,0.0,0,0,0,0,10576.036405723906
RS,de R$ 3.001/mês a R$ 4.000/mês,1.0,0.0,1.0,0,0,0,0,3500.5
MT,de R$ 4.001/mês a R$ 6.000/mês,1.0,0.0,0.0,0,0,0,0,5000.5
SP,de R$ 12.001/mês a R$ 16.000/mês,1.0,0.0,0.0,0,0,0,0,14000.5
RJ,de R$ 8.001/mês a R$ 12.000/mês,1.0,0.0,1.0,0,0,0,0,10000.5
RJ,de R$ 8.001/mês a R$ 12.000/mês,0.0,0.0,0.0,0,0,0,0,10000.5
SP,de R$ 12.001/mês a R$ 16.000/mês,1.0,0.0,1.0,0,0,0,0,14000.5
RS,de R$ 4.001/mês a R$ 6.000/mês,1.0,0.0,1.0,0,0,0,0,5000.5
PR,de R$ 6.001/mês a R$ 8.000/mês,1.0,0.0,1.0,0,0,0,0,7000.5
PI,Não informado,0.0,0.0,0.0,0,0,0,0,10576.036405723906
RS,de R$ 12.001/mês a R$ 16.000/mês,0.0,0.0,0.0,0,0,0,0,14000.5
PR,de R$ 2.001/mês a R$ 3.000/mês,0.0,0.0,0.0,0,0,0,0,2500.5
SP,de R$ 12.001/mês a R$ 16.000/mês,0.0,0.0,0.0,0,0,0,0,14000.5
SP,de R$ 12.001/mês a R$ 16.000/mês,1.0,0.0,1.0,0,0,0,0,14000.5
SP,de R$ 8.001/mês a R$ 12.000/mês,0.0,1.0,0.0,0,0,0,0,10000.5
DF,de R$ 8.001/mês a R$ 12.000/mês,1.0,0.0,1.0,0,0,0,0,10000.5
ES,de R$ 8.001/mês a R$ 12.000/mês,0.0,0.0,0.0,0,0,0,0,10000.5
ES,de R$ 1.001/mês a R$ 2.000/mês,0.0,0.0,1.0,0,0,0,0,1500.5
SC,de R$ 8.001/mês a R$ 12.000/mês,1.0,0.0,1.0,0,0,0,0,10000.5
SC,Menos de R$ 1.000/mês,1.0,0.0,1.0,0,0,0,0,500.0
RJ,de R$ 12.001/mês a R$ 16.000/mês,1.0,0.0,0.0,0,0,0,0,14000.5
PR,de R$ 3.001/mês a R$ 4.000/mês,1.0,0.0,1.0,0,1,1,0,3500.5
GO,Não informado,0.0,0.0,0.0,0,0,0,0,10576.036405723906
SP,de R$ 25.001/mês a R$ 30.000/mês,0.0,0.0,0.0,0,0,0,0,27500.5
PE,de R$ 8.001/mês a R$ 12.000/mês,1.0,0.0,1.0,0,0,0,0,10000.5
RJ,de R$ 3.001/mês a R$ 4.000/mês,1.0,0.0,1.0,0,1,1,0,3500.5
GO,de R$ 4.001/mês a R$ 6.000/mês,1.0,0.0,1.0,0,0,0,0,5000.5
SP,Não informado,0.0,0.0,0.0,0,0,0,0,10576.036405723906
SP,de R$ 8.001/mês a R$ 12.000/mês,1.0,0.0,1.0,0,0,0,0,10000.5
SP,de R$ 2.001/mês a R$ 3.000/mês,0.0,1.0,0.0,0,0,0,0,2500.5
SP,de R$ 2.001/mês a R$ 3.000/mês,1.0,0.0,1.0,1,0,0,0,2500.5
SP,de R$ 12.001/mês a R$ 16.000/mês,1.0,0.0,1.0,0,0,0,0,14000.5
CE,de R$ 8.001/mês a R$ 12.000/mês,1.0,0.0,1.0,1,0,0,0,10000.5
SP,de R$ 8.001/mês a R$ 12.000/mês,1.0,0.0,1.0,1,0,0,0,10000.5
SP,de R$ 20.001/mês a R$ 25.000/mês,1.0,0.0,1.0,0,1,1,0,22500.5
SP,de R$ 3.001/mês a R$ 4.000/mês,0.0,0.0,1.0,0,0,0,0,3500.5
MG,Não informado,0.0,0.0,0.0,0,0,0,0,10576.036405723906
SP,de R$ 8.001/mês a R$ 12.000/mês,1.0,0.0,1.0,0,0,0,0,10000.5
SC,de R$ 4.001/mês a R$ 6.000/mês,0.0,1.0,0.0,0,0,0,0,5000.5
SP,de R$ 20.001/mês a R$ 25.000/mês,0.0,0.0,0.0,0,0,0,0,22500.5
SP,de R$ 8.001/mês a R$ 12.000/mês,1.0,0.0,1.0,0,0,0,0,10000.5
MG,de R$ 4.001/mês a R$ 6.000/mês,0.0,0.0,1.0,0,0,1,0,5000.5
SC,de R$ 4.001/mês a R$ 6.000/mês,1.0,0.0,1.0,0,0,0,0,5000.5
PR,de R$ 8.001/mês a R$ 12.000/mês,0.0,0.0,0.0,0,0,0,0,10000.5
SP,de R$ 6.001/mês a R$ 8.000/mês,1.0,0.0,1.0,0,0,0,0,7000.5
SP,de R$ 8.001/mês a R$ 12.000/mês,0.0,0.0,1.0,0,0,0,0,10000.5
PR,de R$ 8.001/mês a R$ 12.000/mês,1.0,0.0,1.0,0,0,0,0,10000.5
MG,de R$ 16.001/mês a R$ 20.000/mês,0.0,0.0,0.0,0,0,0,0,18000.5
RS,de R$ 4.001/mês a R$ 6.000/mês,1.0,0.0,1.0,0,0,0,0,5000.5
RS,de R$ 4.001/mês a R$ 6.000/mês,0.0,0.0,1.0,0,0,0,0,5000.5
ES,de R$ 8.001/mês a R$ 12.000/mês,1.0,0.0,1.0,0,0,0,0,10000.5
SP,de R$ 8.001/mês a R$ 12.000/mês,1.0,0.0,1.0,1,1,1,0,10000.5
PR,de R$ 6.001/mês a R$ 8.000/mês,1.0,0.0,1.0,0,0,0,0,7000.5
PR,de R$ 2.001/mês a R$ 3.000/mês,1.0,0.0,0.0,0,0,0,0,2500.5
PI,de R$ 1.001/mês a R$ 2.000/mês,0.0,0.0,1.0,1,0,0,0,1500.5
MG,Acima de R$ 40.001/mês,0.0,0.0,0.0,0,0,0,0,50000.0
NI,de R$ 16.001/mês a R$ 20.000/mês,1.0,0.0,0.0,0,0,0,0,18000.5
SP,de R$ 16.001/mês a R$ 20.000/mês,1.0,0.0,1.0,1,1,1,0,18000.5
ES,de R$ 6.001/mês a R$ 8.000/mês,1.0,0.0,1.0,0,0,0,0,7000.5
MG,Não informado,0.0,0.0,0.0,0,0,0,0,10576.036405723906
SP,de R$ 16.001/mês a R$ 20.000/mês,0.0,0.0,0.0,0,0,0,0,18000.5
NI,Não informado,0.0,0.0,0.0,0,0,0,0,10576.036405723906
ES,de R$ 8.001/mês a R$ 12.000/mês,0.0,0.0,0.0,0,0,0,0,10000.5
SP,de R$ 25.001/mês a R$ 30.000/mês,1.0,0.0,1.0,0,0,0,0,27500.5
SP,de R$ 12.001/mês a R$ 16.000/mês,0.0,1.0,0.0,0,0,0,0,14000.5
RJ,de R$ 4.001/mês a R$ 6.000/mês,1.0,0.0,0.0,0,0,1,0,5000.5
RS,Não informado,0.0,0.0,0.0,0,0,0,0,10576.036405723906
MG,de R$ 1.001/mês a R$ 2.000/mês,1.0,0.0,1.0,0,0,0,0,1500.5
PR,de R$ 12.001/mês a R$ 16.000/mês,1.0,0.0,1.0,0,0,0,0,14000.5
SP,de R$ 6.001/mês a R$ 8.000/mês,0.0,0.0,0.0,0,0,0,0,7000.5
RJ,de R$ 1.001/mês a R$ 2.000/mês,1.0,0.0,0.0,1,1,1,0,1500.5
PR,de R$ 6.001/mês a R$ 8.000/mês,0.0,0.0,0.0,0,0,0,0,7000.5
PB,de R$ 4.001/mês a R$ 6.000/mês,1.0,0.0,1.0,0,0,0,0,5000.5
RS,de R$ 4.001/mês a R$ 6.000/mês,0.0,0.0,1.0,0,0,0,0,5000.5
SP,de R$ 16.001/mês a R$ 20.000/mês,0.0,0.0,0.0,0,0,0,0,18000.5
SP,de R$ 30.001/mês a R$ 40.000/mês,0.0,0.0,0.0,0,0,0,0,35000.5
SP,de R$ 8.001/mês a R$ 12.000/mês,1.0,0.0,1.0,0,0,0,0,10000.5
SP,de R$ 4.001/mês a R$ 6.000/mês,0.0,0.0,1.0,0,0,0,0,5000.5
SP,de R$ 1.001/mês a R$ 2.000/mês,1.0,0.0,0.0,0,0,0,0,1500.5
ES,de R$ 8.001/mês a R$ 12.000/mês,1.0,0.0,1.0,1,0,1,0,10000.5
RS,de R$ 4.001/mês a R$ 6.000/mês,0.0,1.0,0.0,0,0,0,0,5000.5
SP,de R$ 4.001/mês a R$ 6.000/mês,1.0,0.0,1.0,1,0,0,0,5000.5
CE,de R$ 2.001/mês a R$ 3.000/mês,0.0,0.0,1.0,0,0,1,0,2500.5
NI,de R$ 30.001/mês a R$ 40.000/mês,0.0,0.0,0.0,0,0,0,0,35000.5
SP,de R$ 4.001/mês a R$ 6.000/mês,1.0,0.0,1.0,0,0,0,0,5000.5
SP,de R$ 4.001/mês a R$ 6.000/mês,1.0,0.0,1.0,0,0,0,0,5000.5
SP,de R$ 3.001/mês a R$ 4.000/mês,0.0,0.0,0.0,0,0,0,0,3500.5
PR,Não informado,0.0,0.0,0.0,0,0,0,0,10576.036405723906
CE,de R$ 20.001/mês a R$ 25.000/mês,1.0,0.0,1.0,0,0,0,0,22500.5
RJ,de R$ 6.001/mês a R$ 8.000/mês,0.0,0.0,0.0,0,0,0,0,7000.5
SP,de R$ 2.001/mês a R$ 3.000/mês,1.0,0.0,1.0,0,0,0,0,2500.5
PR,Não informado,0.0,0.0,0.0,0,0,0,0,10576.036405723906
SP,de R$ 6.001/mês a R$ 8.000/mês,1.0,0.0,1.0,0,0,0,0,7000.5
SP,de R$ 16.001/mês a R$ 20.000/mês,1.0,0.0,1.0,0,0,0,0,18000.5
MG,de R$ 6.001/mês a R$ 8.000/mês,0.0,0.0,1.0,0,0,0,0,7000.5
BA,de R$ 12.001/mês a R$ 16.000/mês,1.0,0.0,1.0,0,0,0,0,14000.5
MG,de R$ 6.001/mês a R$ 8.000/mês,1.0,0.0,1.0,1,0,0,0,7000.5
PI,Não informado,0.0,0.0,0.0,0,0,0,0,10576.036405723906
MS,de R$ 6.001/mês a R$ 8.000/mês,0.0,0.0,1.0,1,0,0,0,7000.5
RJ,de R$ 8.001/mês a R$ 12.000/mês,0.0,1.0,0.0,0,0,0,0,10000.5
AL,de R$ 3.001/mês a R$ 4.000/mês,1.0,0.0,1.0,0,0,0,0,3500.5
SP,de R$ 8.001/mês a R$ 12.000/mês,1.0,0.0,1.0,0,1,1,0,10000.5
ES,de R$ 8.001/mês a R$ 12.000/mês,1.0,0.0,1.0,0,0,0,0,10000.5
SC,de R$ 6.001/mês a R$ 8.000/mês,1.0,0.0,1.0,0,0,0,0,7000.5
SP,de R$ 8.001/mês a R$ 12.000/mês,1.0,0.0,1.0,0,0,0,0,10000.5
RJ,de R$ 8.001/mês a R$ 12.000/mês,1.0,0.0,0.0,0,0,0,0,10000.5
PR,de R$ 6.001/mês a R$ 8.000/mês,1.0,0.0,1.0,0,0,0,0,7000.5
PE,Não informado,0.0,0.0,0.0,0,0,0,0,10576.036405723906
SP,de R$ 8.001/mês a R$ 12.000/mês,1.0,0.0,1.0,0,0,0,0,10000.5
RS,de R$ 4.001/mês a R$ 6.000/mês,0.0,1.0,0.0,0,0,0,0,5000.5
SC,de R$ 4.001/mês a R$ 6.000/mês,1.0,0.0,1.0,0,0,0,0,5000.5
PR,de R$ 12.001/mês a R$ 16.000/mês,1.0,0.0,0.0,0,0,0,0,14000.5
SP,de R$ 6.001/mês a R$ 8.000/mês,1.0,0.0,1.0,0,0,0,0,7000.5
SC,de R$ 12.001/mês a R$ 16.000/mês,1.0,0.0,1.0,0,0,1,0,14000.5
SP,de R$ 25.001/mês a R$ 30.000/mês,0.0,0.0,0.0,0,0,0,0,27500.5
PR,de R$ 2.001/mês a R$ 3.000/mês,1.0,0.0,1.0,0,0,0,0,2500.5
PB,de R$ 1.001/mês a R$ 2.000/mês,1.0,0.0,0.0,0,0,0,0,1500.5
PR,de R$ 1.001/mês a R$ 2.000/mês,1.0,0.0,1.0,0,0,0,0,1500.5
PR,de R$ 8.001/mês a R$ 12.000/mês,1.0,0.0,0.0,0,0,0,0,10000.5
MG,de R$ 16.001/mês a R$ 20.000/mês,1.0,0.0,1.0,0,0,0,0,18000.5
MG,de R$ 8.001/mês a R$ 12.000/mês,1.0,0.0,1.0,0,0,0,0,10000.5
SC,de R$ 3.001/mês a R$ 4.000/mês,1.0,0.0,0.0,0,0,0,0,3500.5
RS,de R$ 12.001/mês a R$ 16.000/mês,1.0,0.0,1.0,0,0,0,0,14000.5
SP,de R$ 2.001/mês a R$ 3.000/mês,0.0,1.0,0.0,0,0,0,0,2500.5
RJ,de R$ 6.001/mês a R$ 8.000/mês,1.0,0.0,1.0,0,0,0,0,7000.5
SP,de R$ 8.001/mês a R$ 12.000/mês,0.0,0.0,1.0,0,0,1,0,10000.5
SP,de R$ 30.001/mês a R$ 40.000/mês,0.0,0.0,0.0,0,0,0,0,35000.5
SP,de R$ 12.001/mês a R$ 16.000/mês,1.0,0.0,1.0,0,0,0,0,14000.5
NI,de R$ 8.001/mês a R$ 12.000/mês,1.0,0.0,1.0,1,0,0,0,10000.5
PR,de R$ 8.001/mês a R$ 12.000/mês,1.0,0.0,0.0,0,0,0,0,10000.5
RJ,de R$ 12.001/mês a R$ 16.000/mês,1.0,0.0,1.0,1,0,0,0,14000.5
SP,de R$ 6.001/mês a R$ 8.000/mês,0.0,1.0,0.0,0,0,0,0,7000.5
SC,de R$ 8.001/mês a R$ 12.000/mês,1.0,0.0,1.0,0,0,0,0,10000.5
SC,de R$ 16.001/mês a R$ 20.000/mês,0.0,0.0,0.0,0,0,0,0,18000.5
SP,de R$ 4.001/mês a R$ 6.000/mês,0.0,1.0,0.0,1,0,0,0,5000.5
SP,de R$ 8.001/mês a R$ 12.000/mês,1.0,0.0,1.0,0,0,0,0,10000.5
SP,de R$ 8.001/mês a R$ 12.000/mês,1.0,0.0,1.0,1,0,0,0,10000.5
PE,Não informado,0.0,0.0,0.0,0,0,0,0,10576.036405723906
SP,de R$ 8.001/mês a R$ 12.000/mês,1.0,0.0,1.0,0,0,0,0,10000.5
MS,de R$ 25.001/mês a R$ 30.000/mês,0.0,0.0,0.0,0,0,0,0,27500.5
DF,de R$ 8.001/mês a R$ 12.000/mês,0.0,1.0,0.0,0,0,0,0,10000.5
MG,de R$ 8.001/mês a R$ 12.000/mês,1.0,0.0,1.0,0,0,0,0,10000.5
SC,de R$ 6.001/mês a R$ 8.000/mês,1.0,0.0,0.0,0,1,1,0,7000.5
RS,de R$ 4.001/mês a R$ 6.000/mês,1.0,0.0,1.0,1,0,0,0,5000.5
PR,de R$ 4.001/mês a R$ 6.000/mês,1.0,0.0,1.0,0,0,0,0,5000.5
RJ,de R$ 6.001/mês a R$ 8.000/mês,1.0,0.0,1.0,0,0,0,0,7000.5
SP,de R$ 16.001/mês a R$ 20.000/mês,0.0,0.0,0.0,0,0,0,0,18000.5
SP,de R$ 16.001/mês a R$ 20.000/mês,1.0,0.0,1.0,1,0,0,0,18000.5
ES,Não informado,0.0,0.0,0.0,0,0,0,0,10576.036405723906
PR,de R$ 8.001/mês a R$ 12.000/mês,1.0,0.0,1.0,1,0,0,0,10000.5
SE,Não informado,0.0,0.0,0.0,0,0,0,0,10576.036405723906
SP,de R$ 3.001/mês a R$ 4.000/mês,0.0,1.0,0.0,0,0,1,0,3500.5
PI,de R$ 1.001/mês a R$ 2.000/mês,1.0,0.0,1.0,0,1,1,0,1500.5
RS,de R$ 8.001/mês a R$ 12.000/mês,1.0,0.0,0.0,0,0,0,0,10000.5
RJ,de R$ 12.001/mês a R$ 16.000/mês,1.0,0.0,1.0,1,1,1,0,14000.5
BA,Não informado,0.0,0.0,0.0,0,0,0,0,10576.036405723906
RJ,de R$ 3.001/mês a R$ 4.000/mês,1.0,0.0,1.0,0,0,0,0,3500.5
DF,de R$ 12.001/mês a R$ 16.000/mês,1.0,0.0,1.0,1,0,0,0,14000.5
RJ,de R$ 2.001/mês a R$ 3.000/mês,1.0,0.0,1.0,0,0,0,0,2500.5
SP,de R$ 30.001/mês a R$ 40.000/mês,0.0,0.0,0.0,0,0,0,0,35000.5
PR,de R$ 8.001/mês a R$ 12.000/mês,1.0,0.0,1.0,0,0,0,0,10000.5
MG,de R$ 8.001/mês a R$ 12.000/mês,1.0,0.0,1.0,1,0,0,0,10000.5
SP,de R$ 8.001/mês a R$ 12.000/mês,0.0,0.0,0.0,0,0,0,0,10000.5
RS,de R$ 3.001/mês a R$ 4.000/mês,1.0,0.0,1.0,0,0,0,0,3500.5
RJ,de R$ 20.001/mês a R$ 25.000/mês,0.0,0.0,0.0,0,0,0,0,22500.5
DF,de R$ 6.001/mês a R$ 8.000/mês,1.0,0.0,1.0,1,0,0,0,7000.5
SP,Não informado,0.0,0.0,0.0,0,0,0,0,10576.036405723906
SP,Não informado,0.0,0.0,0.0,0,0,0,0,10576.036405723906
MG,de R$ 6.001/mês a R$ 8.000/mês,1.0,0.0,0.0,0,0,0,0,7000.5
PR,de R$ 3.001/mês a R$ 4.000/mês,1.0,0.0,1.0,0,0,0,0,3500.5
PB,de R$ 6.001/mês a R$ 8.000/mês,1.0,0.0,1.0,0,0,0,0,7000.5
SC,de R$ 8.001/mês a R$ 12.000/mês,0.0,0.0,0.0,0,0,0,0,10000.5
SP,de R$ 2.001/mês a R$ 3.000/mês,0.0,1.0,0.0,0,0,0,0,2500.5
SP,de R$ 12.001/mês a R$ 16.000/mês,1.0,0.0,1.0,0,0,0,0,14000.5
RJ,de R$ 16.001/mês a R$ 20.000/mês,1.0,0.0,1.0,1,0,0,0,18000.5
SP,de R$ 4.001/mês a R$ 6.000/mês,1.0,0.0,0.0,0,0,0,0,5000.5
SP,de R$ 6.001/mês a R$ 8.000/mês,1.0,0.0,1.0,0,0,0,0,7000.5
SP,de R$ 1.001/mês a R$ 2.000/mês,1.0,0.0,1.0,0,0,0,0,1500.5
PB,de R$ 8.001/mês a R$ 12.000/mês,1.0,0.0,1.0,0,0,0,0,10000.5
PR,de R$ 4.001/mês a R$ 6.000/mês,1.0,0.0,0.0,0,0,0,0,5000.5
NI,de R$ 8.001/mês a R$ 12.000/mês,1.0,0.0,1.0,0,0,1,0,10000.5
SP,de R$ 12.001/mês a R$ 16.000/mês,1.0,0.0,1.0,0,0,0,0,14000.5
ES,de R$ 12.001/mês a R$ 16.000/mês,1.0,0.0,1.0,0,0,0,0,14000.5
RJ,de R$ 20.001/mês a R$ 25.000/mês,0.0,0.0,0.0,0,0,0,0,22500.5
SP,Não informado,0.0,0.0,0.0,0,0,0,0,10576.036405723906
RS,de R$ 8.001/mês a R$ 12.000/mês,0.0,0.0,0.0,0,0,0,0,10000.5
SC,de R$ 4.001/mês a R$ 6.000/mês,1.0,0.0,0.0,0,1,1,0,5000.5
SP,de R$ 12.001/mês a R$ 16.000/mês,1.0,0.0,1.0,1,0,0,0,14000.5
SP,de R$ 12.001/mês a R$ 16.000/mês,0.0,0.0,0.0,0,0,0,0,14000.5
RN,de R$ 2.001/mês a R$ 3.000/mês,1.0,0.0,1.0,0,0,0,0,2500.5
SP,de R$ 8.001/mês a R$ 12.000/mês,1.0,0.0,1.0,1,0,0,0,10000.5
SP,de R$ 12.001/mês a R$ 16.000/mês,0.0,0.0,0.0,0,0,0,0,14000.5
SP,de R$ 6.001/mês a R$ 8.000/mês,1.0,0.0,1.0,0,0,0,0,7000.5
PR,de R$ 4.001/mês a R$ 6.000/mês,0.0,0.0,1.0,1,0,0,0,5000.5
SP,de R$ 3.001/mês a R$ 4.000/mês,1.0,0.0,1.0,0,0,1,0,3500.5
MG,de R$ 16.001/mês a R$ 20.000/mês,0.0,0.0,0.0,0,0,0,0,18000.5
SP,de R$ 20.001/mês a R$ 25.000/mês,0.0,0.0,0.0,0,0,0,0,22500.5
SP,de R$ 8.001/mês a R$ 12.000/mês,1.0,0.0,1.0,1,1,1,0,10000.5
RJ,de R$ 4.001/mês a R$ 6.000/mês,1.0,0.0,1.0,0,0,0,0,5000.5
MG,de R$ 30.001/mês a R$ 40.000/mês,0.0,0.0,0.0,0,0,0,0,35000.5
MG,de R$ 20.001/mês a R$ 25.000/mês,1.0,0.0,1.0,0,1,1,1,22500.5
SP,de R$ 16.001/mês a R$ 20.000/mês,1.0,0.0,1.0,0,0,0,0,18000.5
SP,de R$ 1.001/mês a R$ 2.000/mês,1.0,0.0,1.0,1,0,0,0,1500.5
RJ,de R$ 4.001/mês a R$ 6.000/mês,1.0,0.0,1.0,0,0,0,0,5000.5
SP,de R$ 12.001/mês a R$ 16.000/mês,1.0,0.0,1.0,0,1,1,0,14000.5
SP,de R$ 8.001/mês a R$ 12.000/mês,1.0,0.0,1.0,0,0,0,0,10000.5
RS,de R$ 8.001/mês a R$ 12.000/mês,1.0,0.0,1.0,0,0,0,0,10000.5
SP,de R$ 6.001/mês a R$ 8.000/mês,0.0,0.0,1.0,0,0,1,0,7000.5
SE,de R$ 2.001/mês a R$ 3.000/mês,1.0,0.0,0.0,0,0,0,0,2500.5
SP,de R$ 8.001/mês a R$ 12.000/mês,1.0,0.0,1.0,0,1,1,0,10000.5
SP,Não informado,0.0,0.0,0.0,0,0,0,0,10576.036405723906
RS,de R$ 4.001/mês a R$ 6.000/mês,1.0,0.0,1.0,0,0,0,0,5000.5
SP,de R$ 16.001/mês a R$ 20.000/mês,1.0,0.0,1.0,1,0,0,0,18000.5
BA,Acima de R$ 40.001/mês,1.0,0.0,1.0,0,0,0,0,50000.0
RJ,de R$ 3.001/mês a R$ 4.000/mês,1.0,0.0,0.0,0,0,1,0,3500.5
CE,de R$ 6.001/mês a R$ 8.000/mês,1.0,0.0,1.0,0,0,0,0,7000.5
SP,de R$ 12.001/mês a R$ 16.000/mês,0.0,0.0,0.0,0,0,0,0,14000.5
GO,de R$ 6.001/mês a R$ 8.000/mês,0.0,1.0,0.0,0,0,0,0,7000.5
SP,de R$ 1.001/mês a R$ 2.000/mês,0.0,1.0,0.0,0,0,0,0,1500.5
PA,de R$ 4.001/mês a R$ 6.000/mês,1.0,0.0,1.0,0,0,0,0,5000.5
SC,de R$ 8.001/mês a R$ 12.000/mês,1.0,0.0,1.0,0,0,0,0,10000.5
SP,de R$ 20.001/mês a R$ 25.000/mês,0.0,0.0,0.0,0,0,0,0,22500.5
MG,de R$ 16.001/mês a R$ 20.000/mês,0.0,0.0,0.0,0,0,0,0,18000.5
BA,de R$ 4.001/mês a R$ 6.000/mês,1.0,0.0,1.0,0,0,0,0,5000.5
SP,de R$ 12.001/mês a R$ 16.000/mês,0.0,0.0,0.0,0,0,0,0,14000.5
SP,de R$ 20.001/mês a R$ 25.000/mês,0.0,0.0,1.0,0,0,0,0,22500.5
DF,de R$ 12.001/mês a R$ 16.000/mês,1.0,0.0,0.0,0,0,0,0,14000.5
MG,de R$ 3.001/mês a R$ 4.000/mês,1.0,0.0,1.0,0,0,0,0,3500.5
SP,de R$ 20.001/mês a R$ 25.000/mês,1.0,0.0,1.0,0,0,0,0,22500.5
SP,de R$ 8.001/mês a R$ 12.000/mês,1.0,0.0,1.0,0,0,0,0,10000.5
PE,Não informado,0.0,0.0,0.0,0,0,0,0,10576.036405723906
GO,de R$ 3.001/mês a R$ 4.000/mês,1.0,0.0,1.0,0,0,0,0,3500.5
PR,de R$ 8.001/mês a R$ 12.000/mês,1.0,0.0,1.0,0,0,0,0,10000.5
ES,de R$ 30.001/mês a R$ 40.000/mês,0.0,0.0,0.0,0,0,0,0,35000.5
RS,de R$ 20.001/mês a R$ 25.000/mês,1.0,0.0,1.0,1,0,0,1,22500.5
SP,de R$ 12.001/mês a R$ 16.000/mês,0.0,0.0,0.0,0,0,0,0,14000.5
SP,de R$ 4.001/mês a R$ 6.000/mês,1.0,0.0,1.0,0,0,0,0,5000.5
PB,de R$ 6.001/mês a R$ 8.000/mês,1.0,0.0,1.0,0,0,0,0,7000.5
SP,de R$ 8.001/mês a R$ 12.000/mês,1.0,0.0,0.0,0,0,0,0,10000.5
SP,de R$ 12.001/mês a R$ 16.000/mês,1.0,0.0,0.0,0,0,0,0,14000.5
BA,de R$ 4.001/mês a R$ 6.000/mês,0.0,0.0,1.0,0,0,0,0,5000.5
SP,de R$ 3.001/mês a R$ 4.000/mês,1.0,0.0,1.0,0,0,0,0,3500.5
SP,de R$ 2.001/mês a R$ 3.000/mês,1.0,0.0,0.0,0,0,0,0,2500.5
MG,Não informado,0.0,0.0,0.0,0,0,0,0,10576.036405723906
SP,Não informado,0.0,0.0,0.0,0,0,0,0,10576.036405723906
SP,de R$ 8.001/mês a R$ 12.000/mês,1.0,0.0,0.0,1,0,0,0,10000.5
RS,de R$ 6.001/mês a R$ 8.000/mês,0.0,0.0,0.0,0,0,0,0,7000.5
SP,de R$ 16.001/mês a R$ 20.000/mês,1.0,0.0,1.0,0,0,0,0,18000.5
RS,de R$ 1.001/mês a R$ 2.000/mês,0.0,0.0,1.0,0,0,1,0,1500.5
MG,de R$ 3.001/mês a R$ 4.000/mês,0.0,0.0,0.0,0,0,0,0,3500.5
PB,de R$ 12.001/mês a R$ 16.000/mês,0.0,0.0,0.0,0,0,0,0,14000.5
SP,de R$ 20.001/mês a R$ 25.000/mês,0.0,0.0,0.0,0,0,0,0,22500.5
PE,de R$ 16.001/mês a R$ 20.000/mês,0.0,0.0,0.0,0,0,0,0,18000.5
SP,Não informado,0.0,0.0,0.0,0,0,0,0,10576.036405723906
SP,Não informado,0.0,0.0,0.0,0,0,0,0,10576.036405723906
RJ,Não informado,0.0,0.0,0.0,0,0,0,0,10576.036405723906
RS,de R$ 1.001/mês a R$ 2.000/mês,1.0,0.0,1.0,0,0,0,0,1500.5
PR,de R$ 3.001/mês a R$ 4.000/mês,1.0,0.0,1.0,0,0,0,0,3500.5
SP,de R$ 4.001/mês a R$ 6.000/mês,0.0,1.0,0.0,0,0,0,0,5000.5
CE,de R$ 16.001/mês a R$ 20.000/mês,1.0,0.0,1.0,0,0,0,0,18000.5
MT,de R$ 3.001/mês a R$ 4.000/mês,1.0,0.0,1.0,0,0,0,0,3500.5
PR,de R$ 4.001/mês a R$ 6.000/mês,1.0,0.0,1.0,0,0,0,0,5000.5
MT,de R$ 16.001/mês a R$ 20.000/mês,0.0,0.0,0.0,0,0,0,0,18000.5
RJ,de R$ 1.001/mês a R$ 2.000/mês,1.0,0.0,0.0,0,0,0,0,1500.5
RJ,Menos de R$ 1.000/mês,1.0,0.0,1.0,0,0,0,0,500.0
SP,de R$ 12.001/mês a R$ 16.000/mês,1.0,0.0,1.0,0,0,0,0,14000.5
SP,de R$ 8.001/mês a R$ 12.000/mês,1.0,0.0,0.0,1,0,0,0,10000.5
CE,de R$ 16.001/mês a R$ 20.000/mês,0.0,0.0,0.0,0,0,0,0,18000.5
RJ,de R$ 4.001/mês a R$ 6.000/mês,1.0,0.0,0.0,0,0,0,0,5000.5
RJ,de R$ 12.001/mês a R$ 16.000/mês,1.0,0.0,1.0,0,0,0,0,14000.5
PR,de R$ 16.001/mês a R$ 20.000/mês,1.0,0.0,1.0,0,0,0,0,18000.5
CE,de R$ 6.001/mês a R$ 8.000/mês,1.0,0.0,1.0,1,1,1,0,7000.5
MS,de R$ 3.001/mês a R$ 4.000/mês,0.0,0.0,0.0,0,0,0,0,3500.5
SP,de R$ 12.001/mês a R$ 16.000/mês,1.0,0.0,1.0,1,0,0,0,14000.5
SP,de R$ 4.001/mês a R$ 6.000/mês,1.0,0.0,1.0,0,0,0,0,5000.5
GO,de R$ 6.001/mês a R$ 8.000/mês,0.0,0.0,0.0,0,0,0,0,7000.5
RS,Não informado,0.0,0.0,0.0,0,0,0,0,10576.036405723906
SC,de R$ 12.001/mês a R$ 16.000/mês,1.0,0.0,0.0,0,0,0,0,14000.5
SP,de R$ 12.001/mês a R$ 16.000/mês,0.0,0.0,0.0,0,0,0,0,14000.5
RJ,de R$ 3.001/mês a R$ 4.000/mês,0.0,0.0,0.0,0,0,0,0,3500.5
SP,de R$ 8.001/mês a R$ 12.000/mês,1.0,0.0,1.0,0,0,0,0,10000.5
SE,de R$ 8.001/mês a R$ 12.000/mês,1.0,0.0,1.0,0,0,0,0,10000.5
NI,Não informado,0.0,0.0,0.0,0,0,0,0,10576.036405723906
PR,de R$ 1.001/mês a R$ 2.000/mês,0.0,1.0,0.0,0,0,0,0,1500.5
PI,de R$ 1.001/mês a R$ 2.000/mês,0.0,0.0,1.0,0,0,0,0,1500.5
SC,de R$ 3.001/mês a R$ 4.000/mês,0.0,0.0,1.0,0,0,0,0,3500.5
SP,de R$ 4.001/mês a R$ 6.000/mês,1.0,0.0,1.0,0,0,1,0,5000.5
SP,Não informado,0.0,0.0,0.0,0,0,0,0,10576.036405723906
SP,de R$ 30.001/mês a R$ 40.000/mês,0.0,0.0,0.0,0,0,0,0,35000.5
AM,de R$ 3.001/mês a R$ 4.000/mês,1.0,0.0,1.0,0,0,0,0,3500.5
RJ,de R$ 8.001/mês a R$ 12.000/mês,0.0,0.0,0.0,0,0,0,0,10000.5
PR,de R$ 4.001/mês a R$ 6.000/mês,1.0,0.0,1.0,0,0,0,0,5000.5
MG,de R$ 16.001/mês a R$ 20.000/mês,0.0,0.0,0.0,0,0,0,0,18000.5
DF,de R$ 6.001/mês a R$ 8.000/mês,1.0,0.0,1.0,0,1,1,0,7000.5
PR,de R$ 3.001/mês a R$ 4.000/mês,1.0,0.0,0.0,0,0,0,0,3500.5
BA,de R$ 12.001/mês a R$ 16.000/mês,0.0,0.0,0.0,0,0,0,0,14000.5
NI,de R$ 8.001/mês a R$ 12.000/mês,1.0,0.0,1.0,0,0,0,0,10000.5
SP,de R$ 4.001/mês a R$ 6.000/mês,0.0,0.0,0.0,1,0,1,0,5000.5
RS,Não informado,0.0,0.0,0.0,0,0,0,0,10576.036405723906
SP,de R$ 8.001/mês a R$ 12.000/mês,1.0,0.0,1.0,1,0,0,0,10000.5
MG,de R$ 4.001/mês a R$ 6.000/mês,1.0,0.0,1.0,0,0,0,0,5000.5
PR,de R$ 2.001/mês a R$ 3.000/mês,1.0,0.0,1.0,0,0,0,0,2500.5
MG,de R$ 6.001/mês a R$ 8.000/mês,1.0,0.0,1.0,0,0,0,0,7000.5
PR,de R$ 1.001/mês a R$ 2.000/mês,0.0,0.0,0.0,0,0,0,0,1500.5
SP,de R$ 6.001/mês a R$ 8.000/mês,1.0,0.0,1.0,0,0,0,0,7000.5
SP,Não informado,0.0,0.0,0.0,0,0,0,0,10576.036405723906
SP,de R$ 12.001/mês a R$ 16.000/mês,0.0,0.0,0.0,0,0,0,0,14000.5
CE,de R$ 4.001/mês a R$ 6.000/mês,1.0,0.0,1.0,0,0,0,0,5000.5
RJ,de R$ 12.001/mês a R$ 16.000/mês,1.0,0.0,1.0,0,0,0,0,14000.5
PR,de R$ 20.001/mês a R$ 25.000/mês,1.0,0.0,1.0,0,0,0,0,22500.5
MS,de R$ 8.001/mês a R$ 12.000/mês,0.0,0.0,0.0,0,0,0,0,10000.5
RS,de R$ 6.001/mês a R$ 8.000/mês,1.0,0.0,0.0,0,0,0,0,7000.5
MG,de R$ 12.001/mês a R$ 16.000/mês,1.0,0.0,1.0,0,0,0,0,14000.5
CE,de R$ 12.001/mês a R$ 16.000/mês,0.0,0.0,0.0,0,0,0,0,14000.5
PR,de R$ 20.001/mês a R$ 25.000/mês,1.0,0.0,1.0,0,0,0,0,22500.5
SC,de R$ 8.001/mês a R$ 12.000/mês,1.0,0.0,1.0,0,0,0,0,10000.5
SP,de R$ 12.001/mês a R$ 16.000/mês,1.0,0.0,1.0,0,0,0,0,14000.5
RJ,Não informado,0.0,0.0,0.0,0,0,0,0,10576.036405723906
SP,de R$ 2.001/mês a R$ 3.000/mês,1.0,0.0,0.0,0,0,0,0,2500.5
RN,de R$ 3.001/mês a R$ 4.000/mês,0.0,1.0,0.0,0,0,0,0,3500.5
SP,de R$ 12.001/mês a R$ 16.000/mês,1.0,0.0,1.0,0,0,1,0,14000.5
MG,de R$ 8.001/mês a R$ 12.000/mês,0.0,0.0,0.0,0,0,0,0,10000.5
RS,de R$ 6.001/mês a R$ 8.000/mês,0.0,0.0,0.0,0,0,0,0,7000.5
CE,de R$ 3.001/mês a R$ 4.000/mês,1.0,0.0,1.0,1,0,0,0,3500.5
SP,de R$ 12.001/mês a R$ 16.000/mês,1.0,0.0,1.0,0,1,1,0,14000.5
SP,de R$ 6.001/mês a R$ 8.000/mês,0.0,0.0,0.0,0,0,0,0,7000.5
PR,de R$ 4.001/mês a R$ 6.000/mês,1.0,0.0,1.0,0,0,0,0,5000.5
MG,de R$ 8.001/mês a R$ 12.000/mês,1.0,0.0,1.0,0,0,0,0,10000.5
RS,de R$ 6.001/mês a R$ 8.000/mês,1.0,0.0,1.0,0,0,0,0,7000.5
SP,Não informado,0.0,0.0,0.0,0,0,0,0,10576.036405723906
RJ,de R$ 3.001/mês a R$ 4.000/mês,0.0,1.0,0.0,0,0,0,0,3500.5
PE,de R$ 6.001/mês a R$ 8.000/mês,1.0,0.0,1.0,0,0,0,0,7000.5
SP,de R$ 4.001/mês a R$ 6.000/mês,1.0,0.0,1.0,0,0,1,0,5000.5
MG,de R$ 8.001/mês a R$ 12.000/mês,0.0,0.0,0.0,0,0,0,0,10000.5
DF,de R$ 12.001/mês a R$ 16.000/mês,0.0,0.0,0.0,0,0,0,0,14000.5
SP,de R$ 1.001/mês a R$ 2.000/mês,1.0,0.0,1.0,0,0,1,0,1500.5
SC,de R$ 4.001/mês a R$ 6.000/mês,1.0,0.0,1.0,0,0,0,0,5000.5
PE,de R$ 6.001/mês a R$ 8.000/mês,0.0,0.0,1.0,1,0,0,0,7000.5
MG,de R$ 1.001/mês a R$ 2.000/mês,1.0,0.0,1.0,0,0,0,0,1500.5
AM,de R$ 6.001/mês a R$ 8.000/mês,1.0,0.0,1.0,1,0,0,0,7000.5
SP,de R$ 16.001/mês a R$ 20.000/mês,0.0,0.0,0.0,0,0,0,0,18000.5
MG,de R$ 20.001/mês a R$ 25.000/mês,0.0,0.0,0.0,0,0,0,0,22500.5
SP,de R$ 25.001/mês a R$ 30.000/mês,0.0,0.0,0.0,0,0,0,0,27500.5
GO,Não informado,0.0,0.0,0.0,0,0,0,0,10576.036405723906
SP,de R$ 20.001/mês a R$ 25.000/mês,0.0,0.0,0.0,0,0,0,0,22500.5
SP,de R$ 4.001/mês a R$ 6.000/mês,0.0,0.0,1.0,0,0,0,0,5000.5
MG,de R$ 6.001/mês a R$ 8.000/mês,1.0,0.0,1.0,0,0,0,0,7000.5
RJ,de R$ 20.001/mês a R$ 25.000/mês,0.0,0.0,0.0,0,0,0,0,22500.5
PI,de R$ 8.001/mês a R$ 12.000/mês,1.0,0.0,0.0,0,0,0,0,10000.5
CE,de R$ 4.001/mês a R$ 6.000/mês,1.0,0.0,1.0,0,0,0,0,5000.5
SP,de R$ 6.001/mês a R$ 8.000/mês,1.0,0.0,0.0,0,0,0,0,7000.5
SP,de R$ 20.001/mês a R$ 25.000/mês,1.0,0.0,1.0,0,0,0,0,22500.5
SP,Não informado,0.0,0.0,0.0,0,0,0,0,10576.036405723906
RS,de R$ 6.001/mês a R$ 8.000/mês,1.0,0.0,1.0,1,0,0,0,7000.5
RS,de R$ 2.001/mês a R$ 3.000/mês,0.0,0.0,0.0,0,0,0,0,2500.5
NI,de R$ 20.001/mês a R$ 25.000/mês,1.0,0.0,1.0,1,0,0,0,22500.5
SP,de R$ 4.001/mês a R$ 6.000/mês,1.0,0.0,1.0,0,0,0,0,5000.5
PR,de R$ 2.001/mês a R$ 3.000/mês,1.0,0.0,1.0,0,0,0,0,2500.5
DF,Não informado,0.0,0.0,0.0,0,0,0,0,10576.036405723906
SP,de R$ 12.001/mês a R$ 16.000/mês,1.0,0.0,1.0,0,0,0,0,14000.5
MG,de R$ 12.001/mês a R$ 16.000/mês,0.0,0.0,0.0,0,0,0,0,14000.5
SP,Não informado,0.0,0.0,0.0,0,0,0,0,10576.036405723906
NI,de R$ 8.001/mês a R$ 12.000/mês,0.0,0.0,0.0,0,0,0,0,10000.5
SP,de R$ 4.001/mês a R$ 6.000/mês,1.0,0.0,0.0,0,0,0,0,5000.5
GO,de R$ 16.001/mês a R$ 20.000/mês,1.0,0.0,1.0,0,0,0,0,18000.5
SP,de R$ 3.001/mês a R$ 4.000/mês,0.0,0.0,0.0,0,0,0,0,3500.5
SP,Menos de R$ 1.000/mês,0.0,1.0,0.0,0,0,0,0,500.0
SP,de R$ 1.001/mês a R$ 2.000/mês,0.0,1.0,0.0,0,0,0,0,1500.5
PR,de R$ 16.001/mês a R$ 20.000/mês,1.0,0.0,0.0,1,0,0,0,18000.5
SP,de R$ 16.001/mês a R$ 20.000/mês,0.0,0.0,0.0,0,0,0,0,18000.5
MT,Não informado,0.0,0.0,0.0,0,0,0,0,10576.036405723906
MG,de R$ 12.001/mês a R$ 16.000/mês,1.0,0.0,1.0,0,0,0,0,14000.5
RJ,Não informado,0.0,0.0,0.0,0,0,0,0,10576.036405723906
MG,de R$ 8.001/mês a R$ 12.000/mês,1.0,0.0,1.0,0,0,0,0,10000.5
MG,de R$ 1.001/mês a R$ 2.000/mês,1.0,0.0,1.0,1,0,0,0,1500.5
SP,de R$ 12.001/mês a R$ 16.000/mês,1.0,0.0,1.0,0,0,0,0,14000.5
SP,de R$ 6.001/mês a R$ 8.000/mês,1.0,0.0,0.0,0,0,0,0,7000.5
SP,de R$ 8.001/mês a R$ 12.000/mês,1.0,0.0,1.0,0,0,0,0,10000.5
SP,de R$ 8.001/mês a R$ 12.000/mês,0.0,0.0,0.0,0,0,0,0,10000.5
PR,de R$ 8.001/mês a R$ 12.000/mês,1.0,0.0,1.0,0,0,0,0,10000.5
SP,de R$ 16.001/mês a R$ 20.000/mês,1.0,0.0,1.0,0,0,0,0,18000.5
SP,de R$ 3.001/mês a R$ 4.000/mês,1.0,0.0,1.0,1,0,0,0,3500.5
MG,de R$ 1.001/mês a R$ 2.000/mês,1.0,0.0,0.0,0,0,0,0,1500.5
NI,de R$ 12.001/mês a R$ 16.000/mês,1.0,0.0,1.0,0,0,0,0,14000.5
SP,de R$ 12.001/mês a R$ 16.000/mês,0.0,0.0,0.0,0,0,0,0,14000.5
MG,de R$ 3.001/mês a R$ 4.000/mês,1.0,0.0,0.0,0,0,0,0,3500.5
RJ,de R$ 12.001/mês a R$ 16.000/mês,1.0,0.0,1.0,0,0,0,0,14000.5
SP,de R$ 4.001/mês a R$ 6.000/mês,1.0,0.0,1.0,0,0,0,0,5000.5
RS,Não informado,0.0,0.0,0.0,0,0,0,0,10576.036405723906
DF,de R$ 16.001/mês a R$ 20.000/mês,0.0,0.0,0.0,0,0,0,0,18000.5
SP,Acima de R$ 40.001/mês,0.0,0.0,0.0,0,0,0,0,50000.0
MG,de R$ 4.001/mês a R$ 6.000/mês,1.0,0.0,1.0,0,0,0,0,5000.5
PB,de R$ 8.001/mês a R$ 12.000/mês,1.0,0.0,1.0,0,0,0,0,10000.5
MG,Não informado,0.0,0.0,0.0,0,0,0,0,10576.036405723906
SP,de R$ 8.001/mês a R$ 12.000/mês,1.0,0.0,1.0,1,0,0,0,10000.5
PR,de R$ 4.001/mês a R$ 6.000/mês,1.0,0.0,0.0,0,1,1,0,5000.5
RS,de R$ 4.001/mês a R$ 6.000/mês,1.0,0.0,1.0,0,0,0,0,5000.5
SP,de R$ 3.001/mês a R$ 4.000/mês,1.0,0.0,1.0,0,0,0,1,3500.5
RJ,de R$ 16.001/mês a R$ 20.000/mês,0.0,0.0,0.0,0,0,0,0,18000.5
SP,de R$ 3.001/mês a R$ 4.000/mês,1.0,0.0,0.0,0,0,1,0,3500.5
SP,de R$ 30.001/mês a R$ 40.000/mês,0.0,0.0,0.0,0,0,0,0,35000.5
SP,de R$ 8.001/mês a R$ 12.000/mês,1.0,0.0,1.0,0,0,0,0,10000.5
RS,de R$ 2.001/mês a R$ 3.000/mês,1.0,0.0,0.0,0,0,0,0,2500.5
SP,Não informado,0.0,0.0,0.0,0,0,0,0,10576.036405723906
RS,de R$ 12.001/mês a R$ 16.000/mês,0.0,0.0,1.0,1,1,1,0,14000.5
SP,de R$ 4.001/mês a R$ 6.000/mês,1.0,0.0,1.0,0,0,0,0,5000.5
SP,de R$ 12.001/mês a R$ 16.000/mês,1.0,0.0,1.0,1,0,1,1,14000.5
SP,de R$ 20.001/mês a R$ 25.000/mês,1.0,0.0,1.0,0,0,0,0,22500.5
DF,de R$ 6.001/mês a R$ 8.000/mês,1.0,0.0,1.0,0,0,0,0,7000.5
ES,de R$ 8.001/mês a R$ 12.000/mês,0.0,1.0,0.0,0,0,0,0,10000.5
SP,de R$ 1.001/mês a R$ 2.000/mês,1.0,0.0,1.0,0,0,0,0,1500.5
MG,de R$ 3.001/mês a R$ 4.000/mês,1.0,0.0,1.0,0,1,1,0,3500.5
RJ,de R$ 30.001/mês a R$ 40.000/mês,0.0,0.0,0.0,0,0,0,0,35000.5
SP,de R$ 12.001/mês a R$ 16.000/mês,1.0,0.0,1.0,0,0,0,0,14000.5
SC,de R$ 4.001/mês a R$ 6.000/mês,1.0,0.0,1.0,0,0,1,0,5000.5
SP,Não informado,0.0,0.0,0.0,0,0,0,0,10576.036405723906
SP,de R$ 25.001/mês a R$ 30.000/mês,1.0,0.0,0.0,0,0,1,0,27500.5
MG,de R$ 12.001/mês a R$ 16.000/mês,1.0,0.0,0.0,0,0,0,0,14000.5
SP,de R$ 20.001/mês a R$ 25.000/mês,0.0,0.0,0.0,0,0,0,0,22500.5
PE,de R$ 4.001/mês a R$ 6.000/mês,1.0,0.0,0.0,0,0,0,0,5000.5
SC,de R$ 4.001/mês a R$ 6.000/mês,0.0,1.0,0.0,0,0,0,0,5000.5
DF,de R$ 12.001/mês a R$ 16.000/mês,1.0,0.0,0.0,1,0,0,0,14000.5
RJ,de R$ 2.001/mês a R$ 3.000/mês,1.0,0.0,0.0,0,0,0,0,2500.5
RJ,de R$ 6.001/mês a R$ 8.000/mês,1.0,0.0,1.0,0,0,0,0,7000.5
PR,Não informado,0.0,0.0,0.0,0,0,0,0,10576.036405723906
PR,de R$ 3.001/mês a R$ 4.000/mês,1.0,0.0,0.0,0,0,0,0,3500.5
MG,Não informado,0.0,0.0,0.0,0,0,0,0,10576.036405723906
MA,de R$ 6.001/mês a R$ 8.000/mês,1.0,0.0,0.0,0,0,0,0,7000.5
RS,de R$ 2.001/mês a R$ 3.000/mês,1.0,0.0,1.0,0,0,0,0,2500.5
RS,de R$ 12.001/mês a R$ 16.000/mês,1.0,0.0,1.0,0,0,1,0,14000.5
SP,de R$ 16.001/mês a R$ 20.000/mês,0.0,0.0,0.0,0,0,0,0,18000.5
RJ,de R$ 20.001/mês a R$ 25.000/mês,0.0,0.0,1.0,0,0,0,0,22500.5
BA,de R$ 6.001/mês a R$ 8.000/mês,1.0,0.0,1.0,0,1,1,0,7000.5
SP,de R$ 12.001/mês a R$ 16.000/mês,0.0,0.0,1.0,0,0,0,0,14000.5
SP,de R$ 6.001/mês a R$ 8.000/mês,0.0,0.0,1.0,1,0,0,0,7000.5
SC,de R$ 6.001/mês a R$ 8.000/mês,1.0,0.0,1.0,0,0,0,0,7000.5
MG,de R$ 16.001/mês a R$ 20.000/mês,0.0,0.0,0.0,0,0,0,0,18000.5
MT,de R$ 4.001/mês a R$ 6.000/mês,1.0,0.0,0.0,0,0,0,0,5000.5
PR,de R$ 8.001/mês a R$ 12.000/mês,1.0,0.0,1.0,0,0,0,0,10000.5
MG,de R$ 3.001/mês a R$ 4.000/mês,1.0,0.0,1.0,0,0,1,0,3500.5
RJ,de R$ 2.001/mês a R$ 3.000/mês,0.0,0.0,1.0,0,0,0,0,2500.5
ES,de R$ 4.001/mês a R$ 6.000/mês,1.0,0.0,1.0,0,0,1,0,5000.5
SP,de R$ 6.001/mês a R$ 8.000/mês,1.0,0.0,1.0,0,0,0,0,7000.5
SP,Acima de R$ 40.001/mês,0.0,0.0,0.0,0,0,0,0,50000.0
SP,Não informado,0.0,0.0,0.0,0,0,0,0,10576.036405723906
SP,de R$ 6.001/mês a R$ 8.000/mês,1.0,0.0,1.0,0,0,0,0,7000.5
SP,de R$ 4.001/mês a R$ 6.000/mês,1.0,1.0,0.0,0,0,0,0,5000.5
SP,de R$ 6.001/mês a R$ 8.000/mês,1.0,0.0,1.0,1,0,0,0,7000.5
MG,de R$ 8.001/mês a R$ 12.000/mês,1.0,0.0,1.0,0,0,0,0,10000.5
NI,de R$ 20.001/mês a R$ 25.000/mês,0.0,0.0,1.0,0,0,0,0,22500.5
SP,de R$ 8.001/mês a R$ 12.000/mês,1.0,0.0,1.0,1,0,0,0,10000.5
SP,de R$ 3.001/mês a R$ 4.000/mês,1.0,0.0,0.0,0,0,1,0,3500.5
PE,Não informado,0.0,0.0,0.0,0,0,0,0,10576.036405723906
NI,Não informado,0.0,0.0,0.0,0,0,0,0,10576.036405723906
PR,de R$ 8.001/mês a R$ 12.000/mês,0.0,0.0,0.0,0,0,0,0,10000.5
RN,Não informado,0.0,0.0,0.0,0,0,0,0,10576.036405723906
SP,de R$ 6.001/mês a R$ 8.000/mês,0.0,0.0,0.0,0,0,0,0,7000.5
MG,de R$ 6.001/mês a R$ 8.000/mês,1.0,0.0,1.0,1,0,0,0,7000.5
CE,de R$ 6.001/mês a R$ 8.000/mês,1.0,0.0,1.0,1,0,0,0,7000.5
PE,de R$ 4.001/mês a R$ 6.000/mês,1.0,0.0,1.0,0,0,0,0,5000.5
SP,de R$ 4.001/mês a R$ 6.000/mês,1.0,0.0,0.0,0,1,1,0,5000.5
SP,de R$ 6.001/mês a R$ 8.000/mês,1.0,0.0,1.0,0,0,0,0,7000.5
BA,de R$ 8.001/mês a R$ 12.000/mês,0.0,0.0,0.0,0,0,0,0,10000.5
MG,Não informado,0.0,0.0,0.0,0,0,0,0,10576.036405723906
DF,de R$ 20.001/mês a R$ 25.000/mês,0.0,0.0,0.0,0,0,0,0,22500.5
BA,de R$ 3.001/mês a R$ 4.000/mês,1.0,0.0,1.0,0,0,0,0,3500.5
PR,de R$ 2.001/mês a R$ 3.000/mês,1.0,0.0,1.0,0,0,0,0,2500.5
MG,de R$ 30.001/mês a R$ 40.000/mês,0.0,0.0,0.0,0,0,0,0,35000.5
SP,de R$ 1.001/mês a R$ 2.000/mês,0.0,0.0,1.0,1,0,0,0,1500.5
MG,de R$ 3.001/mês a R$ 4.000/mês,1.0,0.0,1.0,1,0,0,0,3500.5
SP,de R$ 8.001/mês a R$ 12.000/mês,1.0,0.0,1.0,0,0,0,0,10000.5
RJ,de R$ 8.001/mês a R$ 12.000/mês,1.0,0.0,1.0,0,0,0,0,10000.5
PA,de R$ 4.001/mês a R$ 6.000/mês,1.0,0.0,1.0,0,0,0,0,5000.5
SP,de R$ 16.001/mês a R$ 20.000/mês,1.0,0.0,1.0,1,0,0,0,18000.5
SP,de R$ 16.001/mês a R$ 20.000/mês,0.0,0.0,0.0,0,0,0,0,18000.5
SP,de R$ 16.001/mês a R$ 20.000/mês,0.0,0.0,0.0,0,0,0,0,18000.5
DF,de R$ 8.001/mês a R$ 12.000/mês,0.0,1.0,0.0,0,0,0,0,10000.5
MA,de R$ 8.001/mês a R$ 12.000/mês,1.0,0.0,1.0,1,0,0,0,10000.5
RS,de R$ 4.001/mês a R$ 6.000/mês,0.0,1.0,0.0,0,0,0,0,5000.5
AM,Não informado,0.0,0.0,0.0,0,0,0,0,10576.036405723906
RS,de R$ 4.001/mês a R$ 6.000/mês,0.0,0.0,0.0,0,0,0,0,5000.5
SC,de R$ 1.001/mês a R$ 2.000/mês,1.0,0.0,1.0,0,1,1,0,1500.5
SP,de R$ 4.001/mês a R$ 6.000/mês,1.0,0.0,1.0,0,0,0,0,5000.5
CE,de R$ 6.001/mês a R$ 8.000/mês,1.0,0.0,0.0,0,0,0,0,7000.5
SP,de R$ 6.001/mês a R$ 8.000/mês,1.0,0.0,1.0,0,0,0,0,7000.5
SP,de R$ 4.001/mês a R$ 6.000/mês,1.0,0.0,0.0,0,0,0,0,5000.5
PR,de R$ 8.001/mês a R$ 12.000/mês,1.0,0.0,1.0,1,0,0,0,10000.5
PA,Menos de R$ 1.000/mês,0.0,1.0,0.0,0,0,0,0,500.0
MG,de R$ 6.001/mês a R$ 8.000/mês,1.0,0.0,0.0,0,0,0,0,7000.5
ES,de R$ 12.001/mês a R$ 16.000/mês,0.0,0.0,0.0,0,0,0,0,14000.5
SP,de R$ 4.001/mês a R$ 6.000/mês,1.0,0.0,1.0,0,0,0,0,5000.5
SP,de R$ 2.001/mês a R$ 3.000/mês,0.0,1.0,0.0,0,0,0,0,2500.5
SP,de R$ 25.001/mês a R$ 30.000/mês,0.0,0.0,0.0,0,0,0,0,27500.5
SC,de R$ 8.001/mês a R$ 12.000/mês,1.0,0.0,1.0,0,0,0,0,10000.5
SP,de R$ 3.001/mês a R$ 4.000/mês,1.0,0.0,0.0,1,0,0,0,3500.5
SP,Não informado,0.0,0.0,0.0,0,0,0,0,10576.036405723906
RJ,de R$ 8.001/mês a R$ 12.000/mês,0.0,1.0,0.0,0,0,0,0,10000.5
SC,de R$ 30.001/mês a R$ 40.000/mês,0.0,0.0,0.0,0,0,0,0,35000.5
ES,de R$ 4.001/mês a R$ 6.000/mês,1.0,0.0,1.0,0,0,0,0,5000.5
SP,de R$ 12.001/mês a R$ 16.000/mês,1.0,0.0,1.0,0,1,1,0,14000.5
SP,de R$ 16.001/mês a R$ 20.000/mês,0.0,0.0,0.0,0,0,0,0,18000.5
AM,de R$ 4.001/mês a R$ 6.000/mês,0.0,0.0,1.0,0,0,0,0,5000.5
PR,de R$ 3.001/mês a R$ 4.000/mês,0.0,0.0,0.0,0,0,0,0,3500.5
SP,de R$ 1.001/mês a R$ 2.000/mês,1.0,0.0,0.0,0,0,0,0,1500.5
SC,de R$ 16.001/mês a R$ 20.000/mês,0.0,0.0,0.0,0,0,0,0,18000.5
SC,de R$ 3.001/mês a R$ 4.000/mês,1.0,0.0,0.0,0,0,0,0,3500.5
SP,de R$ 12.001/mês a R$ 16.000/mês,1.0,0.0,1.0,0,0,0,0,14000.5
RJ,de R$ 1.001/mês a R$ 2.000/mês,1.0,0.0,1.0,0,0,0,0,1500.5
SP,de R$ 8.001/mês a R$ 12.000/mês,1.0,0.0,1.0,0,1,1,0,10000.5
MG,de R$ 16.001/mês a R$ 20.000/mês,0.0,0.0,0.0,0,0,0,0,18000.5
RJ,de R$ 16.001/mês a R$ 20.000/mês,0.0,0.0,0.0,0,0,0,0,18000.5
MG,de R$ 8.001/mês a R$ 12.000/mês,1.0,0.0,1.0,0,0,1,0,10000.5
CE,de R$ 3.001/mês a R$ 4.000/mês,1.0,0.0,0.0,1,0,0,0,3500.5
SP,de R$ 25.001/mês a R$ 30.000/mês,0.0,0.0,0.0,0,0,0,0,27500.5
SP,Acima de R$ 40.001/mês,0.0,0.0,0.0,0,1,1,0,50000.0
BA,Acima de R$ 40.001/mês,0.0,1.0,0.0,0,0,0,0,50000.0
MS,de R$ 20.001/mês a R$ 25.000/mês,1.0,0.0,1.0,0,0,1,0,22500.5
SP,de R$ 16.001/mês a R$ 20.000/mês,0.0,0.0,0.0,0,0,0,0,18000.5
SP,de R$ 12.001/mês a R$ 16.000/mês,1.0,0.0,1.0,0,0,0,0,14000.5
PA,Não informado,0.0,0.0,0.0,0,0,0,0,10576.036405723906
SP,Não informado,0.0,0.0,0.0,0,0,0,0,10576.036405723906
SP,Não informado,0.0,0.0,0.0,0,0,0,0,10576.036405723906
SP,de R$ 8.001/mês a R$ 12.000/mês,1.0,0.0,1.0,0,1,1,0,10000.5
SP,de R$ 12.001/mês a R$ 16.000/mês,0.0,0.0,1.0,1,0,1,0,14000.5
RS,de R$ 3.001/mês a R$ 4.000/mês,1.0,0.0,0.0,1,0,0,0,3500.5
ES,de R$ 1.001/mês a R$ 2.000/mês,1.0,0.0,0.0,0,0,0,0,1500.5
SP,de R$ 8.001/mês a R$ 12.000/mês,1.0,0.0,1.0,0,0,0,0,10000.5
SP,Não informado,0.0,0.0,0.0,0,0,0,0,10576.036405723906
SP,de R$ 12.001/mês a R$ 16.000/mês,1.0,0.0,1.0,0,0,0,0,14000.5
GO,de R$ 20.001/mês a R$ 25.000/mês,1.0,0.0,0.0,0,0,1,0,22500.5
MG,de R$ 8.001/mês a R$ 12.000/mês,1.0,0.0,1.0,0,0,0,0,10000.5
CE,de R$ 4.001/mês a R$ 6.000/mês,1.0,0.0,1.0,0,0,0,0,5000.5
MG,de R$ 3.001/mês a R$ 4.000/mês,1.0,0.0,0.0,0,0,0,0,3500.5
RJ,de R$ 8.001/mês a R$ 12.000/mês,1.0,0.0,1.0,0,0,0,0,10000.5
SP,de R$ 8.001/mês a R$ 12.000/mês,1.0,0.0,1.0,1,0,0,0,10000.5
RJ,de R$ 4.001/mês a R$ 6.000/mês,1.0,0.0,1.0,0,0,0,0,5000.5
MG,de R$ 8.001/mês a R$ 12.000/mês,1.0,0.0,1.0,0,0,0,0,10000.5
PE,de R$ 1.001/mês a R$ 2.000/mês,0.0,0.0,0.0,0,0,0,0,1500.5
SP,de R$ 12.001/mês a R$ 16.000/mês,0.0,1.0,0.0,0,0,0,0,14000.5
PR,de R$ 1.001/mês a R$ 2.000/mês,1.0,0.0,1.0,0,0,1,0,1500.5
RJ,de R$ 4.001/mês a R$ 6.000/mês,1.0,0.0,0.0,0,0,0,0,5000.5
SP,de R$ 8.001/mês a R$ 12.000/mês,0.0,0.0,0.0,0,0,0,0,10000.5
SP,de R$ 8.001/mês a R$ 12.000/mês,1.0,0.0,1.0,0,0,0,0,10000.5
SP,de R$ 25.001/mês a R$ 30.000/mês,0.0,0.0,0.0,0,0,0,0,27500.5
SP,Não informado,0.0,0.0,0.0,0,0,0,0,10576.036405723906
PR,de R$ 4.001/mês a R$ 6.000/mês,0.0,0.0,1.0,0,0,0,0,5000.5
SP,de R$ 6.001/mês a R$ 8.000/mês,1.0,0.0,1.0,0,0,0,0,7000.5
SP,de R$ 20.001/mês a R$ 25.000/mês,0.0,0.0,1.0,0,0,0,0,22500.5
MG,de R$ 8.001/mês a R$ 12.000/mês,1.0,0.0,1.0,0,1,1,1,10000.5
BA,de R$ 8.001/mês a R$ 12.000/mês,1.0,0.0,1.0,0,0,0,0,10000.5
SP,de R$ 20.001/mês a R$ 25.000/mês,1.0,0.0,1.0,1,0,1,0,22500.5
SP,de R$ 8.001/mês a R$ 12.000/mês,0.0,0.0,1.0,1,0,0,0,10000.5
SP,de R$ 8.001/mês a R$ 12.000/mês,0.0,0.0,0.0,0,0,0,0,10000.5
SP,de R$ 8.001/mês a R$ 12.000/mês,0.0,0.0,0.0,0,0,0,0,10000.5
SP,Não informado,0.0,0.0,0.0,0,0,0,0,10576.036405723906
RS,de R$ 8.001/mês a R$ 12.000/mês,0.0,1.0,0.0,0,0,0,0,10000.5
PR,de R$ 2.001/mês a R$ 3.000/mês,1.0,0.0,0.0,0,0,0,0,2500.5
SP,de R$ 4.001/mês a R$ 6.000/mês,1.0,0.0,0.0,0,1,1,1,5000.5
MG,de R$ 3.001/mês a R$ 4.000/mês,0.0,1.0,0.0,0,0,0,0,3500.5
SP,de R$ 8.001/mês a R$ 12.000/mês,1.0,0.0,0.0,0,0,0,0,10000.5
SP,de R$ 2.001/mês a R$ 3.000/mês,0.0,0.0,1.0,0,0,0,0,2500.5
BA,de R$ 12.001/mês a R$ 16.000/mês,1.0,0.0,1.0,0,0,0,0,14000.5
SP,de R$ 8.001/mês a R$ 12.000/mês,1.0,0.0,0.0,0,0,0,0,10000.5
SP,de R$ 3.001/mês a R$ 4.000/mês,0.0,0.0,1.0,0,0,0,0,3500.5
PR,de R$ 6.001/mês a R$ 8.000/mês,0.0,1.0,0.0,0,0,0,0,7000.5
RJ,de R$ 6.001/mês a R$ 8.000/mês,0.0,0.0,0.0,0,0,0,0,7000.5
SP,de R$ 8.001/mês a R$ 12.000/mês,0.0,0.0,1.0,0,0,0,0,10000.5
PR,de R$ 2.001/mês a R$ 3.000/mês,0.0,0.0,1.0,0,0,0,0,2500.5
RJ,de R$ 6.001/mês a R$ 8.000/mês,1.0,0.0,1.0,0,0,0,0,7000.5
NI,Menos de R$ 1.000/mês,0.0,0.0,1.0,0,0,0,0,500.0
MG,de R$ 1.001/mês a R$ 2.000/mês,0.0,1.0,0.0,0,0,0,0,1500.5
SP,de R$ 16.001/mês a R$ 20.000/mês,0.0,0.0,0.0,0,0,0,0,18000.5
RS,de R$ 4.001/mês a R$ 6.000/mês,0.0,0.0,1.0,0,0,0,0,5000.5
AL,de R$ 12.001/mês a R$ 16.000/mês,1.0,0.0,1.0,0,0,0,0,14000.5
RS,de R$ 12.001/mês a R$ 16.000/mês,0.0,0.0,0.0,0,0,0,0,14000.5
SP,de R$ 12.001/mês a R$ 16.000/mês,0.0,0.0,0.0,0,0,0,0,14000.5
SC,de R$ 25.001/mês a R$ 30.000/mês,1.0,0.0,1.0,0,0,1,0,27500.5
PR,Não informado,0.0,0.0,0.0,0,0,0,0,10576.036405723906
MG,de R$ 2.001/mês a R$ 3.000/mês,0.0,1.0,0.0,0,0,0,0,2500.5
MG,de R$ 8.001/mês a R$ 12.000/mês,1.0,0.0,1.0,0,0,0,0,10000.5
SP,de R$ 20.001/mês a R$ 25.000/mês,0.0,0.0,0.0,0,0,0,0,22500.5
DF,Não informado,0.0,0.0,0.0,0,0,0,0,10576.036405723906
SC,de R$ 3.001/mês a R$ 4.000/mês,0.0,1.0,0.0,0,0,0,0,3500.5
MG,de R$ 4.001/mês a R$ 6.000/mês,1.0,0.0,1.0,0,0,0,0,5000.5
CE,de R$ 4.001/mês a R$ 6.000/mês,1.0,0.0,1.0,0,0,0,0,5000.5
RJ,de R$ 16.001/mês a R$ 20.000/mês,1.0,0.0,1.0,0,1,1,0,18000.5
SP,de R$ 4.001/mês a R$ 6.000/mês,1.0,0.0,1.0,0,0,0,0,5000.5
PE,de R$ 2.001/mês a R$ 3.000/mês,1.0,0.0,1.0,0,0,0,0,2500.5
RJ,de R$ 16.001/mês a R$ 20.000/mês,0.0,0.0,0.0,0,0,0,0,18000.5
SP,de R$ 4.001/mês a R$ 6.000/mês,1.0,0.0,1.0,0,0,0,0,5000.5
SP,de R$ 8.001/mês a R$ 12.000/mês,1.0,0.0,1.0,0,0,0,0,10000.5
SP,de R$ 20.001/mês a R$ 25.000/mês,0.0,0.0,0.0,0,0,0,0,22500.5
MG,de R$ 8.001/mês a R$ 12.000/mês,1.0,0.0,1.0,0,0,1,0,10000.5
SP,de R$ 4.001/mês a R$ 6.000/mês,1.0,0.0,1.0,0,0,0,0,5000.5
SP,de R$ 12.001/mês a R$ 16.000/mês,1.0,0.0,0.0,0,0,0,0,14000.5
SP,de R$ 12.001/mês a R$ 16.000/mês,1.0,0.0,1.0,0,0,0,0,14000.5
PR,de R$ 8.001/mês a R$ 12.000/mês,1.0,0.0,1.0,1,0,0,0,10000.5
SP,de R$ 16.001/mês a R$ 20.000/mês,0.0,0.0,0.0,0,0,0,0,18000.5
MG,de R$ 4.001/mês a R$ 6.000/mês,1.0,0.0,1.0,0,0,1,0,5000.5
MG,de R$ 4.001/mês a R$ 6.000/mês,1.0,0.0,1.0,0,0,0,0,5000.5
SP,de R$ 12.001/mês a R$ 16.000/mês,1.0,0.0,1.0,1,0,0,0,14000.5
BA,de R$ 4.001/mês a R$ 6.000/mês,0.0,1.0,0.0,0,0,0,0,5000.5
PR,de R$ 20.001/mês a R$ 25.000/mês,0.0,0.0,0.0,0,0,0,0,22500.5
MG,de R$ 6.001/mês a R$ 8.000/mês,1.0,0.0,1.0,0,0,0,0,7000.5
SP,de R$ 8.001/mês a R$ 12.000/mês,1.0,0.0,1.0,1,0,0,0,10000.5
SP,de R$ 3.001/mês a R$ 4.000/mês,1.0,0.0,1.0,1,1,1,1,3500.5
SP,de R$ 8.001/mês a R$ 12.000/mês,1.0,0.0,0.0,0,0,0,0,10000.5
MG,de R$ 12.001/mês a R$ 16.000/mês,1.0,0.0,1.0,0,0,0,0,14000.5
SP,de R$ 16.001/mês a R$ 20.000/mês,1.0,0.0,1.0,1,0,0,0,18000.5
SP,de R$ 16.001/mês a R$ 20.000/mês,0.0,0.0,0.0,0,0,0,0,18000.5
SP,Não informado,0.0,0.0,0.0,0,0,0,0,10576.036405723906
PR,de R$ 6.001/mês a R$ 8.000/mês,0.0,0.0,1.0,0,0,0,1,7000.5
SP,de R$ 8.001/mês a R$ 12.000/mês,1.0,0.0,1.0,0,0,0,0,10000.5
SP,de R$ 4.001/mês a R$ 6.000/mês,1.0,0.0,1.0,0,0,0,0,5000.5
SC,de R$ 6.001/mês a R$ 8.000/mês,1.0,0.0,1.0,0,0,0,0,7000.5
SP,de R$ 6.001/mês a R$ 8.000/mês,1.0,0.0,0.0,0,0,1,0,7000.5
SP,de R$ 4.001/mês a R$ 6.000/mês,1.0,0.0,0.0,0,0,0,0,5000.5
RJ,de R$ 12.001/mês a R$ 16.000/mês,1.0,0.0,1.0,0,0,0,0,14000.5
SP,de R$ 12.001/mês a R$ 16.000/mês,0.0,0.0,0.0,0,0,0,0,14000.5
SP,de R$ 12.001/mês a R$ 16.000/mês,1.0,0.0,0.0,0,0,0,0,14000.5
SP,de R$ 2.001/mês a R$ 3.000/mês,1.0,0.0,1.0,0,0,0,0,2500.5
SP,de R$ 1.001/mês a R$ 2.000/mês,0.0,0.0,1.0,0,0,0,0,1500.5
DF,Não informado,0.0,0.0,0.0,0,0,0,0,10576.036405723906
SP,de R$ 20.001/mês a R$ 25.000/mês,0.0,0.0,0.0,0,0,0,0,22500.5
PR,de R$ 4.001/mês a R$ 6.000/mês,1.0,0.0,1.0,1,0,0,0,5000.5
MG,de R$ 3.001/mês a R$ 4.000/mês,1.0,0.0,0.0,1,0,0,0,3500.5
MS,de R$ 20.001/mês a R$ 25.000/mês,1.0,0.0,1.0,0,1,1,0,22500.5
ES,de R$ 4.001/mês a R$ 6.000/mês,1.0,0.0,1.0,0,0,0,0,5000.5
MG,de R$ 3.001/mês a R$ 4.000/mês,1.0,0.0,1.0,1,1,0,0,3500.5
RS,de R$ 20.001/mês a R$ 25.000/mês,1.0,0.0,1.0,1,0,0,0,22500.5
MT,de R$ 1.001/mês a R$ 2.000/mês,0.0,0.0,0.0,1,0,0,0,1500.5
ES,de R$ 8.001/mês a R$ 12.000/mês,1.0,0.0,0.0,0,0,0,0,10000.5
SP,de R$ 20.001/mês a R$ 25.000/mês,0.0,0.0,0.0,0,0,0,0,22500.5
SP,de R$ 8.001/mês a R$ 12.000/mês,1.0,0.0,1.0,0,0,0,0,10000.5
PR,de R$ 12.001/mês a R$ 16.000/mês,1.0,0.0,1.0,0,0,0,0,14000.5
SP,de R$ 12.001/mês a R$ 16.000/mês,1.0,0.0,1.0,0,0,1,0,14000.5
GO,de R$ 2.001/mês a R$ 3.000/mês,1.0,0.0,0.0,0,0,0,0,2500.5
SP,de R$ 4.001/mês a R$ 6.000/mês,1.0,0.0,0.0,1,0,0,0,5000.5
MG,de R$ 6.001/mês a R$ 8.000/mês,1.0,0.0,1.0,0,0,0,0,7000.5
NI,de R$ 8.001/mês a R$ 12.000/mês,1.0,0.0,1.0,0,0,0,0,10000.5
RJ,de R$ 4.001/mês a R$ 6.000/mês,1.0,0.0,0.0,1,0,0,0,5000.5
CE,de R$ 4.001/mês a R$ 6.000/mês,1.0,0.0,1.0,0,0,0,0,5000.5
SP,de R$ 8.001/mês a R$ 12.000/mês,0.0,0.0,0.0,0,0,0,0,10000.5
SP,Não informado,0.0,0.0,0.0,0,0,0,0,10576.036405723906
SP,de R$ 6.001/mês a R$ 8.000/mês,1.0,0.0,1.0,0,0,0,0,7000.5
AL,de R$ 8.001/mês a R$ 12.000/mês,1.0,0.0,1.0,0,0,0,0,10000.5
MG,de R$ 8.001/mês a R$ 12.000/mês,1.0,0.0,1.0,0,0,1,1,10000.5
SP,de R$ 8.001/mês a R$ 12.000/mês,1.0,0.0,1.0,0,0,0,0,10000.5
MG,de R$ 6.001/mês a R$ 8.000/mês,0.0,0.0,0.0,0,0,0,0,7000.5
SC,de R$ 12.001/mês a R$ 16.000/mês,0.0,0.0,0.0,0,0,0,0,14000.5
MG,Não informado,0.0,0.0,0.0,0,0,0,0,10576.036405723906
SP,de R$ 4.001/mês a R$ 6.000/mês,1.0,0.0,0.0,0,1,1,0,5000.5
SP,de R$ 25.001/mês a R$ 30.000/mês,0.0,0.0,0.0,0,0,0,0,27500.5
SP,Acima de R$ 40.001/mês,0.0,0.0,0.0,0,0,0,0,50000.0
SP,de R$ 30.001/mês a R$ 40.000/mês,0.0,1.0,0.0,0,0,0,0,35000.5
RJ,de R$ 20.001/mês a R$ 25.000/mês,1.0,0.0,1.0,0,0,0,0,22500.5
PR,de R$ 1.001/mês a R$ 2.000/mês,1.0,0.0,0.0,0,0,0,0,1500.5
PB,Não informado,0.0,0.0,0.0,0,0,0,0,10576.036405723906
SC,de R$ 4.001/mês a R$ 6.000/mês,1.0,0.0,1.0,0,0,0,0,5000.5
SP,de R$ 6.001/mês a R$ 8.000/mês,1.0,0.0,1.0,0,0,0,0,7000.5
CE,de R$ 12.001/mês a R$ 16.000/mês,0.0,0.0,0.0,0,0,0,0,14000.5
MT,de R$ 6.001/mês a R$ 8.000/mês,0.0,0.0,0.0,0,0,0,0,7000.5
SC,de R$ 16.001/mês a R$ 20.000/mês,1.0,0.0,1.0,0,0,0,0,18000.5
SP,de R$ 8.001/mês a R$ 12.000/mês,1.0,0.0,1.0,1,0,1,0,10000.5
RJ,de R$ 25.001/mês a R$ 30.000/mês,0.0,0.0,0.0,0,0,0,0,27500.5
RJ,de R$ 2.001/mês a R$ 3.000/mês,1.0,0.0,1.0,0,0,0,0,2500.5
RJ,Menos de R$ 1.000/mês,0.0,0.0,0.0,0,0,0,0,500.0
PR,de R$ 4.001/mês a R$ 6.000/mês,0.0,0.0,1.0,0,0,0,0,5000.5
SP,de R$ 8.001/mês a R$ 12.000/mês,1.0,0.0,1.0,0,0,0,0,10000.5
SP,de R$ 30.001/mês a R$ 40.000/mês,0.0,0.0,0.0,0,0,0,0,35000.5
SP,de R$ 4.001/mês a R$ 6.000/mês,1.0,0.0,1.0,0,0,0,0,5000.5
SE,de R$ 8.001/mês a R$ 12.000/mês,1.0,0.0,0.0,1,0,0,0,10000.5
PR,de R$ 12.001/mês a R$ 16.000/mês,1.0,0.0,0.0,0,0,0,0,14000.5
PE,Menos de R$ 1.000/mês,1.0,0.0,0.0,0,0,0,0,500.0
SP,de R$ 4.001/mês a R$ 6.000/mês,0.0,0.0,1.0,1,0,0,0,5000.5
SP,de R$ 25.001/mês a R$ 30.000/mês,0.0,0.0,0.0,0,0,0,0,27500.5
SP,de R$ 6.001/mês a R$ 8.000/mês,1.0,0.0,1.0,0,0,1,0,7000.5
SP,de R$ 16.001/mês a R$ 20.000/mês,1.0,0.0,1.0,0,0,0,0,18000.5
SP,de R$ 6.001/mês a R$ 8.000/mês,0.0,1.0,0.0,0,0,0,0,7000.5
MG,de R$ 16.001/mês a R$ 20.000/mês,0.0,0.0,0.0,0,0,0,0,18000.5
SP,de R$ 12.001/mês a R$ 16.000/mês,0.0,1.0,0.0,0,0,0,0,14000.5
SP,de R$ 8.001/mês a R$ 12.000/mês,1.0,0.0,1.0,0,0,0,0,10000.5
MG,de R$ 4.001/mês a R$ 6.000/mês,1.0,0.0,1.0,1,0,0,0,5000.5
PR,de R$ 4.001/mês a R$ 6.000/mês,1.0,0.0,1.0,0,1,1,0,5000.5
SC,de R$ 8.001/mês a R$ 12.000/mês,1.0,0.0,0.0,0,0,0,0,10000.5
BA,de R$ 20.001/mês a R$ 25.000/mês,1.0,0.0,1.0,0,0,0,0,22500.5
SP,de R$ 2.001/mês a R$ 3.000/mês,1.0,0.0,1.0,0,0,1,0,2500.5
MG,de R$ 8.001/mês a R$ 12.000/mês,1.0,0.0,1.0,1,1,1,0,10000.5
RJ,de R$ 8.001/mês a R$ 12.000/mês,0.0,0.0,0.0,0,0,0,0,10000.5
AL,Não informado,0.0,0.0,0.0,0,0,0,0,10576.036405723906
SP,de R$ 16.001/mês a R$ 20.000/mês,1.0,0.0,0.0,0,0,0,0,18000.5
RJ,de R$ 4.001/mês a R$ 6.000/mês,1.0,0.0,0.0,1,0,0,0,5000.5
RS,de R$ 8.001/mês a R$ 12.000/mês,1.0,0.0,0.0,0,0,0,0,10000.5
PR,de R$ 3.001/mês a R$ 4.000/mês,0.0,1.0,0.0,0,0,0,0,3500.5
SP,de R$ 8.001/mês a R$ 12.000/mês,0.0,1.0,0.0,0,0,0,0,10000.5
AL,de R$ 16.001/mês a R$ 20.000/mês,1.0,0.0,1.0,0,0,0,0,18000.5
PR,de R$ 12.001/mês a R$ 16.000/mês,1.0,0.0,0.0,0,0,0,0,14000.5
MT,de R$ 4.001/mês a R$ 6.000/mês,1.0,0.0,0.0,0,0,0,0,5000.5
RJ,de R$ 12.001/mês a R$ 16.000/mês,1.0,0.0,1.0,0,1,1,0,14000.5
SP,Não informado,0.0,0.0,0.0,0,0,0,0,10576.036405723906
SP,de R$ 8.001/mês a R$ 12.000/mês,1.0,0.0,0.0,0,0,0,0,10000.5
SC,de R$ 16.001/mês a R$ 20.000/mês,1.0,0.0,1.0,0,0,0,0,18000.5
PR,Não informado,0.0,0.0,0.0,0,0,0,0,10576.036405723906
SP,de R$ 4.001/mês a R$ 6.000/mês,1.0,0.0,1.0,0,0,1,0,5000.5
SP,Não informado,0.0,0.0,0.0,0,0,0,0,10576.036405723906
SP,de R$ 16.001/mês a R$ 20.000/mês,0.0,0.0,0.0,0,0,0,0,18000.5
MG,de R$ 3.001/mês a R$ 4.000/mês,1.0,0.0,1.0,0,0,0,0,3500.5
SP,de R$ 6.001/mês a R$ 8.000/mês,1.0,0.0,1.0,0,0,1,0,7000.5
PR,Não informado,0.0,0.0,0.0,0,0,0,0,10576.036405723906
SP,Não informado,0.0,0.0,0.0,0,0,0,0,10576.036405723906
CE,Não informado,0.0,0.0,0.0,0,0,0,0,10576.036405723906
RN,de R$ 12.001/mês a R$ 16.000/mês,1.0,0.0,1.0,0,0,0,0,14000.5
AL,de R$ 3.001/mês a R$ 4.000/mês,1.0,0.0,1.0,0,0,0,0,3500.5
RJ,Não informado,0.0,0.0,0.0,0,0,0,0,10576.036405723906
SP,de R$ 3.001/mês a R$ 4.000/mês,0.0,1.0,0.0,0,0,0,0,3500.5
SP,de R$ 16.001/mês a R$ 20.000/mês,1.0,0.0,1.0,0,0,0,0,18000.5
PR,de R$ 8.001/mês a R$ 12.000/mês,1.0,0.0,1.0,0,0,0,0,10000.5
MG,de R$ 25.001/mês a R$ 30.000/mês,1.0,0.0,1.0,0,0,0,0,27500.5
CE,de R$ 6.001/mês a R$ 8.000/mês,0.0,0.0,0.0,0,0,0,0,7000.5
MA,de R$ 12.001/mês a R$ 16.000/mês,0.0,0.0,0.0,0,0,0,0,14000.5
SP,Não informado,0.0,0.0,0.0,0,0,0,0,10576.036405723906
SP,Acima de R$ 40.001/mês,0.0,0.0,0.0,0,0,0,0,50000.0
RS,de R$ 8.001/mês a R$ 12.000/mês,1.0,0.0,0.0,0,0,0,0,10000.5
MG,de R$ 3.001/mês a R$ 4.000/mês,1.0,0.0,0.0,0,0,0,0,3500.5
NI,Acima de R$ 40.001/mês,1.0,0.0,1.0,0,0,0,0,50000.0
SP,de R$ 12.001/mês a R$ 16.000/mês,1.0,0.0,1.0,0,0,0,0,14000.5
BA,de R$ 1.001/mês a R$ 2.000/mês,1.0,0.0,1.0,0,0,0,0,1500.5
PR,de R$ 4.001/mês a R$ 6.000/mês,1.0,0.0,1.0,0,0,0,0,5000.5
SP,de R$ 8.001/mês a R$ 12.000/mês,1.0,0.0,1.0,0,0,0,0,10000.5
DF,de R$ 16.001/mês a R$ 20.000/mês,1.0,0.0,1.0,1,0,0,0,18000.5
AL,de R$ 4.001/mês a R$ 6.000/mês,0.0,0.0,0.0,0,0,0,0,5000.5
BA,de R$ 8.001/mês a R$ 12.000/mês,1.0,0.0,0.0,0,0,0,0,10000.5
RN,de R$ 8.001/mês a R$ 12.000/mês,1.0,0.0,1.0,0,0,0,0,10000.5
PR,de R$ 12.001/mês a R$ 16.000/mês,1.0,0.0,1.0,1,1,1,0,14000.5
SP,Não informado,0.0,0.0,0.0,0,0,0,0,10576.036405723906
RS,de R$ 4.001/mês a R$ 6.000/mês,1.0,0.0,1.0,0,0,0,0,5000.5
NI,de R$ 20.001/mês a R$ 25.000/mês,0.0,0.0,0.0,0,0,0,0,22500.5
BA,Não informado,0.0,0.0,0.0,0,0,0,0,10576.036405723906
RS,Não informado,0.0,0.0,0.0,0,0,0,0,10576.036405723906
SP,de R$ 8.001/mês a R$ 12.000/mês,1.0,0.0,1.0,0,0,0,0,10000.5
SP,de R$ 4.001/mês a R$ 6.000/mês,1.0,0.0,0.0,0,1,1,0,5000.5
SP,de R$ 3.001/mês a R$ 4.000/mês,0.0,1.0,0.0,0,0,0,0,3500.5
SP,de R$ 8.001/mês a R$ 12.000/mês,1.0,0.0,1.0,1,0,0,0,10000.5
DF,de R$ 16.001/mês a R$ 20.000/mês,0.0,0.0,0.0,0,0,0,0,18000.5
SP,de R$ 16.001/mês a R$ 20.000/mês,0.0,0.0,0.0,0,0,0,0,18000.5
SP,de R$ 12.001/mês a R$ 16.000/mês,1.0,0.0,0.0,0,0,0,0,14000.5
RJ,de R$ 4.001/mês a R$ 6.000/mês,1.0,0.0,1.0,0,0,0,0,5000.5
RJ,de R$ 8.001/mês a R$ 12.000/mês,0.0,1.0,0.0,0,0,0,0,10000.5
RJ,de R$ 6.001/mês a R$ 8.000/mês,1.0,0.0,1.0,0,0,0,0,7000.5
PE,de R$ 16.001/mês a R$ 20.000/mês,0.0,0.0,0.0,0,0,0,0,18000.5
RO,de R$ 8.001/mês a R$ 12.000/mês,0.0,0.0,0.0,0,0,0,0,10000.5
MG,de R$ 3.001/mês a R$ 4.000/mês,1.0,0.0,1.0,1,0,0,0,3500.5
SP,de R$ 8.001/mês a R$ 12.000/mês,1.0,0.0,1.0,0,0,0,0,10000.5
SP,Não informado,0.0,0.0,0.0,0,0,0,0,10576.036405723906
SP,Acima de R$ 40.001/mês,0.0,0.0,0.0,0,0,0,0,50000.0
SP,de R$ 6.001/mês a R$ 8.000/mês,1.0,0.0,1.0,0,0,0,0,7000.5
RJ,de R$ 12.001/mês a R$ 16.000/mês,1.0,0.0,1.0,0,0,0,0,14000.5
SP,de R$ 8.001/mês a R$ 12.000/mês,1.0,0.0,1.0,0,1,1,0,10000.5
SP,de R$ 8.001/mês a R$ 12.000/mês,1.0,0.0,0.0,0,0,0,0,10000.5
RJ,de R$ 25.001/mês a R$ 30.000/mês,0.0,0.0,0.0,0,0,1,0,27500.5
SP,de R$ 4.001/mês a R$ 6.000/mês,1.0,0.0,1.0,0,0,1,0,5000.5
PE,de R$ 8.001/mês a R$ 12.000/mês,1.0,0.0,1.0,0,0,0,0,10000.5
MG,de R$ 6.001/mês a R$ 8.000/mês,1.0,0.0,1.0,0,0,0,0,7000.5
SE,Menos de R$ 1.000/mês,0.0,1.0,0.0,0,0,0,0,500.0
SC,de R$ 3.001/mês a R$ 4.000/mês,1.0,0.0,1.0,0,0,0,0,3500.5
RJ,de R$ 6.001/mês a R$ 8.000/mês,0.0,0.0,0.0,1,0,0,0,7000.5
RS,de R$ 1.001/mês a R$ 2.000/mês,0.0,1.0,0.0,0,0,0,0,1500.5
SP,de R$ 8.001/mês a R$ 12.000/mês,0.0,0.0,1.0,1,0,0,0,10000.5
RS,Não informado,0.0,0.0,0.0,0,0,0,0,10576.036405723906
SP,Não informado,0.0,0.0,0.0,0,0,0,0,10576.036405723906
SP,de R$ 12.001/mês a R$ 16.000/mês,1.0,0.0,1.0,0,0,0,0,14000.5
ES,de R$ 4.001/mês a R$ 6.000/mês,1.0,0.0,1.0,0,0,0,0,5000.5
RJ,de R$ 4.001/mês a R$ 6.000/mês,1.0,0.0,1.0,0,0,0,0,5000.5
MG,de R$ 8.001/mês a R$ 12.000/mês,0.0,0.0,1.0,0,0,1,0,10000.5
SE,de R$ 4.001/mês a R$ 6.000/mês,0.0,0.0,1.0,0,0,0,0,5000.5
SP,de R$ 3.001/mês a R$ 4.000/mês,1.0,0.0,1.0,0,0,0,0,3500.5
SC,Não informado,0.0,0.0,0.0,0,0,0,0,10576.036405723906
PR,de R$ 8.001/mês a R$ 12.000/mês,0.0,0.0,0.0,0,0,0,0,10000.5
SP,de R$ 4.001/mês a R$ 6.000/mês,0.0,1.0,0.0,0,0,0,0,5000.5
ES,de R$ 12.001/mês a R$ 16.000/mês,1.0,0.0,1.0,0,0,0,0,14000.5
BA,de R$ 6.001/mês a R$ 8.000/mês,1.0,0.0,1.0,0,0,0,0,7000.5
MA,de R$ 8.001/mês a R$ 12.000/mês,0.0,0.0,1.0,0,1,1,0,10000.5
PE,Não informado,0.0,0.0,0.0,0,0,0,0,10576.036405723906
PR,de R$ 4.001/mês a R$ 6.000/mês,1.0,0.0,1.0,0,0,0,0,5000.5
MT,de R$ 6.001/mês a R$ 8.000/mês,1.0,0.0,1.0,1,0,0,0,7000.5
SP,de R$ 6.001/mês a R$ 8.000/mês,1.0,0.0,1.0,0,0,0,0,7000.5
GO,de R$ 6.001/mês a R$ 8.000/mês,1.0,0.0,1.0,0,0,0,0,7000.5
RS,Não informado,0.0,0.0,0.0,0,0,0,0,10576.036405723906
SP,de R$ 6.001/mês a R$ 8.000/mês,1.0,0.0,1.0,1,0,0,0,7000.5
SP,de R$ 6.001/mês a R$ 8.000/mês,1.0,0.0,1.0,0,0,0,0,7000.5
SP,de R$ 4.001/mês a R$ 6.000/mês,1.0,0.0,0.0,0,0,0,0,5000.5
PA,de R$ 12.001/mês a R$ 16.000/mês,0.0,0.0,0.0,0,0,0,0,14000.5
SP,de R$ 12.001/mês a R$ 16.000/mês,0.0,0.0,0.0,0,0,0,0,14000.5
GO,Não informado,0.0,0.0,0.0,0,0,0,0,10576.036405723906
SP,de R$ 6.001/mês a R$ 8.000/mês,0.0,0.0,0.0,0,0,0,0,7000.5
PR,de R$ 12.001/mês a R$ 16.000/mês,1.0,0.0,1.0,0,0,0,0,14000.5
ES,de R$ 12.001/mês a R$ 16.000/mês,0.0,0.0,0.0,0,0,0,0,14000.5
NI,de R$ 30.001/mês a R$ 40.000/mês,1.0,0.0,1.0,0,0,0,0,35000.5
MG,Não informado,0.0,0.0,0.0,0,0,0,0,10576.036405723906
BA,Menos de R$ 1.000/mês,1.0,0.0,1.0,0,0,0,0,500.0
SP,de R$ 16.001/mês a R$ 20.000/mês,1.0,0.0,1.0,0,0,0,0,18000.5
SP,de R$ 12.001/mês a R$ 16.000/mês,1.0,0.0,0.0,1,0,0,0,14000.5
RN,de R$ 4.001/mês a R$ 6.000/mês,0.0,1.0,0.0,0,0,0,0,5000.5
SE,de R$ 8.001/mês a R$ 12.000/mês,1.0,0.0,1.0,1,0,0,0,10000.5
SP,de R$ 8.001/mês a R$ 12.000/mês,1.0,0.0,0.0,0,0,0,0,10000.5
ES,de R$ 12.001/mês a R$ 16.000/mês,1.0,0.0,1.0,0,0,0,0,14000.5
SP,de R$ 16.001/mês a R$ 20.000/mês,1.0,0.0,1.0,0,0,0,0,18000.5
SP,de R$ 6.001/mês a R$ 8.000/mês,1.0,0.0,1.0,0,0,0,0,7000.5
SP,de R$ 8.001/mês a R$ 12.000/mês,1.0,0.0,1.0,0,0,0,0,10000.5
SP,de R$ 8.001/mês a R$ 12.000/mês,1.0,0.0,1.0,1,0,0,0,10000.5
SC,de R$ 12.001/mês a R$ 16.000/mês,1.0,0.0,1.0,0,0,0,0,14000.5
SP,de R$ 4.001/mês a R$ 6.000/mês,1.0,0.0,1.0,0,0,0,0,5000.5
NI,de R$ 30.001/mês a R$ 40.000/mês,1.0,0.0,1.0,0,0,0,0,35000.5
SP,de R$ 2.001/mês a R$ 3.000/mês,0.0,1.0,0.0,0,0,0,0,2500.5
SP,de R$ 8.001/mês a R$ 12.000/mês,1.0,0.0,0.0,0,0,0,0,10000.5
SP,de R$ 12.001/mês a R$ 16.000/mês,1.0,0.0,1.0,0,0,0,0,14000.5
DF,de R$ 8.001/mês a R$ 12.000/mês,1.0,0.0,1.0,1,0,0,0,10000.5
MG,de R$ 20.001/mês a R$ 25.000/mês,0.0,0.0,0.0,0,0,0,0,22500.5
RS,de R$ 4.001/mês a R$ 6.000/mês,1.0,0.0,1.0,0,0,0,0,5000.5
SP,de R$ 6.001/mês a R$ 8.000/mês,0.0,0.0,1.0,0,0,1,0,7000.5
SC,de R$ 2.001/mês a R$ 3.000/mês,0.0,1.0,0.0,0,0,0,0,2500.5
SP,de R$ 20.001/mês a R$ 25.000/mês,0.0,0.0,0.0,0,0,0,0,22500.5
CE,Não informado,0.0,0.0,0.0,0,0,0,0,10576.036405723906
SP,de R$ 4.001/mês a R$ 6.000/mês,0.0,0.0,0.0,0,0,0,0,5000.5
SP,de R$ 16.001/mês a R$ 20.000/mês,0.0,0.0,0.0,0,0,0,0,18000.5
ES,de R$ 12.001/mês a R$ 16.000/mês,1.0,0.0,1.0,1,0,0,0,14000.5
SP,de R$ 20.001/mês a R$ 25.000/mês,0.0,0.0,0.0,0,0,0,0,22500.5
SP,de R$ 8.001/mês a R$ 12.000/mês,1.0,0.0,0.0,0,0,0,0,10000.5
SP,de R$ 20.001/mês a R$ 25.000/mês,0.0,0.0,0.0,0,0,0,0,22500.5
SC,de R$ 12.001/mês a R$ 16.000/mês,1.0,0.0,0.0,0,0,0,0,14000.5
RJ,de R$ 8.001/mês a R$ 12.000/mês,1.0,0.0,1.0,1,0,0,0,10000.5
GO,de R$ 1.001/mês a R$ 2.000/mês,1.0,0.0,1.0,0,0,0,0,1500.5
SP,de R$ 4.001/mês a R$ 6.000/mês,0.0,1.0,0.0,0,0,0,0,5000.5
RS,de R$ 16.001/mês a R$ 20.000/mês,0.0,0.0,0.0,0,0,0,0,18000.5
SP,de R$ 16.001/mês a R$ 20.000/mês,0.0,0.0,0.0,0,0,0,0,18000.5
RS,de R$ 25.001/mês a R$ 30.000/mês,0.0,0.0,0.0,0,0,0,0,27500.5
ES,de R$ 6.001/mês a R$ 8.000/mês,1.0,0.0,1.0,0,0,0,0,7000.5
SP,de R$ 4.001/mês a R$ 6.000/mês,1.0,0.0,1.0,0,1,1,0,5000.5
PR,de R$ 16.001/mês a R$ 20.000/mês,1.0,0.0,1.0,1,0,0,0,18000.5
RJ,de R$ 6.001/mês a R$ 8.000/mês,0.0,0.0,0.0,0,0,0,0,7000.5
CE,de R$ 1.001/mês a R$ 2.000/mês,0.0,0.0,0.0,0,0,0,0,1500.5
MG,de R$ 3.001/mês a R$ 4.000/mês,1.0,0.0,1.0,0,1,1,0,3500.5
SP,de R$ 16.001/mês a R$ 20.000/mês,0.0,0.0,0.0,0,0,0,0,18000.5
RN,Não informado,0.0,0.0,0.0,0,0,0,0,10576.036405723906
SP,de R$ 6.001/mês a R$ 8.000/mês,1.0,0.0,1.0,1,0,0,0,7000.5
SP,de R$ 2.001/mês a R$ 3.000/mês,1.0,0.0,1.0,0,0,0,0,2500.5
PR,Menos de R$ 1.000/mês,0.0,1.0,0.0,0,0,0,0,500.0
SP,de R$ 1.001/mês a R$ 2.000/mês,0.0,1.0,0.0,0,0,0,0,1500.5
NI,de R$ 4.001/mês a R$ 6.000/mês,0.0,0.0,0.0,0,0,0,0,5000.5
SP,de R$ 6.001/mês a R$ 8.000/mês,1.0,0.0,1.0,0,0,0,0,7000.5
SP,de R$ 8.001/mês a R$ 12.000/mês,1.0,0.0,1.0,1,0,0,0,10000.5
PR,de R$ 16.001/mês a R$ 20.000/mês,1.0,0.0,1.0,0,0,0,0,18000.5
SP,de R$ 6.001/mês a R$ 8.000/mês,1.0,0.0,1.0,0,0,0,0,7000.5
NI,de R$ 6.001/mês a R$ 8.000/mês,1.0,0.0,0.0,0,1,1,0,7000.5
RJ,de R$ 8.001/mês a R$ 12.000/mês,1.0,0.0,0.0,0,0,1,0,10000.5
MG,de R$ 4.001/mês a R$ 6.000/mês,1.0,0.0,0.0,0,0,0,0,5000.5
SP,de R$ 16.001/mês a R$ 20.000/mês,1.0,0.0,1.0,0,0,0,0,18000.5
RJ,Não informado,0.0,0.0,0.0,0,0,0,0,10576.036405723906
SP,de R$ 3.001/mês a R$ 4.000/mês,1.0,0.0,1.0,0,0,0,0,3500.5
BA,de R$ 8.001/mês a R$ 12.000/mês,1.0,0.0,1.0,0,0,0,0,10000.5
NI,Acima de R$ 40.001/mês,0.0,0.0,0.0,0,0,0,0,50000.0
RS,de R$ 2.001/mês a R$ 3.000/mês,1.0,0.0,1.0,0,1,1,0,2500.5
RJ,de R$ 16.001/mês a R$ 20.000/mês,0.0,0.0,0.0,0,0,0,0,18000.5
SP,de R$ 6.001/mês a R$ 8.000/mês,1.0,0.0,1.0,0,0,0,0,7000.5
PR,de R$ 4.001/mês a R$ 6.000/mês,1.0,0.0,1.0,0,0,0,0,5000.5
SP,de R$ 16.001/mês a R$ 20.000/mês,1.0,0.0,1.0,1,0,0,0,18000.5
SP,de R$ 8.001/mês a R$ 12.000/mês,0.0,0.0,0.0,0,0,1,0,10000.5
SP,de R$ 6.001/mês a R$ 8.000/mês,0.0,0.0,1.0,0,0,0,0,7000.5
MG,de R$ 8.001/mês a R$ 12.000/mês,0.0,0.0,0.0,0,0,0,0,10000.5
RN,de R$ 8.001/mês a R$ 12.000/mês,1.0,0.0,1.0,0,0,0,0,10000.5
DF,de R$ 25.001/mês a R$ 30.000/mês,1.0,0.0,0.0,1,0,1,0,27500.5
PR,de R$ 8.001/mês a R$ 12.000/mês,0.0,0.0,0.0,0,0,0,0,10000.5
ES,de R$ 4.001/mês a R$ 6.000/mês,1.0,0.0,1.0,0,0,1,0,5000.5
RJ,de R$ 8.001/mês a R$ 12.000/mês,1.0,0.0,1.0,0,0,0,0,10000.5
MG,de R$ 8.001/mês a R$ 12.000/mês,1.0,0.0,1.0,0,0,0,0,10000.5
RS,de R$ 12.001/mês a R$ 16.000/mês,0.0,0.0,1.0,0,0,0,0,14000.5
SP,de R$ 4.001/mês a R$ 6.000/mês,1.0,0.0,1.0,0,1,1,0,5000.5
NI,de R$ 20.001/mês a R$ 25.000/mês,0.0,0.0,0.0,0,0,0,0,22500.5
SP,de R$ 8.001/mês a R$ 12.000/mês,1.0,0.0,0.0,0,0,0,0,10000.5
RS,de R$ 25.001/mês a R$ 30.000/mês,0.0,0.0,0.0,0,0,0,0,27500.5
PE,de R$ 1.001/mês a R$ 2.000/mês,0.0,0.0,0.0,0,0,0,0,1500.5
RJ,de R$ 20.001/mês a R$ 25.000/mês,1.0,0.0,0.0,1,0,1,0,22500.5
MG,Não informado,0.0,0.0,0.0,0,0,0,0,10576.036405723906
RS,de R$ 4.001/mês a R$ 6.000/mês,1.0,0.0,1.0,0,0,1,0,5000.5
SP,Não informado,0.0,0.0,0.0,0,0,0,0,10576.036405723906
NI,Não informado,0.0,0.0,0.0,0,0,0,0,10576.036405723906
DF,de R$ 3.001/mês a R$ 4.000/mês,0.0,1.0,0.0,0,0,0,0,3500.5
SP,de R$ 1.001/mês a R$ 2.000/mês,1.0,0.0,1.0,0,0,0,0,1500.5
RS,de R$ 12.001/mês a R$ 16.000/mês,1.0,0.0,1.0,0,0,0,0,14000.5
BA,Não informado,0.0,0.0,0.0,0,0,0,0,10576.036405723906
SP,de R$ 12.001/mês a R$ 16.000/mês,0.0,0.0,0.0,0,0,0,0,14000.5
MG,de R$ 2.001/mês a R$ 3.000/mês,1.0,0.0,0.0,0,0,0,0,2500.5
MG,de R$ 12.001/mês a R$ 16.000/mês,0.0,0.0,0.0,0,0,0,0,14000.5
SP,de R$ 4.001/mês a R$ 6.000/mês,1.0,0.0,1.0,0,0,0,0,5000.5
SP,de R$ 8.001/mês a R$ 12.000/mês,1.0,0.0,1.0,1,0,0,0,10000.5
SP,Não informado,0.0,0.0,0.0,0,0,0,0,10576.036405723906
RJ,de R$ 1.001/mês a R$ 2.000/mês,1.0,0.0,1.0,0,0,0,0,1500.5
RS,de R$ 3.001/mês a R$ 4.000/mês,1.0,0.0,0.0,1,0,0,0,3500.5
RO,de R$ 2.001/mês a R$ 3.000/mês,1.0,0.0,1.0,0,0,0,0,2500.5
SP,de R$ 1.001/mês a R$ 2.000/mês,1.0,0.0,1.0,0,0,0,0,1500.5
MG,de R$ 20.001/mês a R$ 25.000/mês,1.0,0.0,0.0,0,0,0,0,22500.5
CE,de R$ 12.001/mês a R$ 16.000/mês,1.0,0.0,1.0,0,0,1,0,14000.5
SP,Acima de R$ 40.001/mês,0.0,0.0,0.0,0,0,0,0,50000.0
MG,de R$ 8.001/mês a R$ 12.000/mês,1.0,0.0,1.0,0,1,1,0,10000.5
SP,de R$ 12.001/mês a R$ 16.000/mês,0.0,0.0,0.0,0,0,0,0,14000.5
SP,de R$ 12.001/mês a R$ 16.000/mês,1.0,0.0,1.0,1,0,0,0,14000.5
SP,de R$ 6.001/mês a R$ 8.000/mês,0.0,0.0,1.0,1,0,0,0,7000.5
RJ,de R$ 4.001/mês a R$ 6.000/mês,1.0,0.0,1.0,0,0,1,0,5000.5
SP,de R$ 3.001/mês a R$ 4.000/mês,1.0,0.0,1.0,0,0,1,0,3500.5
RJ,de R$ 25.001/mês a R$ 30.000/mês,1.0,0.0,1.0,0,0,0,0,27500.5
SP,de R$ 6.001/mês a R$ 8.000/mês,1.0,0.0,1.0,0,0,0,0,7000.5
MG,de R$ 2.001/mês a R$ 3.000/mês,1.0,0.0,0.0,0,0,0,0,2500.5
SP,de R$ 12.001/mês a R$ 16.000/mês,1.0,0.0,1.0,0,0,0,0,14000.5
DF,de R$ 12.001/mês a R$ 16.000/mês,1.0,0.0,1.0,0,0,0,0,14000.5
MG,de R$ 12.001/mês a R$ 16.000/mês,0.0,1.0,0.0,0,0,0,0,14000.5
SP,Não informado,0.0,0.0,0.0,0,0,0,0,10576.036405723906
MS,de R$ 8.001/mês a R$ 12.000/mês,1.0,0.0,1.0,0,1,1,0,10000.5
MG,de R$ 2.001/mês a R$ 3.000/mês,0.0,0.0,0.0,0,0,0,0,2500.5
PR,de R$ 4.001/mês a R$ 6.000/mês,1.0,0.0,1.0,0,0,1,0,5000.5
MS,de R$ 3.001/mês a R$ 4.000/mês,1.0,0.0,1.0,0,0,0,0,3500.5
MG,de R$ 4.001/mês a R$ 6.000/mês,1.0,0.0,0.0,0,0,0,0,5000.5
SP,de R$ 4.001/mês a R$ 6.000/mês,1.0,0.0,0.0,1,0,1,0,5000.5
AM,de R$ 8.001/mês a R$ 12.000/mês,1.0,0.0,1.0,1,1,1,0,10000.5
PE,de R$ 25.001/mês a R$ 30.000/mês,0.0,0.0,0.0,0,0,0,0,27500.5
SP,de R$ 20.001/mês a R$ 25.000/mês,1.0,0.0,1.0,1,0,0,0,22500.5
NI,de R$ 16.001/mês a R$ 20.000/mês,0.0,0.0,0.0,0,0,0,0,18000.5
MG,Não informado,0.0,0.0,0.0,0,0,0,0,10576.036405723906
MG,de R$ 8.001/mês a R$ 12.000/mês,0.0,0.0,0.0,0,0,0,0,10000.5
PE,de R$ 8.001/mês a R$ 12.000/mês,0.0,0.0,0.0,0,0,0,0,10000.5
SP,de R$ 16.001/mês a R$ 20.000/mês,0.0,0.0,0.0,0,0,0,0,18000.5
MG,de R$ 6.001/mês a R$ 8.000/mês,1.0,0.0,1.0,0,0,1,0,7000.5
PR,de R$ 2.001/mês a R$ 3.000/mês,1.0,0.0,1.0,0,0,0,0,2500.5
SP,de R$ 12.001/mês a R$ 16.000/mês,1.0,0.0,1.0,1,0,1,0,14000.5
PR,de R$ 16.001/mês a R$ 20.000/mês,1.0,0.0,1.0,0,0,0,0,18000.5
MG,de R$ 3.001/mês a R$ 4.000/mês,1.0,0.0,1.0,0,0,1,1,3500.5
SP,de R$ 8.001/mês a R$ 12.000/mês,1.0,0.0,1.0,0,0,0,0,10000.5
PR,de R$ 4.001/mês a R$ 6.000/mês,1.0,0.0,1.0,0,0,0,0,5000.5
RJ,de R$ 25.001/mês a R$ 30.000/mês,0.0,1.0,0.0,0,0,0,0,27500.5
SP,Não informado,0.0,0.0,0.0,0,0,0,0,10576.036405723906
SP,de R$ 30.001/mês a R$ 40.000/mês,0.0,0.0,0.0,0,0,0,0,35000.5
RS,de R$ 20.001/mês a R$ 25.000/mês,1.0,0.0,1.0,1,0,0,0,22500.5
SP,Acima de R$ 40.001/mês,0.0,0.0,0.0,0,0,0,0,50000.0
SP,Não informado,0.0,0.0,0.0,0,0,0,0,10576.036405723906
ES,de R$ 6.001/mês a R$ 8.000/mês,1.0,0.0,1.0,0,0,0,0,7000.5
NI,de R$ 8.001/mês a R$ 12.000/mês,0.0,1.0,0.0,0,0,0,0,10000.5
SC,de R$ 12.001/mês a R$ 16.000/mês,0.0,0.0,0.0,0,0,0,0,14000.5
DF,de R$ 30.001/mês a R$ 40.000/mês,1.0,0.0,1.0,0,0,0,0,35000.5
DF,de R$ 6.001/mês a R$ 8.000/mês,1.0,0.0,1.0,0,0,0,0,7000.5
PR,de R$ 4.001/mês a R$ 6.000/mês,1.0,0.0,1.0,0,0,0,0,5000.5
SP,de R$ 1.001/mês a R$ 2.000/mês,1.0,0.0,1.0,0,0,0,0,1500.5
SP,de R$ 16.001/mês a R$ 20.000/mês,0.0,0.0,0.0,0,0,0,0,18000.5
SC,de R$ 8.001/mês a R$ 12.000/mês,0.0,0.0,0.0,0,0,0,0,10000.5
SP,de R$ 3.001/mês a R$ 4.000/mês,1.0,0.0,0.0,0,0,0,0,3500.5
NI,de R$ 20.001/mês a R$ 25.000/mês,0.0,0.0,0.0,0,0,0,0,22500.5
GO,de R$ 8.001/mês a R$ 12.000/mês,0.0,1.0,0.0,0,0,0,0,10000.5
SP,de R$ 25.001/mês a R$ 30.000/mês,0.0,0.0,0.0,0,0,0,0,27500.5
SP,Não informado,0.0,0.0,0.0,0,0,0,0,10576.036405723906
SP,Menos de R$ 1.000/mês,0.0,0.0,0.0,0,0,0,0,500.0
DF,de R$ 4.001/mês a R$ 6.000/mês,1.0,0.0,1.0,0,0,1,0,5000.5
BA,de R$ 4.001/mês a R$ 6.000/mês,1.0,0.0,1.0,1,1,1,1,5000.5
SP,de R$ 12.001/mês a R$ 16.000/mês,1.0,0.0,1.0,1,0,0,0,14000.5
SP,de R$ 8.001/mês a R$ 12.000/mês,1.0,0.0,1.0,1,0,0,0,10000.5
SP,de R$ 4.001/mês a R$ 6.000/mês,1.0,0.0,1.0,0,0,0,0,5000.5
SP,de R$ 6.001/mês a R$ 8.000/mês,1.0,0.0,1.0,0,0,0,0,7000.5
RS,de R$ 12.001/mês a R$ 16.000/mês,1.0,0.0,1.0,1,0,0,0,14000.5
SP,de R$ 12.001/mês a R$ 16.000/mês,1.0,0.0,1.0,0,1,0,0,14000.5
DF,de R$ 8.001/mês a R$ 12.000/mês,1.0,0.0,1.0,1,0,0,0,10000.5
SP,de R$ 25.001/mês a R$ 30.000/mês,0.0,0.0,0.0,0,0,0,0,27500.5
MG,Não informado,0.0,0.0,0.0,0,0,0,0,10576.036405723906
SP,de R$ 12.001/mês a R$ 16.000/mês,0.0,0.0,0.0,0,0,0,0,14000.5
PB,de R$ 8.001/mês a R$ 12.000/mês,1.0,0.0,1.0,0,0,0,0,10000.5
MG,de R$ 8.001/mês a R$ 12.000/mês,1.0,0.0,1.0,0,0,0,0,10000.5
SP,de R$ 4.001/mês a R$ 6.000/mês,1.0,0.0,1.0,1,0,0,0,5000.5
CE,de R$ 6.001/mês a R$ 8.000/mês,1.0,0.0,1.0,0,0,0,0,7000.5
SP,de R$ 6.001/mês a R$ 8.000/mês,0.0,0.0,0.0,0,0,0,0,7000.5
SP,de R$ 3.001/mês a R$ 4.000/mês,0.0,1.0,0.0,0,0,0,0,3500.5
MG,de R$ 8.001/mês a R$ 12.000/mês,0.0,0.0,1.0,0,0,0,0,10000.5
SC,de R$ 3.001/mês a R$ 4.000/mês,1.0,0.0,1.0,0,0,0,0,3500.5
PE,de R$ 2.001/mês a R$ 3.000/mês,0.0,0.0,1.0,0,0,0,0,2500.5
SP,de R$ 8.001/mês a R$ 12.000/mês,1.0,0.0,1.0,1,0,0,0,10000.5
MG,de R$ 12.001/mês a R$ 16.000/mês,1.0,0.0,1.0,1,0,1,0,14000.5
SP,de R$ 8.001/mês a R$ 12.000/mês,1.0,0.0,1.0,0,0,0,0,10000.5
RJ,de R$ 20.001/mês a R$ 25.000/mês,1.0,0.0,1.0,0,0,0,0,22500.5
RJ,de R$ 4.001/mês a R$ 6.000/mês,1.0,0.0,0.0,0,0,0,0,5000.5
PR,de R$ 12.001/mês a R$ 16.000/mês,1.0,0.0,1.0,0,0,0,0,14000.5
RS,de R$ 12.001/mês a R$ 16.000/mês,0.0,0.0,0.0,0,0,0,0,14000.5
RS,de R$ 12.001/mês a R$ 16.000/mês,1.0,0.0,1.0,0,0,0,0,14000.5
SP,de R$ 2.001/mês a R$ 3.000/mês,1.0,0.0,0.0,0,0,0,0,2500.5
SP,de R$ 6.001/mês a R$ 8.000/mês,1.0,0.0,0.0,0,1,1,0,7000.5
DF,de R$ 16.001/mês a R$ 20.000/mês,1.0,0.0,1.0,1,0,0,0,18000.5
SP,de R$ 8.001/mês a R$ 12.000/mês,1.0,0.0,1.0,1,0,0,0,10000.5
MS,de R$ 2.001/mês a R$ 3.000/mês,1.0,0.0,0.0,0,0,0,0,2500.5
SP,de R$ 30.001/mês a R$ 40.000/mês,0.0,0.0,0.0,0,0,0,0,35000.5
SP,de R$ 20.001/mês a R$ 25.000/mês,0.0,0.0,0.0,0,0,0,0,22500.5
SP,de R$ 3.001/mês a R$ 4.000/mês,1.0,0.0,1.0,0,0,0,0,3500.5
RJ,de R$ 16.001/mês a R$ 20.000/mês,0.0,0.0,0.0,0,0,0,0,18000.5
SP,Acima de R$ 40.001/mês,1.0,0.0,1.0,0,0,0,0,50000.0
PR,de R$ 3.001/mês a R$ 4.000/mês,0.0,0.0,0.0,0,0,0,0,3500.5
RS,de R$ 4.001/mês a R$ 6.000/mês,1.0,0.0,1.0,1,1,0,0,5000.5
RJ,de R$ 2.001/mês a R$ 3.000/mês,1.0,0.0,1.0,0,0,0,0,2500.5
SC,Não informado,0.0,0.0,0.0,0,0,0,0,10576.036405723906
SP,de R$ 8.001/mês a R$ 12.000/mês,1.0,0.0,1.0,1,0,0,0,10000.5
CE,de R$ 2.001/mês a R$ 3.000/mês,1.0,0.0,1.0,0,0,0,0,2500.5
DF,de R$ 2.001/mês a R$ 3.000/mês,0.0,1.0,0.0,0,0,0,0,2500.5
PR,de R$ 6.001/mês a R$ 8.000/mês,1.0,0.0,1.0,0,0,0,0,7000.5
MT,de R$ 4.001/mês a R$ 6.000/mês,0.0,0.0,0.0,0,0,0,0,5000.5
SC,de R$ 3.001/mês a R$ 4.000/mês,1.0,0.0,1.0,0,0,0,0,3500.5
RJ,de R$ 3.001/mês a R$ 4.000/mês,1.0,0.0,0.0,0,0,0,0,3500.5
ES,de R$ 6.001/mês a R$ 8.000/mês,1.0,0.0,1.0,0,1,1,0,7000.5
SP,de R$ 6.001/mês a R$ 8.000/mês,0.0,0.0,0.0,0,0,1,0,7000.5
SP,de R$ 6.001/mês a R$ 8.000/mês,1.0,0.0,1.0,0,0,0,0,7000.5
BA,de R$ 2.001/mês a R$ 3.000/mês,0.0,1.0,0.0,0,0,0,0,2500.5
DF,de R$ 12.001/mês a R$ 16.000/mês,0.0,0.0,0.0,0,0,0,0,14000.5
RS,de R$ 6.001/mês a R$ 8.000/mês,1.0,0.0,1.0,1,0,0,0,7000.5
SP,de R$ 8.001/mês a R$ 12.000/mês,1.0,0.0,1.0,0,0,0,0,10000.5
SC,de R$ 6.001/mês a R$ 8.000/mês,1.0,0.0,1.0,0,0,0,0,7000.5
PR,Não informado,0.0,0.0,0.0,0,0,0,0,10576.036405723906
SP,de R$ 4.001/mês a R$ 6.000/mês,1.0,0.0,0.0,0,0,0,0,5000.5
SP,de R$ 12.001/mês a R$ 16.000/mês,0.0,0.0,0.0,0,0,0,0,14000.5
RS,Menos de R$ 1.000/mês,0.0,0.0,1.0,0,0,0,0,500.0
MG,de R$ 4.001/mês a R$ 6.000/mês,0.0,0.0,0.0,1,0,0,0,5000.5
SP,de R$ 6.001/mês a R$ 8.000/mês,1.0,0.0,1.0,0,0,0,0,7000.5
SP,de R$ 4.001/mês a R$ 6.000/mês,1.0,0.0,0.0,1,0,0,0,5000.5
SP,de R$ 8.001/mês a R$ 12.000/mês,1.0,0.0,1.0,1,0,0,0,10000.5
BA,de R$ 4.001/mês a R$ 6.000/mês,1.0,0.0,1.0,0,0,0,0,5000.5
RS,Menos de R$ 1.000/mês,1.0,0.0,1.0,0,0,0,0,500.0
SP,de R$ 4.001/mês a R$ 6.000/mês,1.0,0.0,1.0,0,0,0,0,5000.5
MG,Não informado,0.0,0.0,0.0,0,0,0,0,10576.036405723906
CE,de R$ 4.001/mês a R$ 6.000/mês,1.0,0.0,1.0,0,0,0,0,5000.5
MG,de R$ 12.001/mês a R$ 16.000/mês,0.0,0.0,0.0,0,0,0,0,14000.5
RJ,de R$ 8.001/mês a R$ 12.000/mês,1.0,0.0,1.0,0,0,0,0,10000.5
RS,de R$ 2.001/mês a R$ 3.000/mês,0.0,1.0,0.0,0,0,0,0,2500.5
MG,de R$ 6.001/mês a R$ 8.000/mês,1.0,0.0,1.0,1,0,0,1,7000.5
MG,de R$ 4.001/mês a R$ 6.000/mês,1.0,0.0,1.0,1,0,0,0,5000.5
SP,de R$ 12.001/mês a R$ 16.000/mês,0.0,0.0,0.0,0,0,0,0,14000.5
SP,de R$ 8.001/mês a R$ 12.000/mês,0.0,0.0,0.0,0,0,0,0,10000.5
MG,de R$ 8.001/mês a R$ 12.000/mês,1.0,0.0,1.0,0,0,0,0,10000.5
SP,de R$ 2.001/mês a R$ 3.000/mês,0.0,0.0,0.0,0,0,0,0,2500.5
SP,de R$ 6.001/mês a R$ 8.000/mês,1.0,0.0,1.0,0,0,0,0,7000.5
SP,de R$ 25.001/mês a R$ 30.000/mês,0.0,0.0,0.0,0,0,0,0,27500.5
SP,Não informado,0.0,0.0,0.0,0,0,0,0,10576.036405723906
SP,Não informado,0.0,0.0,0.0,0,0,0,0,10576.036405723906
PR,de R$ 16.001/mês a R$ 20.000/mês,1.0,0.0,1.0,0,0,0,0,18000.5
SP,de R$ 30.001/mês a R$ 40.000/mês,0.0,0.0,0.0,0,0,0,0,35000.5
RS,de R$ 8.001/mês a R$ 12.000/mês,0.0,0.0,0.0,0,1,1,0,10000.5
PE,Não informado,0.0,0.0,0.0,0,0,0,0,10576.036405723906
BA,de R$ 6.001/mês a R$ 8.000/mês,0.0,1.0,0.0,0,0,0,0,7000.5
SP,de R$ 8.001/mês a R$ 12.000/mês,1.0,0.0,1.0,0,1,1,0,10000.5
RS,de R$ 8.001/mês a R$ 12.000/mês,1.0,0.0,1.0,0,0,1,0,10000.5
CE,de R$ 4.001/mês a R$ 6.000/mês,1.0,0.0,0.0,1,0,0,0,5000.5
MG,de R$ 8.001/mês a R$ 12.000/mês,1.0,0.0,1.0,0,0,0,0,10000.5
RJ,de R$ 20.001/mês a R$ 25.000/mês,0.0,0.0,0.0,0,0,0,0,22500.5
SP,de R$ 12.001/mês a R$ 16.000/mês,1.0,0.0,1.0,0,0,0,0,14000.5
BA,de R$ 8.001/mês a R$ 12.000/mês,0.0,0.0,0.0,0,0,0,0,10000.5
GO,de R$ 4.001/mês a R$ 6.000/mês,1.0,0.0,1.0,0,0,0,0,5000.5
PE,de R$ 8.001/mês a R$ 12.000/mês,1.0,0.0,1.0,0,0,0,0,10000.5
RS,de R$ 6.001/mês a R$ 8.000/mês,1.0,0.0,0.0,1,0,0,0,7000.5
SP,de R$ 6.001/mês a R$ 8.000/mês,1.0,0.0,0.0,0,0,0,0,7000.5
SP,de R$ 8.001/mês a R$ 12.000/mês,0.0,0.0,0.0,0,0,1,0,10000.5
PR,de R$ 6.001/mês a R$ 8.000/mês,1.0,0.0,1.0,0,0,0,0,7000.5
SP,de R$ 8.001/mês a R$ 12.000/mês,0.0,0.0,1.0,1,0,0,0,10000.5
MG,Não informado,0.0,0.0,0.0,0,0,0,0,10576.036405723906
SP,de R$ 8.001/mês a R$ 12.000/mês,1.0,0.0,1.0,0,0,0,0,10000.5
SP,de R$ 20.001/mês a R$ 25.000/mês,1.0,0.0,1.0,1,0,0,0,22500.5
PE,de R$ 2.001/mês a R$ 3.000/mês,1.0,0.0,0.0,0,0,0,0,2500.5
ES,de R$ 8.001/mês a R$ 12.000/mês,1.0,0.0,1.0,0,0,0,0,10000.5
RS,de R$ 8.001/mês a R$ 12.000/mês,1.0,0.0,1.0,0,0,0,0,10000.5
SP,de R$ 16.001/mês a R$ 20.000/mês,1.0,0.0,1.0,0,0,0,0,18000.5
GO,de R$ 8.001/mês a R$ 12.000/mês,1.0,0.0,1.0,0,0,0,0,10000.5
SP,de R$ 16.001/mês a R$ 20.000/mês,0.0,0.0,0.0,0,0,0,0,18000.5
SP,de R$ 8.001/mês a R$ 12.000/mês,1.0,0.0,1.0,0,0,0,0,10000.5
RS,de R$ 4.001/mês a R$ 6.000/mês,1.0,0.0,1.0,0,0,0,0,5000.5
SP,de R$ 6.001/mês a R$ 8.000/mês,1.0,0.0,1.0,0,1,1,0,7000.5
PR,de R$ 6.001/mês a R$ 8.000/mês,1.0,0.0,1.0,0,0,0,0,7000.5
PR,de R$ 16.001/mês a R$ 20.000/mês,0.0,0.0,0.0,0,0,0,0,18000.5
SP,de R$ 4.001/mês a R$ 6.000/mês,0.0,1.0,0.0,0,0,0,0,5000.5
SP,de R$ 12.001/mês a R$ 16.000/mês,0.0,0.0,0.0,0,0,0,0,14000.5
SP,de R$ 8.001/mês a R$ 12.000/mês,1.0,0.0,1.0,1,0,0,0,10000.5
BA,de R$ 8.001/mês a R$ 12.000/mês,1.0,0.0,1.0,0,0,0,0,10000.5
RN,de R$ 3.001/mês a R$ 4.000/mês,1.0,0.0,1.0,0,0,0,0,3500.5
SP,de R$ 8.001/mês a R$ 12.000/mês,1.0,0.0,1.0,1,0,0,0,10000.5
PE,de R$ 8.001/mês a R$ 12.000/mês,1.0,0.0,1.0,0,0,0,0,10000.5
SP,de R$ 8.001/mês a R$ 12.000/mês,1.0,0.0,1.0,0,0,0,0,10000.5
SP,de R$ 12.001/mês a R$ 16.000/mês,1.0,0.0,1.0,0,0,0,0,14000.5
SP,de R$ 12.001/mês a R$ 16.000/mês,0.0,0.0,0.0,0,0,0,0,14000.5
SP,de R$ 8.001/mês a R$ 12.000/mês,1.0,0.0,1.0,1,0,1,0,10000.5
MG,de R$ 12.001/mês a R$ 16.000/mês,0.0,0.0,0.0,0,0,0,0,14000.5
SP,de R$ 4.001/mês a R$ 6.000/mês,1.0,0.0,1.0,0,1,1,0,5000.5
MG,de R$ 12.001/mês a R$ 16.000/mês,1.0,0.0,1.0,0,0,0,0,14000.5
RJ,Acima de R$ 40.001/mês,0.0,0.0,0.0,0,0,0,0,50000.0
NI,de R$ 25.001/mês a R$ 30.000/mês,0.0,0.0,0.0,0,0,0,0,27500.5
MG,de R$ 3.001/mês a R$ 4.000/mês,1.0,0.0,1.0,0,0,0,0,3500.5
SP,de R$ 8.001/mês a R$ 12.000/mês,0.0,0.0,0.0,0,0,0,0,10000.5
SP,de R$ 16.001/mês a R$ 20.000/mês,0.0,0.0,0.0,0,0,0,0,18000.5
SP,de R$ 6.001/mês a R$ 8.000/mês,0.0,1.0,0.0,0,0,0,0,7000.5
SP,de R$ 30.001/mês a R$ 40.000/mês,0.0,0.0,0.0,0,0,0,0,35000.5
SC,de R$ 1.001/mês a R$ 2.000/mês,1.0,0.0,0.0,0,0,0,0,1500.5
SP,de R$ 6.001/mês a R$ 8.000/mês,1.0,0.0,1.0,0,0,0,0,7000.5
PR,de R$ 4.001/mês a R$ 6.000/mês,1.0,0.0,1.0,0,0,0,0,5000.5
MG,de R$ 8.001/mês a R$ 12.000/mês,1.0,0.0,1.0,0,0,0,0,10000.5
MG,de R$ 6.001/mês a R$ 8.000/mês,0.0,0.0,1.0,0,0,0,0,7000.5
RS,de R$ 3.001/mês a R$ 4.000/mês,1.0,0.0,1.0,0,0,1,0,3500.5
MG,Não informado,0.0,0.0,0.0,0,0,0,0,10576.036405723906
SP,de R$ 2.001/mês a R$ 3.000/mês,1.0,0.0,1.0,0,0,0,0,2500.5
PB,de R$ 4.001/mês a R$ 6.000/mês,1.0,0.0,1.0,0,1,1,0,5000.5
SP,de R$ 4.001/mês a R$ 6.000/mês,1.0,0.0,1.0,0,0,0,0,5000.5
RS,de R$ 16.001/mês a R$ 20.000/mês,0.0,0.0,0.0,0,0,0,0,18000.5
SP,de R$ 6.001/mês a R$ 8.000/mês,1.0,0.0,1.0,0,0,0,0,7000.5
SP,de R$ 3.001/mês a R$ 4.000/mês,0.0,1.0,0.0,0,0,0,0,3500.5
SP,de R$ 12.001/mês a R$ 16.000/mês,1.0,0.0,1.0,0,0,0,0,14000.5
SP,de R$ 25.001/mês a R$ 30.000/mês,0.0,0.0,0.0,0,0,0,0,27500.5
MG,de R$ 8.001/mês a R$ 12.000/mês,1.0,0.0,1.0,0,0,0,0,10000.5
CE,de R$ 6.001/mês a R$ 8.000/mês,1.0,0.0,1.0,0,0,0,0,7000.5
SP,de R$ 6.001/mês a R$ 8.000/mês,1.0,0.0,1.0,0,1,1,0,7000.5
SP,de R$ 16.001/mês a R$ 20.000/mês,1.0,0.0,1.0,0,0,0,0,18000.5
SP,de R$ 8.001/mês a R$ 12.000/mês,1.0,0.0,1.0,0,0,0,0,10000.5
RJ,de R$ 12.001/mês a R$ 16.000/mês,1.0,0.0,1.0,0,1,1,0,14000.5
SP,Não informado,0.0,0.0,0.0,0,0,0,0,10576.036405723906
SP,Não informado,0.0,0.0,0.0,0,0,0,0,10576.036405723906
SP,de R$ 12.001/mês a R$ 16.000/mês,1.0,0.0,1.0,0,0,0,0,14000.5
SP,de R$ 4.001/mês a R$ 6.000/mês,1.0,0.0,1.0,0,0,0,0,5000.5
PR,de R$ 4.001/mês a R$ 6.000/mês,1.0,0.0,1.0,0,1,1,0,5000.5
RS,de R$ 16.001/mês a R$ 20.000/mês,0.0,0.0,0.0,0,0,0,0,18000.5
RS,de R$ 8.001/mês a R$ 12.000/mês,1.0,0.0,1.0,0,0,0,0,10000.5
SP,de R$ 4.001/mês a R$ 6.000/mês,1.0,0.0,1.0,0,0,0,0,5000.5
RS,de R$ 8.001/mês a R$ 12.000/mês,1.0,0.0,1.0,0,0,0,0,10000.5
RJ,de R$ 3.001/mês a R$ 4.000/mês,1.0,0.0,1.0,0,0,0,0,3500.5
MG,de R$ 4.001/mês a R$ 6.000/mês,1.0,0.0,1.0,0,0,0,0,5000.5
SP,de R$ 6.001/mês a R$ 8.000/mês,1.0,0.0,0.0,0,0,0,0,7000.5
DF,de R$ 2.001/mês a R$ 3.000/mês,1.0,0.0,1.0,0,0,0,0,2500.5
SP,de R$ 6.001/mês a R$ 8.000/mês,1.0,0.0,1.0,0,0,0,0,7000.5
SP,de R$ 4.001/mês a R$ 6.000/mês,1.0,0.0,0.0,0,0,1,0,5000.5
SP,de R$ 6.001/mês a R$ 8.000/mês,1.0,0.0,1.0,1,0,0,0,7000.5
SP,de R$ 4.001/mês a R$ 6.000/mês,1.0,0.0,1.0,0,0,0,0,5000.5
SP,de R$ 4.001/mês a R$ 6.000/mês,1.0,0.0,1.0,0,0,0,0,5000.5
BA,de R$ 8.001/mês a R$ 12.000/mês,0.0,0.0,0.0,0,0,0,0,10000.5
RS,de R$ 2.001/mês a R$ 3.000/mês,1.0,0.0,0.0,0,0,0,0,2500.5
SP,de R$ 8.001/mês a R$ 12.000/mês,1.0,0.0,1.0,1,0,0,0,10000.5
BA,Não informado,0.0,0.0,0.0,0,0,0,0,10576.036405723906
SP,de R$ 2.001/mês a R$ 3.000/mês,0.0,1.0,0.0,0,0,0,0,2500.5
MG,de R$ 4.001/mês a R$ 6.000/mês,1.0,0.0,1.0,1,0,0,0,5000.5
PB,de R$ 3.001/mês a R$ 4.000/mês,1.0,0.0,1.0,0,0,0,0,3500.5
AL,de R$ 25.001/mês a R$ 30.000/mês,0.0,0.0,0.0,0,0,0,0,27500.5
PR,de R$ 4.001/mês a R$ 6.000/mês,1.0,0.0,1.0,0,0,0,0,5000.5
DF,Não informado,0.0,0.0,0.0,0,0,0,0,10576.036405723906
RS,Não informado,0.0,0.0,0.0,0,0,0,0,10576.036405723906
SP,de R$ 4.001/mês a R$ 6.000/mês,1.0,0.0,1.0,0,0,1,0,5000.5
SC,Não informado,0.0,0.0,0.0,0,0,0,0,10576.036405723906
SP,de R$ 16.001/mês a R$ 20.000/mês,0.0,0.0,0.0,0,0,0,0,18000.5
RJ,de R$ 2.001/mês a R$ 3.000/mês,1.0,0.0,0.0,1,0,0,0,2500.5
PA,de R$ 1.001/mês a R$ 2.000/mês,1.0,0.0,1.0,0,0,0,0,1500.5
RS,de R$ 16.001/mês a R$ 20.000/mês,1.0,0.0,1.0,0,1,1,0,18000.5
ES,de R$ 25.001/mês a R$ 30.000/mês,0.0,0.0,0.0,0,0,0,0,27500.5
RJ,de R$ 2.001/mês a R$ 3.000/mês,1.0,0.0,1.0,0,0,0,0,2500.5
SP,de R$ 25.001/mês a R$ 30.000/mês,0.0,0.0,0.0,0,0,0,0,27500.5
SP,de R$ 8.001/mês a R$ 12.000/mês,1.0,0.0,0.0,0,0,1,0,10000.5
CE,de R$ 12.001/mês a R$ 16.000/mês,1.0,0.0,1.0,0,0,0,0,14000.5
DF,de R$ 12.001/mês a R$ 16.000/mês,1.0,0.0,1.0,0,0,0,0,14000.5
SP,de R$ 1.001/mês a R$ 2.000/mês,1.0,0.0,1.0,0,0,0,0,1500.5
RS,de R$ 1.001/mês a R$ 2.000/mês,0.0,1.0,0.0,0,0,0,0,1500.5
SP,de R$ 8.001/mês a R$ 12.000/mês,1.0,0.0,1.0,0,1,1,1,10000.5
SP,de R$ 6.001/mês a R$ 8.000/mês,1.0,0.0,1.0,1,0,0,0,7000.5
SP,de R$ 8.001/mês a R$ 12.000/mês,1.0,0.0,1.0,1,0,0,0,10000.5
SP,de R$ 6.001/mês a R$ 8.000/mês,1.0,0.0,1.0,1,0,0,0,7000.5
SP,de R$ 8.001/mês a R$ 12.000/mês,0.0,0.0,0.0,0,0,0,0,10000.5
AM,Não informado,0.0,0.0,0.0,0,0,0,0,10576.036405723906
RJ,de R$ 4.001/mês a R$ 6.000/mês,1.0,0.0,1.0,0,0,0,0,5000.5
SP,de R$ 4.001/mês a R$ 6.000/mês,1.0,0.0,1.0,0,0,0,0,5000.5
SP,de R$ 12.001/mês a R$ 16.000/mês,1.0,0.0,1.0,0,0,0,0,14000.5
AM,de R$ 2.001/mês a R$ 3.000/mês,1.0,0.0,1.0,0,0,1,0,2500.5
SP,de R$ 8.001/mês a R$ 12.000/mês,1.0,0.0,1.0,1,0,0,0,10000.5
SP,de R$ 3.001/mês a R$ 4.000/mês,1.0,0.0,0.0,1,0,1,0,3500.5
SP,de R$ 3.001/mês a R$ 4.000/mês,1.0,0.0,0.0,0,0,0,0,3500.5
MG,de R$ 8.001/mês a R$ 12.000/mês,1.0,0.0,1.0,0,0,0,0,10000.5
SP,de R$ 6.001/mês a R$ 8.000/mês,0.0,0.0,0.0,0,1,1,1,7000.5
BA,de R$ 6.001/mês a R$ 8.000/mês,0.0,0.0,0.0,0,0,0,0,7000.5
SP,de R$ 4.001/mês a R$ 6.000/mês,1.0,0.0,1.0,0,0,0,0,5000.5
SP,de R$ 6.001/mês a R$ 8.000/mês,1.0,0.0,1.0,0,0,0,0,7000.5
RS,de R$ 6.001/mês a R$ 8.000/mês,1.0,0.0,1.0,1,0,0,0,7000.5
SP,de R$ 12.001/mês a R$ 16.000/mês,0.0,0.0,0.0,0,0,0,0,14000.5
SC,de R$ 4.001/mês a R$ 6.000/mês,1.0,0.0,1.0,0,0,0,0,5000.5
RS,de R$ 16.001/mês a R$ 20.000/mês,1.0,0.0,1.0,0,1,1,0,18000.5
MS,Não informado,0.0,0.0,0.0,0,0,0,0,10576.036405723906
SP,de R$ 12.001/mês a R$ 16.000/mês,0.0,1.0,0.0,0,0,0,0,14000.5
RJ,Não informado,0.0,0.0,0.0,0,0,0,0,10576.036405723906
MT,de R$ 8.001/mês a R$ 12.000/mês,1.0,0.0,0.0,0,0,0,0,10000.5
SP,de R$ 8.001/mês a R$ 12.000/mês,0.0,0.0,0.0,0,0,0,0,10000.5
PE,de R$ 2.001/mês a R$ 3.000/mês,0.0,1.0,0.0,0,0,0,0,2500.5
RJ,de R$ 8.001/mês a R$ 12.000/mês,0.0,0.0,0.0,0,0,0,0,10000.5
CE,Não informado,0.0,0.0,0.0,0,0,0,0,10576.036405723906
SP,de R$ 8.001/mês a R$ 12.000/mês,1.0,0.0,1.0,1,0,0,0,10000.5
PI,de R$ 4.001/mês a R$ 6.000/mês,0.0,0.0,0.0,0,0,0,0,5000.5
RJ,Não informado,0.0,0.0,0.0,0,0,0,0,10576.036405723906
RS,de R$ 6.001/mês a R$ 8.000/mês,0.0,1.0,0.0,0,0,0,0,7000.5
SP,de R$ 1.001/mês a R$ 2.000/mês,1.0,0.0,1.0,0,0,0,0,1500.5
SP,de R$ 20.001/mês a R$ 25.000/mês,0.0,0.0,0.0,0,0,0,0,22500.5
PR,de R$ 2.001/mês a R$ 3.000/mês,1.0,0.0,1.0,0,0,0,0,2500.5
SP,de R$ 12.001/mês a R$ 16.000/mês,1.0,0.0,1.0,0,0,0,0,14000.5
RJ,de R$ 6.001/mês a R$ 8.000/mês,0.0,0.0,0.0,0,0,0,0,7000.5
PE,de R$ 2.001/mês a R$ 3.000/mês,0.0,0.0,1.0,0,0,0,0,2500.5
PI,Não informado,0.0,0.0,0.0,0,0,0,0,10576.036405723906
SP,de R$ 12.001/mês a R$ 16.000/mês,1.0,0.0,0.0,1,0,0,0,14000.5
AP,de R$ 4.001/mês a R$ 6.000/mês,0.0,0.0,0.0,0,0,0,1,5000.5
SP,de R$ 4.001/mês a R$ 6.000/mês,1.0,0.0,1.0,0,0,0,0,5000.5
SC,de R$ 12.001/mês a R$ 16.000/mês,1.0,0.0,1.0,0,0,0,0,14000.5
SP,de R$ 3.001/mês a R$ 4.000/mês,0.0,0.0,0.0,0,0,0,0,3500.5
PR,de R$ 12.001/mês a R$ 16.000/mês,1.0,0.0,1.0,1,1,1,0,14000.5
SP,de R$ 8.001/mês a R$ 12.000/mês,0.0,0.0,0.0,0,0,0,0,10000.5
SC,de R$ 4.001/mês a R$ 6.000/mês,1.0,0.0,1.0,0,0,0,0,5000.5
SP,Não informado,0.0,0.0,0.0,0,0,0,0,10576.036405723906
PR,de R$ 16.001/mês a R$ 20.000/mês,0.0,0.0,0.0,0,0,0,0,18000.5
SP,Não informado,0.0,0.0,0.0,0,0,0,0,10576.036405723906
PR,de R$ 1.001/mês a R$ 2.000/mês,1.0,0.0,1.0,0,0,0,0,1500.5
DF,de R$ 8.001/mês a R$ 12.000/mês,1.0,0.0,1.0,1,0,0,0,10000.5
SP,de R$ 8.001/mês a R$ 12.000/mês,1.0,0.0,0.0,0,0,0,0,10000.5
SP,de R$ 8.001/mês a R$ 12.000/mês,1.0,0.0,1.0,0,0,0,0,10000.5
SP,de R$ 6.001/mês a R$ 8.000/mês,1.0,0.0,0.0,1,0,0,0,7000.5
SP,de R$ 12.001/mês a R$ 16.000/mês,1.0,0.0,1.0,0,0,0,0,14000.5
MG,de R$ 8.001/mês a R$ 12.000/mês,1.0,0.0,0.0,0,0,1,0,10000.5
BA,Não informado,0.0,0.0,0.0,0,0,0,0,10576.036405723906
SP,de R$ 6.001/mês a R$ 8.000/mês,1.0,0.0,1.0,0,0,0,0,7000.5
BA,de R$ 8.001/mês a R$ 12.000/mês,1.0,0.0,0.0,0,0,0,0,10000.5
ES,Não informado,0.0,0.0,0.0,0,0,0,0,10576.036405723906
RJ,de R$ 30.001/mês a R$ 40.000/mês,1.0,0.0,1.0,0,0,0,0,35000.5
SP,de R$ 4.001/mês a R$ 6.000/mês,1.0,0.0,1.0,0,0,0,0,5000.5
SP,de R$ 3.001/mês a R$ 4.000/mês,0.0,1.0,0.0,0,0,0,0,3500.5
SP,Não informado,0.0,0.0,0.0,0,0,0,0,10576.036405723906
PR,de R$ 8.001/mês a R$ 12.000/mês,1.0,0.0,0.0,0,0,0,0,10000.5
MG,de R$ 12.001/mês a R$ 16.000/mês,1.0,0.0,1.0,0,0,0,0,14000.5
SP,de R$ 6.001/mês a R$ 8.000/mês,1.0,0.0,1.0,0,0,0,0,7000.5
SP,de R$ 25.001/mês a R$ 30.000/mês,0.0,0.0,0.0,0,0,0,0,27500.5
SP,de R$ 20.001/mês a R$ 25.000/mês,0.0,1.0,0.0,0,0,0,0,22500.5
SP,de R$ 12.001/mês a R$ 16.000/mês,1.0,0.0,1.0,0,0,0,0,14000.5
SE,de R$ 12.001/mês a R$ 16.000/mês,1.0,0.0,1.0,0,0,0,0,14000.5
SP,de R$ 4.001/mês a R$ 6.000/mês,1.0,0.0,1.0,1,1,1,0,5000.5
RS,de R$ 6.001/mês a R$ 8.000/mês,1.0,0.0,1.0,0,0,0,0,7000.5
SP,de R$ 4.001/mês a R$ 6.000/mês,1.0,0.0,1.0,0,0,1,0,5000.5
SP,de R$ 6.001/mês a R$ 8.000/mês,1.0,0.0,1.0,1,0,0,0,7000.5
MG,de R$ 12.001/mês a R$ 16.000/mês,1.0,0.0,0.0,0,0,0,0,14000.5
SP,de R$ 6.001/mês a R$ 8.000/mês,1.0,0.0,0.0,0,0,0,0,7000.5
SP,Não informado,0.0,0.0,0.0,0,0,0,0,10576.036405723906
SC,de R$ 1.001/mês a R$ 2.000/mês,1.0,0.0,0.0,0,1,1,0,1500.5
MG,de R$ 8.001/mês a R$ 12.000/mês,1.0,0.0,1.0,0,0,0,0,10000.5
MG,de R$ 20.001/mês a R$ 25.000/mês,1.0,0.0,1.0,0,0,0,0,22500.5
RJ,de R$ 3.001/mês a R$ 4.000/mês,0.0,1.0,0.0,0,0,0,0,3500.5
MG,de R$ 8.001/mês a R$ 12.000/mês,1.0,0.0,1.0,0,0,0,0,10000.5
RS,Não informado,0.0,0.0,0.0,0,0,0,0,10576.036405723906
SP,de R$ 4.001/mês a R$ 6.000/mês,1.0,0.0,0.0,0,0,0,0,5000.5
GO,de R$ 2.001/mês a R$ 3.000/mês,1.0,0.0,1.0,0,0,0,0,2500.5
RS,de R$ 12.001/mês a R$ 16.000/mês,1.0,0.0,0.0,0,0,0,0,14000.5
PR,de R$ 8.001/mês a R$ 12.000/mês,1.0,0.0,1.0,0,0,0,0,10000.5
RN,de R$ 4.001/mês a R$ 6.000/mês,1.0,0.0,1.0,0,0,0,0,5000.5
CE,de R$ 4.001/mês a R$ 6.000/mês,1.0,0.0,1.0,1,0,0,0,5000.5
PE,de R$ 6.001/mês a R$ 8.000/mês,0.0,0.0,0.0,0,0,0,0,7000.5
SC,de R$ 8.001/mês a R$ 12.000/mês,1.0,0.0,0.0,0,0,0,0,10000.5
MG,de R$ 3.001/mês a R$ 4.000/mês,0.0,1.0,0.0,0,0,0,0,3500.5
SP,de R$ 8.001/mês a R$ 12.000/mês,1.0,0.0,1.0,1,0,0,0,10000.5
MG,de R$ 6.001/mês a R$ 8.000/mês,1.0,0.0,1.0,0,0,0,0,7000.5
MG,de R$ 8.001/mês a R$ 12.000/mês,0.0,0.0,0.0,0,0,0,0,10000.5
ES,de R$ 12.001/mês a R$ 16.000/mês,0.0,0.0,0.0,0,0,0,0,14000.5
RS,de R$ 8.001/mês a R$ 12.000/mês,0.0,0.0,1.0,1,0,0,0,10000.5
SP,Menos de R$ 1.000/mês,0.0,0.0,0.0,0,0,0,0,500.0
SC,de R$ 20.001/mês a R$ 25.000/mês,0.0,0.0,0.0,0,0,0,0,22500.5
RS,Não informado,0.0,0.0,0.0,0,0,0,0,10576.036405723906
RJ,de R$ 6.001/mês a R$ 8.000/mês,0.0,0.0,0.0,0,0,0,0,7000.5
SP,de R$ 4.001/mês a R$ 6.000/mês,1.0,0.0,1.0,0,0,0,0,5000.5
MG,de R$ 16.001/mês a R$ 20.000/mês,0.0,0.0,0.0,0,0,0,0,18000.5
SP,de R$ 6.001/mês a R$ 8.000/mês,1.0,0.0,1.0,0,0,0,0,7000.5
SP,de R$ 8.001/mês a R$ 12.000/mês,1.0,0.0,1.0,1,0,0,0,10000.5
NI,de R$ 16.001/mês a R$ 20.000/mês,1.0,0.0,0.0,0,0,1,0,18000.5
PR,de R$ 8.001/mês a R$ 12.000/mês,1.0,0.0,1.0,0,0,0,0,10000.5
PR,de R$ 8.001/mês a R$ 12.000/mês,1.0,0.0,1.0,0,0,0,0,10000.5
NI,Não informado,0.0,0.0,0.0,0,0,0,0,10576.036405723906
BA,Não informado,0.0,0.0,0.0,0,0,0,0,10576.036405723906
SP,de R$ 2.001/mês a R$ 3.000/mês,1.0,0.0,1.0,0,0,0,0,2500.5
SP,de R$ 8.001/mês a R$ 12.000/mês,1.0,0.0,0.0,0,0,0,0,10000.5
RJ,de R$ 2.001/mês a R$ 3.000/mês,0.0,0.0,1.0,0,1,1,0,2500.5
SP,de R$ 20.001/mês a R$ 25.000/mês,0.0,0.0,0.0,0,0,0,0,22500.5
SC,Não informado,0.0,0.0,0.0,0,0,0,0,10576.036405723906
SP,de R$ 20.001/mês a R$ 25.000/mês,0.0,0.0,0.0,0,0,0,0,22500.5
SC,de R$ 16.001/mês a R$ 20.000/mês,1.0,0.0,0.0,0,1,1,1,18000.5
RJ,de R$ 3.001/mês a R$ 4.000/mês,1.0,0.0,1.0,0,0,0,0,3500.5
SP,de R$ 12.001/mês a R$ 16.000/mês,0.0,0.0,0.0,0,0,0,0,14000.5
SP,de R$ 2.001/mês a R$ 3.000/mês,0.0,0.0,0.0,1,0,0,1,2500.5
MG,de R$ 4.001/mês a R$ 6.000/mês,1.0,0.0,1.0,0,0,0,0,5000.5
RJ,de R$ 8.001/mês a R$ 12.000/mês,1.0,0.0,1.0,0,0,0,0,10000.5
RS,de R$ 12.001/mês a R$ 16.000/mês,0.0,0.0,0.0,0,0,0,0,14000.5
DF,de R$ 8.001/mês a R$ 12.000/mês,0.0,0.0,0.0,0,0,0,0,10000.5
MG,de R$ 6.001/mês a R$ 8.000/mês,1.0,0.0,1.0,0,0,0,0,7000.5
SP,de R$ 4.001/mês a R$ 6.000/mês,0.0,1.0,0.0,0,0,0,0,5000.5
PR,de R$ 3.001/mês a R$ 4.000/mês,1.0,0.0,0.0,0,1,1,0,3500.5
SC,de R$ 20.001/mês a R$ 25.000/mês,1.0,0.0,1.0,0,0,0,0,22500.5
SP,de R$ 8.001/mês a R$ 12.000/mês,1.0,0.0,1.0,0,0,0,0,10000.5
RS,de R$ 3.001/mês a R$ 4.000/mês,1.0,0.0,0.0,0,0,0,0,3500.5
SP,de R$ 4.001/mês a R$ 6.000/mês,1.0,0.0,1.0,0,1,1,0,5000.5
RS,de R$ 8.001/mês a R$ 12.000/mês,1.0,0.0,1.0,1,0,0,0,10000.5
SP,de R$ 12.001/mês a R$ 16.000/mês,0.0,0.0,0.0,0,0,0,0,14000.5
RJ,de R$ 16.001/mês a R$ 20.000/mês,1.0,0.0,1.0,0,0,1,0,18000.5
SP,Acima de R$ 40.001/mês,1.0,0.0,1.0,0,0,0,0,50000.0
SP,de R$ 12.001/mês a R$ 16.000/mês,1.0,0.0,1.0,0,0,0,0,14000.5
SP,de R$ 16.001/mês a R$ 20.000/mês,0.0,0.0,0.0,0,0,0,0,18000.5
SP,de R$ 16.001/mês a R$ 20.000/mês,1.0,0.0,1.0,1,0,0,0,18000.5
MG,de R$ 6.001/mês a R$ 8.000/mês,1.0,0.0,1.0,0,1,1,0,7000.5
PR,de R$ 4.001/mês a R$ 6.000/mês,1.0,0.0,0.0,0,0,0,0,5000.5
MG,de R$ 8.001/mês a R$ 12.000/mês,1.0,0.0,1.0,0,1,1,0,10000.5
PR,de R$ 4.001/mês a R$ 6.000/mês,0.0,1.0,0.0,0,0,0,0,5000.5
MG,Não informado,0.0,0.0,0.0,0,0,0,0,10576.036405723906
MT,de R$ 8.001/mês a R$ 12.000/mês,0.0,0.0,1.0,1,0,0,0,10000.5
SP,de R$ 4.001/mês a R$ 6.000/mês,1.0,0.0,1.0,0,0,0,0,5000.5
MT,de R$ 8.001/mês a R$ 12.000/mês,1.0,0.0,1.0,0,0,0,0,10000.5
ES,de R$ 12.001/mês a R$ 16.000/mês,1.0,0.0,1.0,0,0,0,0,14000.5
NI,de R$ 25.001/mês a R$ 30.000/mês,0.0,0.0,0.0,0,0,0,0,27500.5
RJ,de R$ 12.001/mês a R$ 16.000/mês,1.0,0.0,1.0,0,0,0,0,14000.5
SP,de R$ 30.001/mês a R$ 40.000/mês,1.0,0.0,1.0,1,1,1,0,35000.5
RJ,de R$ 6.001/mês a R$ 8.000/mês,1.0,0.0,1.0,0,0,1,0,7000.5
PR,de R$ 12.001/mês a R$ 16.000/mês,1.0,0.0,1.0,0,0,0,0,14000.5
PE,de R$ 3.001/mês a R$ 4.000/mês,1.0,0.0,0.0,0,0,1,0,3500.5
MG,de R$ 4.001/mês a R$ 6.000/mês,1.0,0.0,0.0,0,0,0,0,5000.5
RJ,de R$ 6.001/mês a R$ 8.000/mês,1.0,0.0,1.0,0,0,0,0,7000.5
SP,de R$ 8.001/mês a R$ 12.000/mês,1.0,0.0,1.0,1,0,0,0,10000.5
SP,de R$ 6.001/mês a R$ 8.000/mês,1.0,0.0,1.0,0,0,0,0,7000.5
SP,de R$ 4.001/mês a R$ 6.000/mês,1.0,0.0,1.0,0,0,0,0,5000.5
DF,Não informado,0.0,0.0,0.0,0,0,0,0,10576.036405723906
DF,de R$ 3.001/mês a R$ 4.000/mês,1.0,0.0,1.0,1,0,0,0,3500.5
PE,de R$ 16.001/mês a R$ 20.000/mês,1.0,0.0,1.0,0,0,0,0,18000.5
PR,de R$ 6.001/mês a R$ 8.000/mês,1.0,0.0,1.0,0,0,0,0,7000.5
RS,de R$ 8.001/mês a R$ 12.000/mês,1.0,0.0,0.0,0,0,0,0,10000.5
RN,de R$ 4.001/mês a R$ 6.000/mês,0.0,0.0,0.0,0,0,0,0,5000.5
SC,de R$ 4.001/mês a R$ 6.000/mês,1.0,0.0,0.0,0,0,1,0,5000.5
SP,de R$ 3.001/mês a R$ 4.000/mês,0.0,1.0,0.0,0,0,0,0,3500.5
MG,Não informado,0.0,0.0,0.0,0,0,0,0,10576.036405723906
RJ,Não informado,0.0,0.0,0.0,0,0,0,0,10576.036405723906
NI,Acima de R$ 40.001/mês,1.0,0.0,1.0,0,0,0,0,50000.0
SP,de R$ 6.001/mês a R$ 8.000/mês,1.0,0.0,1.0,1,0,0,0,7000.5
PR,de R$ 12.001/mês a R$ 16.000/mês,1.0,0.0,1.0,1,0,0,0,14000.5
RJ,de R$ 16.001/mês a R$ 20.000/mês,1.0,0.0,1.0,0,0,0,0,18000.5
RJ,de R$ 6.001/mês a R$ 8.000/mês,1.0,0.0,1.0,0,0,0,0,7000.5
SP,de R$ 8.001/mês a R$ 12.000/mês,1.0,0.0,1.0,0,0,0,0,10000.5
BA,de R$ 6.001/mês a R$ 8.000/mês,1.0,0.0,1.0,0,0,0,0,7000.5
RJ,de R$ 12.001/mês a R$ 16.000/mês,0.0,0.0,0.0,0,0,0,0,14000.5
GO,Não informado,0.0,0.0,0.0,0,0,0,0,10576.036405723906
MT,de R$ 1.001/mês a R$ 2.000/mês,0.0,0.0,1.0,1,0,0,0,1500.5
CE,de R$ 12.001/mês a R$ 16.000/mês,1.0,0.0,1.0,0,0,0,0,14000.5
BA,de R$ 2.001/mês a R$ 3.000/mês,1.0,0.0,1.0,0,1,1,0,2500.5
CE,de R$ 8.001/mês a R$ 12.000/mês,1.0,0.0,1.0,0,0,1,0,10000.5
SP,de R$ 8.001/mês a R$ 12.000/mês,1.0,0.0,0.0,0,0,0,0,10000.5
SP,de R$ 12.001/mês a R$ 16.000/mês,1.0,0.0,1.0,0,0,0,0,14000.5
SP,de R$ 4.001/mês a R$ 6.000/mês,0.0,0.0,0.0,0,0,0,0,5000.5
RJ,de R$ 4.001/mês a R$ 6.000/mês,0.0,0.0,0.0,0,0,0,0,5000.5
SP,de R$ 8.001/mês a R$ 12.000/mês,0.0,0.0,0.0,0,0,0,0,10000.5
SP,de R$ 4.001/mês a R$ 6.000/mês,0.0,0.0,0.0,1,0,0,0,5000.5
SP,de R$ 12.001/mês a R$ 16.000/mês,1.0,0.0,1.0,0,0,0,0,14000.5
PR,de R$ 12.001/mês a R$ 16.000/mês,1.0,0.0,1.0,0,0,0,0,14000.5
RJ,de R$ 12.001/mês a R$ 16.000/mês,0.0,0.0,0.0,0,0,0,0,14000.5
RS,de R$ 8.001/mês a R$ 12.000/mês,1.0,0.0,1.0,0,0,0,0,10000.5
RS,de R$ 16.001/mês a R$ 20.000/mês,1.0,0.0,1.0,0,0,0,0,18000.5
SP,de R$ 8.001/mês a R$ 12.000/mês,1.0,0.0,1.0,0,0,0,0,10000.5
SC,de R$ 8.001/mês a R$ 12.000/mês,1.0,0.0,1.0,0,0,0,0,10000.5
SP,de R$ 12.001/mês a R$ 16.000/mês,1.0,0.0,1.0,1,0,0,0,14000.5
SP,de R$ 1.001/mês a R$ 2.000/mês,1.0,0.0,0.0,0,0,0,0,1500.5
MT,de R$ 12.001/mês a R$ 16.000/mês,1.0,0.0,1.0,1,0,0,0,14000.5
PR,de R$ 12.001/mês a R$ 16.000/mês,1.0,0.0,1.0,0,0,0,0,14000.5
MG,de R$ 8.001/mês a R$ 12.000/mês,0.0,0.0,0.0,0,0,0,0,10000.5
MG,de R$ 8.001/mês a R$ 12.000/mês,0.0,1.0,0.0,0,0,0,0,10000.5
MG,Não informado,0.0,0.0,0.0,0,0,0,0,10576.036405723906
SP,de R$ 6.001/mês a R$ 8.000/mês,1.0,0.0,1.0,0,0,0,0,7000.5
PR,de R$ 12.001/mês a R$ 16.000/mês,1.0,0.0,1.0,0,0,0,0,14000.5
SC,de R$ 2.001/mês a R$ 3.000/mês,0.0,0.0,0.0,0,1,1,0,2500.5
SP,de R$ 2.001/mês a R$ 3.000/mês,1.0,0.0,1.0,0,1,1,0,2500.5
MG,de R$ 3.001/mês a R$ 4.000/mês,0.0,1.0,0.0,0,0,0,0,3500.5
SP,de R$ 16.001/mês a R$ 20.000/mês,0.0,0.0,0.0,0,0,0,0,18000.5
SP,de R$ 20.001/mês a R$ 25.000/mês,1.0,0.0,1.0,1,0,0,0,22500.5
SP,de R$ 4.001/mês a R$ 6.000/mês,1.0,0.0,0.0,1,0,0,0,5000.5
SP,Não informado,0.0,0.0,0.0,0,0,0,0,10576.036405723906
RS,de R$ 4.001/mês a R$ 6.000/mês,1.0,0.0,1.0,0,0,0,0,5000.5
DF,de R$ 6.001/mês a R$ 8.000/mês,1.0,0.0,1.0,1,0,0,0,7000.5
BA,de R$ 12.001/mês a R$ 16.000/mês,1.0,0.0,1.0,0,0,1,0,14000.5
RJ,de R$ 12.001/mês a R$ 16.000/mês,1.0,0.0,0.0,0,0,0,0,14000.5
RJ,de R$ 6.001/mês a R$ 8.000/mês,1.0,0.0,0.0,0,0,0,0,7000.5
SE,de R$ 12.001/mês a R$ 16.000/mês,1.0,0.0,1.0,0,0,0,0,14000.5
SP,de R$ 12.001/mês a R$ 16.000/mês,1.0,0.0,1.0,0,0,0,0,14000.5
SC,de R$ 3.001/mês a R$ 4.000/mês,1.0,0.0,1.0,0,0,0,0,3500.5
SP,Acima de R$ 40.001/mês,0.0,0.0,0.0,0,0,0,0,50000.0
SP,de R$ 25.001/mês a R$ 30.000/mês,1.0,0.0,0.0,0,1,1,0,27500.5
PR,de R$ 8.001/mês a R$ 12.000/mês,1.0,0.0,1.0,0,0,1,0,10000.5
SP,de R$ 4.001/mês a R$ 6.000/mês,1.0,0.0,1.0,0,0,0,0,5000.5
SP,de R$ 12.001/mês a R$ 16.000/mês,1.0,0.0,1.0,1,0,0,0,14000.5
BA,de R$ 12.001/mês a R$ 16.000/mês,0.0,0.0,0.0,0,0,0,0,14000.5
SC,de R$ 4.001/mês a R$ 6.000/mês,1.0,0.0,1.0,0,0,0,0,5000.5
MG,de R$ 20.001/mês a R$ 25.000/mês,0.0,0.0,0.0,0,0,0,0,22500.5
PR,de R$ 30.001/mês a R$ 40.000/mês,1.0,0.0,1.0,1,0,0,0,35000.5
BA,Não informado,0.0,0.0,0.0,0,0,0,0,10576.036405723906
SC,de R$ 6.001/mês a R$ 8.000/mês,1.0,0.0,1.0,0,1,1,0,7000.5
PR,de R$ 4.001/mês a R$ 6.000/mês,1.0,0.0,0.0,0,0,0,0,5000.5
MG,de R$ 12.001/mês a R$ 16.000/mês,0.0,0.0,0.0,0,0,0,0,14000.5
ES,de R$ 4.001/mês a R$ 6.000/mês,1.0,0.0,1.0,0,0,0,0,5000.5
SP,de R$ 16.001/mês a R$ 20.000/mês,1.0,0.0,1.0,0,0,0,0,18000.5
SP,Não informado,0.0,0.0,0.0,0,0,0,0,10576.036405723906
BA,Não informado,0.0,0.0,0.0,0,0,0,0,10576.036405723906
SP,de R$ 12.001/mês a R$ 16.000/mês,1.0,0.0,1.0,0,0,1,0,14000.5
SP,de R$ 8.001/mês a R$ 12.000/mês,1.0,0.0,1.0,1,0,0,0,10000.5
SP,de R$ 3.001/mês a R$ 4.000/mês,1.0,0.0,1.0,0,0,1,0,3500.5
SC,de R$ 12.001/mês a R$ 16.000/mês,0.0,0.0,0.0,0,0,0,0,14000.5
SC,de R$ 8.001/mês a R$ 12.000/mês,1.0,0.0,1.0,0,0,0,0,10000.5
ES,de R$ 1.001/mês a R$ 2.000/mês,0.0,0.0,0.0,0,0,0,0,1500.5
SP,de R$ 8.001/mês a R$ 12.000/mês,1.0,0.0,1.0,0,1,1,0,10000.5
SP,de R$ 16.001/mês a R$ 20.000/mês,1.0,0.0,1.0,0,0,1,0,18000.5
MT,de R$ 8.001/mês a R$ 12.000/mês,1.0,0.0,1.0,0,1,1,0,10000.5
SC,de R$ 8.001/mês a R$ 12.000/mês,1.0,0.0,1.0,0,0,0,0,10000.5
MG,de R$ 2.001/mês a R$ 3.000/mês,1.0,0.0,0.0,1,0,0,0,2500.5
MG,de R$ 12.001/mês a R$ 16.000/mês,1.0,0.0,0.0,0,0,0,0,14000.5
SP,de R$ 2.001/mês a R$ 3.000/mês,1.0,0.0,1.0,0,0,0,0,2500.5
SP,de R$ 12.001/mês a R$ 16.000/mês,1.0,0.0,0.0,0,0,0,0,14000.5
SC,de R$ 8.001/mês a R$ 12.000/mês,1.0,0.0,1.0,0,0,0,0,10000.5
RJ,de R$ 30.001/mês a R$ 40.000/mês,1.0,0.0,1.0,0,0,0,0,35000.5
MG,de R$ 12.001/mês a R$ 16.000/mês,0.0,0.0,0.0,0,0,0,0,14000.5
DF,de R$ 12.001/mês a R$ 16.000/mês,1.0,0.0,1.0,0,0,0,0,14000.5
SP,de R$ 6.001/mês a R$ 8.000/mês,1.0,0.0,1.0,1,0,0,0,7000.5
AP,Não informado,0.0,0.0,0.0,0,0,0,0,10576.036405723906
SP,de R$ 20.001/mês a R$ 25.000/mês,1.0,0.0,1.0,0,0,0,0,22500.5
MG,Menos de R$ 1.000/mês,0.0,0.0,0.0,0,0,0,0,500.0
DF,Não informado,0.0,0.0,0.0,0,0,0,0,10576.036405723906
SP,Acima de R$ 40.001/mês,0.0,0.0,0.0,0,0,0,0,50000.0
MG,de R$ 8.001/mês a R$ 12.000/mês,1.0,0.0,1.0,0,0,0,0,10000.5
SP,de R$ 6.001/mês a R$ 8.000/mês,0.0,0.0,0.0,0,0,1,0,7000.5
SP,de R$ 8.001/mês a R$ 12.000/mês,1.0,0.0,1.0,1,0,0,0,10000.5
RJ,de R$ 4.001/mês a R$ 6.000/mês,1.0,0.0,1.0,0,0,0,0,5000.5
RJ,de R$ 8.001/mês a R$ 12.000/mês,1.0,0.0,1.0,1,1,1,0,10000.5
SP,Não informado,0.0,0.0,0.0,0,0,0,0,10576.036405723906
SP,de R$ 1.001/mês a R$ 2.000/mês,1.0,0.0,0.0,0,0,0,0,1500.5
MT,de R$ 8.001/mês a R$ 12.000/mês,1.0,0.0,1.0,0,0,0,0,10000.5
RJ,de R$ 8.001/mês a R$ 12.000/mês,1.0,0.0,1.0,0,0,0,0,10000.5
PB,de R$ 6.001/mês a R$ 8.000/mês,1.0,0.0,1.0,0,0,0,0,7000.5
PR,de R$ 3.001/mês a R$ 4.000/mês,1.0,0.0,0.0,0,0,1,0,3500.5
SP,de R$ 12.001/mês a R$ 16.000/mês,1.0,0.0,1.0,0,0,1,0,14000.5
SC,Não informado,0.0,0.0,0.0,0,0,0,0,10576.036405723906
RJ,de R$ 2.001/mês a R$ 3.000/mês,0.0,1.0,0.0,0,0,0,0,2500.5
RS,de R$ 1.001/mês a R$ 2.000/mês,1.0,0.0,0.0,1,0,1,0,1500.5
PI,Não informado,0.0,0.0,0.0,0,0,0,0,10576.036405723906
NI,Não informado,0.0,0.0,0.0,0,0,0,0,10576.036405723906
SP,de R$ 4.001/mês a R$ 6.000/mês,0.0,1.0,0.0,0,0,0,0,5000.5
DF,de R$ 8.001/mês a R$ 12.000/mês,1.0,0.0,1.0,0,0,0,0,10000.5
PR,de R$ 20.001/mês a R$ 25.000/mês,0.0,0.0,0.0,0,0,0,0,22500.5
SP,de R$ 6.001/mês a R$ 8.000/mês,1.0,0.0,1.0,0,0,0,0,7000.5
MG,de R$ 12.001/mês a R$ 16.000/mês,0.0,0.0,0.0,0,0,0,0,14000.5
SP,de R$ 8.001/mês a R$ 12.000/mês,1.0,0.0,1.0,1,0,0,0,10000.5
ES,de R$ 12.001/mês a R$ 16.000/mês,1.0,0.0,1.0,0,0,0,0,14000.5
SP,de R$ 4.001/mês a R$ 6.000/mês,1.0,0.0,1.0,0,0,0,0,5000.5
RN,de R$ 3.001/mês a R$ 4.000/mês,0.0,0.0,0.0,0,0,0,0,3500.5
AM,de R$ 8.001/mês a R$ 12.000/mês,0.0,0.0,1.0,0,0,0,0,10000.5
SP,de R$ 6.001/mês a R$ 8.000/mês,1.0,0.0,1.0,0,0,0,0,7000.5
DF,de R$ 2.001/mês a R$ 3.000/mês,1.0,0.0,1.0,0,0,0,0,2500.5
PE,de R$ 8.001/mês a R$ 12.000/mês,1.0,0.0,1.0,0,0,0,0,10000.5
MG,de R$ 8.001/mês a R$ 12.000/mês,0.0,0.0,0.0,0,0,0,0,10000.5
SC,de R$ 8.001/mês a R$ 12.000/mês,0.0,0.0,0.0,0,0,0,0,10000.5
RJ,de R$ 8.001/mês a R$ 12.000/mês,1.0,0.0,1.0,0,1,1,0,10000.5
RN,de R$ 12.001/mês a R$ 16.000/mês,0.0,1.0,0.0,0,0,0,0,14000.5
PR,de R$ 8.001/mês a R$ 12.000/mês,1.0,0.0,1.0,0,0,0,0,10000.5
DF,de R$ 16.001/mês a R$ 20.000/mês,1.0,0.0,1.0,0,0,1,0,18000.5
SP,de R$ 6.001/mês a R$ 8.000/mês,1.0,0.0,1.0,0,0,0,0,7000.5
SP,Não informado,0.0,0.0,0.0,0,0,0,0,10576.036405723906
ES,de R$ 8.001/mês a R$ 12.000/mês,1.0,0.0,1.0,0,0,0,0,10000.5
SP,de R$ 8.001/mês a R$ 12.000/mês,1.0,0.0,1.0,0,0,0,0,10000.5
RS,de R$ 6.001/mês a R$ 8.000/mês,1.0,0.0,1.0,0,0,0,0,7000.5
SP,de R$ 8.001/mês a R$ 12.000/mês,1.0,0.0,1.0,0,0,0,0,10000.5
SE,de R$ 4.001/mês a R$ 6.000/mês,1.0,0.0,1.0,0,0,0,0,5000.5
CE,de R$ 4.001/mês a R$ 6.000/mês,1.0,0.0,0.0,1,0,0,0,5000.5
RO,de R$ 3.001/mês a R$ 4.000/mês,1.0,0.0,0.0,1,0,0,0,3500.5
RJ,de R$ 8.001/mês a R$ 12.000/mês,1.0,0.0,1.0,0,0,0,0,10000.5
SC,de R$ 12.001/mês a R$ 16.000/mês,0.0,0.0,0.0,0,0,0,0,14000.5
BA,de R$ 6.001/mês a R$ 8.000/mês,1.0,0.0,0.0,1,0,0,0,7000.5
RJ,de R$ 30.001/mês a R$ 40.000/mês,1.0,0.0,1.0,0,0,0,0,35000.5
DF,de R$ 20.001/mês a R$ 25.000/mês,0.0,0.0,0.0,0,0,0,0,22500.5
SP,de R$ 20.001/mês a R$ 25.000/mês,0.0,0.0,0.0,0,0,0,0,22500.5
NI,Acima de R$ 40.001/mês,1.0,0.0,1.0,0,0,0,0,50000.0
DF,de R$ 20.001/mês a R$ 25.000/mês,1.0,0.0,1.0,0,0,0,0,22500.5
SP,de R$ 8.001/mês a R$ 12.000/mês,1.0,0.0,1.0,0,0,0,0,10000.5
MG,de R$ 25.001/mês a R$ 30.000/mês,0.0,0.0,0.0,0,0,0,0,27500.5
SP,Não informado,0.0,0.0,0.0,0,0,0,0,10576.036405723906
BA,de R$ 1.001/mês a R$ 2.000/mês,1.0,0.0,1.0,0,0,0,0,1500.5
SP,de R$ 16.001/mês a R$ 20.000/mês,0.0,0.0,0.0,0,0,0,0,18000.5
SP,de R$ 8.001/mês a R$ 12.000/mês,1.0,0.0,1.0,0,0,0,0,10000.5
SP,Não informado,0.0,0.0,0.0,0,0,0,0,10576.036405723906
RJ,de R$ 6.001/mês a R$ 8.000/mês,0.0,0.0,0.0,0,0,1,0,7000.5
SP,Não informado,0.0,0.0,0.0,0,0,0,0,10576.036405723906
NI,de R$ 3.001/mês a R$ 4.000/mês,1.0,0.0,1.0,0,0,0,0,3500.5
MT,de R$ 6.001/mês a R$ 8.000/mês,1.0,0.0,1.0,0,0,0,0,7000.5
MG,Não informado,0.0,0.0,0.0,0,0,0,0,10576.036405723906
PR,de R$ 4.001/mês a R$ 6.000/mês,1.0,0.0,1.0,0,0,0,0,5000.5
SP,de R$ 16.001/mês a R$ 20.000/mês,0.0,0.0,0.0,0,0,0,0,18000.5
RJ,de R$ 6.001/mês a R$ 8.000/mês,0.0,0.0,0.0,0,0,0,0,7000.5
SP,Não informado,0.0,0.0,0.0,0,0,0,0,10576.036405723906
SP,de R$ 4.001/mês a R$ 6.000/mês,0.0,1.0,0.0,0,0,0,0,5000.5
RN,de R$ 8.001/mês a R$ 12.000/mês,1.0,0.0,1.0,1,0,0,0,10000.5
SP,de R$ 8.001/mês a R$ 12.000/mês,1.0,0.0,1.0,1,0,0,0,10000.5
SP,de R$ 16.001/mês a R$ 20.000/mês,1.0,0.0,1.0,0,0,0,0,18000.5
SP,de R$ 8.001/mês a R$ 12.000/mês,1.0,0.0,0.0,0,0,0,0,10000.5
CE,Não informado,0.0,0.0,0.0,0,0,0,0,10576.036405723906
RJ,de R$ 3.001/mês a R$ 4.000/mês,0.0,0.0,0.0,1,0,0,0,3500.5
MG,Não informado,0.0,0.0,0.0,0,0,0,0,10576.036405723906
MG,de R$ 8.001/mês a R$ 12.000/mês,0.0,0.0,0.0,0,0,0,0,10000.5
SC,de R$ 8.001/mês a R$ 12.000/mês,1.0,0.0,1.0,0,0,0,0,10000.5
SP,de R$ 12.001/mês a R$ 16.000/mês,1.0,0.0,1.0,0,0,0,0,14000.5
RJ,de R$ 6.001/mês a R$ 8.000/mês,1.0,0.0,1.0,0,0,0,0,7000.5
RJ,de R$ 25.001/mês a R$ 30.000/mês,1.0,0.0,1.0,0,1,1,0,27500.5
PB,de R$ 12.001/mês a R$ 16.000/mês,0.0,0.0,1.0,0,0,0,0,14000.5
MG,de R$ 3.001/mês a R$ 4.000/mês,0.0,1.0,0.0,0,0,0,0,3500.5
ES,de R$ 6.001/mês a R$ 8.000/mês,1.0,0.0,1.0,0,0,0,0,7000.5
SP,de R$ 6.001/mês a R$ 8.000/mês,1.0,0.0,0.0,0,0,0,0,7000.5
SP,de R$ 4.001/mês a R$ 6.000/mês,1.0,0.0,0.0,1,0,0,0,5000.5
NI,de R$ 12.001/mês a R$ 16.000/mês,1.0,0.0,1.0,1,0,0,0,14000.5
BA,Não informado,0.0,0.0,0.0,0,0,0,0,10576.036405723906
SC,de R$ 6.001/mês a R$ 8.000/mês,0.0,1.0,0.0,0,0,0,0,7000.5
NI,Não informado,0.0,0.0,0.0,0,0,0,0,10576.036405723906
DF,de R$ 8.001/mês a R$ 12.000/mês,1.0,0.0,0.0,0,0,0,0,10000.5
SP,de R$ 8.001/mês a R$ 12.000/mês,0.0,0.0,0.0,0,0,0,0,10000.5
MG,de R$ 6.001/mês a R$ 8.000/mês,1.0,0.0,1.0,1,0,1,0,7000.5
RS,de R$ 4.001/mês a R$ 6.000/mês,1.0,0.0,1.0,0,0,0,0,5000.5
RS,Acima de R$ 40.001/mês,1.0,0.0,1.0,1,1,1,0,50000.0
ES,de R$ 30.001/mês a R$ 40.000/mês,0.0,0.0,1.0,0,0,1,0,35000.5
PR,de R$ 12.001/mês a R$ 16.000/mês,0.0,0.0,0.0,0,0,0,0,14000.5
SC,de R$ 12.001/mês a R$ 16.000/mês,1.0,0.0,1.0,0,0,1,0,14000.5
BA,de R$ 6.001/mês a R$ 8.000/mês,0.0,0.0,0.0,1,0,0,0,7000.5
PR,de R$ 6.001/mês a R$ 8.000/mês,1.0,0.0,1.0,0,0,0,0,7000.5
MG,de R$ 6.001/mês a R$ 8.000/mês,0.0,0.0,0.0,0,0,0,0,7000.5
PR,de R$ 4.001/mês a R$ 6.000/mês,1.0,0.0,1.0,0,0,0,0,5000.5
SP,de R$ 3.001/mês a R$ 4.000/mês,1.0,0.0,1.0,0,0,0,0,3500.5
ES,de R$ 4.001/mês a R$ 6.000/mês,1.0,0.0,1.0,0,0,0,0,5000.5
SP,de R$ 4.001/mês a R$ 6.000/mês,1.0,0.0,1.0,0,0,0,0,5000.5
RJ,de R$ 4.001/mês a R$ 6.000/mês,1.0,0.0,1.0,0,0,0,0,5000.5
SP,de R$ 25.001/mês a R$ 30.000/mês,0.0,0.0,0.0,0,0,0,0,27500.5
SP,de R$ 16.001/mês a R$ 20.000/mês,1.0,0.0,1.0,0,0,0,0,18000.5
CE,Não informado,0.0,0.0,0.0,0,0,0,0,10576.036405723906
MT,de R$ 4.001/mês a R$ 6.000/mês,1.0,0.0,0.0,0,0,1,0,5000.5
SP,Não informado,0.0,0.0,0.0,0,0,0,0,10576.036405723906
SC,de R$ 4.001/mês a R$ 6.000/mês,1.0,0.0,1.0,0,1,1,0,5000.5
AM,Não informado,0.0,0.0,0.0,0,0,0,0,10576.036405723906
MG,de R$ 8.001/mês a R$ 12.000/mês,1.0,0.0,1.0,0,0,0,0,10000.5
SP,de R$ 12.001/mês a R$ 16.000/mês,1.0,0.0,1.0,0,0,0,0,14000.5
PR,de R$ 8.001/mês a R$ 12.000/mês,1.0,0.0,1.0,0,0,0,0,10000.5
DF,de R$ 4.001/mês a R$ 6.000/mês,1.0,0.0,1.0,0,0,0,0,5000.5
PR,de R$ 16.001/mês a R$ 20.000/mês,0.0,0.0,0.0,0,0,0,0,18000.5
SC,de R$ 6.001/mês a R$ 8.000/mês,1.0,0.0,1.0,1,0,1,0,7000.5
PR,Não informado,0.0,0.0,0.0,0,0,0,0,10576.036405723906
RJ,de R$ 8.001/mês a R$ 12.000/mês,0.0,0.0,1.0,0,0,0,0,10000.5
SC,de R$ 8.001/mês a R$ 12.000/mês,0.0,0.0,0.0,0,0,0,0,10000.5
CE,de R$ 4.001/mês a R$ 6.000/mês,0.0,0.0,0.0,0,0,0,0,5000.5
DF,de R$ 12.001/mês a R$ 16.000/mês,1.0,0.0,0.0,0,0,0,0,14000.5
PA,de R$ 20.001/mês a R$ 25.000/mês,1.0,0.0,1.0,1,0,1,0,22500.5
SP,de R$ 12.001/mês a R$ 16.000/mês,1.0,0.0,1.0,0,0,0,0,14000.5
BA,de R$ 6.001/mês a R$ 8.000/mês,1.0,0.0,0.0,0,0,0,0,7000.5
PR,de R$ 3.001/mês a R$ 4.000/mês,0.0,0.0,0.0,0,0,0,0,3500.5
MG,de R$ 3.001/mês a R$ 4.000/mês,0.0,0.0,1.0,0,0,1,0,3500.5
SP,de R$ 2.001/mês a R$ 3.000/mês,0.0,0.0,1.0,0,0,0,0,2500.5
SE,de R$ 4.001/mês a R$ 6.000/mês,1.0,0.0,1.0,0,0,0,0,5000.5
MG,de R$ 4.001/mês a R$ 6.000/mês,0.0,0.0,0.0,0,0,0,0,5000.5
SP,Não informado,0.0,0.0,0.0,0,0,0,0,10576.036405723906
RJ,de R$ 6.001/mês a R$ 8.000/mês,1.0,0.0,1.0,0,0,0,0,7000.5
SP,de R$ 8.001/mês a R$ 12.000/mês,1.0,0.0,1.0,0,0,0,0,10000.5
SP,de R$ 12.001/mês a R$ 16.000/mês,0.0,0.0,0.0,0,0,0,0,14000.5
SP,de R$ 12.001/mês a R$ 16.000/mês,0.0,0.0,0.0,0,0,0,0,14000.5
TO,Não informado,0.0,0.0,0.0,0,0,0,0,10576.036405723906
SP,de R$ 8.001/mês a R$ 12.000/mês,1.0,0.0,1.0,0,0,0,0,10000.5
SP,de R$ 6.001/mês a R$ 8.000/mês,1.0,0.0,1.0,1,0,0,0,7000.5
MG,de R$ 6.001/mês a R$ 8.000/mês,0.0,0.0,0.0,0,0,1,0,7000.5
AL,de R$ 6.001/mês a R$ 8.000/mês,1.0,0.0,1.0,0,0,0,0,7000.5
SC,de R$ 8.001/mês a R$ 12.000/mês,1.0,0.0,1.0,0,1,0,0,10000.5
SP,de R$ 8.001/mês a R$ 12.000/mês,0.0,0.0,0.0,0,0,0,0,10000.5
RJ,de R$ 1.001/mês a R$ 2.000/mês,0.0,1.0,0.0,0,0,0,0,1500.5
RJ,de R$ 12.001/mês a R$ 16.000/mês,1.0,0.0,1.0,1,1,1,0,14000.5
SP,de R$ 1.001/mês a R$ 2.000/mês,1.0,0.0,1.0,0,0,0,0,1500.5
PR,de R$ 6.001/mês a R$ 8.000/mês,1.0,0.0,0.0,0,0,0,0,7000.5
RJ,de R$ 8.001/mês a R$ 12.000/mês,1.0,0.0,1.0,0,0,0,0,10000.5
RJ,de R$ 6.001/mês a R$ 8.000/mês,1.0,0.0,1.0,0,0,0,0,7000.5
SP,de R$ 3.001/mês a R$ 4.000/mês,0.0,1.0,0.0,0,0,0,0,3500.5
ES,de R$ 8.001/mês a R$ 12.000/mês,1.0,0.0,0.0,0,0,0,0,10000.5
CE,de R$ 12.001/mês a R$ 16.000/mês,1.0,0.0,1.0,0,0,0,0,14000.5
SP,de R$ 8.001/mês a R$ 12.000/mês,1.0,0.0,1.0,0,0,0,0,10000.5
SP,de R$ 12.001/mês a R$ 16.000/mês,0.0,0.0,0.0,0,0,0,0,14000.5
RS,de R$ 12.001/mês a R$ 16.000/mês,1.0,0.0,1.0,1,0,0,0,14000.5
PR,de R$ 4.001/mês a R$ 6.000/mês,1.0,0.0,1.0,0,1,1,0,5000.5
SP,de R$ 6.001/mês a R$ 8.000/mês,1.0,0.0,1.0,0,0,0,0,7000.5
DF,de R$ 6.001/mês a R$ 8.000/mês,1.0,0.0,1.0,1,0,0,0,7000.5
SP,de R$ 4.001/mês a R$ 6.000/mês,1.0,0.0,1.0,0,0,0,0,5000.5
PR,de R$ 12.001/mês a R$ 16.000/mês,1.0,0.0,1.0,0,0,0,0,14000.5
SP,Não informado,0.0,0.0,0.0,0,0,0,0,10576.036405723906
SP,de R$ 3.001/mês a R$ 4.000/mês,1.0,0.0,1.0,0,0,0,0,3500.5
RJ,de R$ 8.001/mês a R$ 12.000/mês,1.0,0.0,1.0,0,0,1,0,10000.5
SP,de R$ 6.001/mês a R$ 8.000/mês,0.0,0.0,0.0,0,0,0,0,7000.5
PR,Acima de R$ 40.001/mês,0.0,0.0,0.0,0,0,0,0,50000.0
MA,de R$ 12.001/mês a R$ 16.000/mês,1.0,0.0,1.0,0,0,0,0,14000.5
RJ,de R$ 8.001/mês a R$ 12.000/mês,1.0,0.0,1.0,0,0,0,0,10000.5
MG,de R$ 4.001/mês a R$ 6.000/mês,1.0,0.0,1.0,0,0,0,0,5000.5
SC,de R$ 16.001/mês a R$ 20.000/mês,0.0,0.0,0.0,0,0,0,0,18000.5
RJ,de R$ 8.001/mês a R$ 12.000/mês,1.0,0.0,1.0,0,0,0,0,10000.5
SC,de R$ 6.001/mês a R$ 8.000/mês,0.0,0.0,0.0,0,0,0,0,7000.5
RJ,Não informado,0.0,0.0,0.0,0,0,0,0,10576.036405723906
PR,de R$ 2.001/mês a R$ 3.000/mês,1.0,0.0,0.0,0,0,1,0,2500.5
NI,de R$ 8.001/mês a R$ 12.000/mês,0.0,0.0,0.0,1,0,0,0,10000.5
RS,de R$ 3.001/mês a R$ 4.000/mês,0.0,1.0,0.0,0,0,0,0,3500.5
CE,de R$ 4.001/mês a R$ 6.000/mês,1.0,0.0,1.0,0,0,0,0,5000.5
SP,de R$ 8.001/mês a R$ 12.000/mês,1.0,0.0,0.0,0,0,0,0,10000.5
NI,Não informado,0.0,0.0,0.0,0,0,0,0,10576.036405723906
RJ,de R$ 6.001/mês a R$ 8.000/mês,1.0,0.0,1.0,0,0,0,0,7000.5
ES,de R$ 3.001/mês a R$ 4.000/mês,1.0,0.0,0.0,0,0,0,0,3500.5
RJ,de R$ 1.001/mês a R$ 2.000/mês,1.0,0.0,1.0,0,0,0,0,1500.5
BA,de R$ 20.001/mês a R$ 25.000/mês,1.0,0.0,1.0,0,0,0,0,22500.5
AM,de R$ 6.001/mês a R$ 8.000/mês,0.0,0.0,1.0,0,0,0,0,7000.5
DF,de R$ 12.001/mês a R$ 16.000/mês,1.0,0.0,1.0,0,0,0,0,14000.5
DF,de R$ 2.001/mês a R$ 3.000/mês,1.0,0.0,1.0,1,0,0,0,2500.5
MG,de R$ 2.001/mês a R$ 3.000/mês,1.0,0.0,1.0,0,0,0,0,2500.5
SP,de R$ 4.001/mês a R$ 6.000/mês,0.0,0.0,1.0,0,0,1,0,5000.5
MG,de R$ 8.001/mês a R$ 12.000/mês,0.0,0.0,0.0,0,0,0,0,10000.5
SC,de R$ 8.001/mês a R$ 12.000/mês,1.0,0.0,1.0,0,1,1,0,10000.5
MG,de R$ 12.001/mês a R$ 16.000/mês,1.0,0.0,1.0,1,0,0,0,14000.5
SP,de R$ 12.001/mês a R$ 16.000/mês,1.0,0.0,1.0,0,0,0,0,14000.5
PR,de R$ 4.001/mês a R$ 6.000/mês,0.0,0.0,0.0,0,0,0,0,5000.5
SP,de R$ 6.001/mês a R$ 8.000/mês,1.0,0.0,1.0,0,0,0,0,7000.5
SE,de R$ 8.001/mês a R$ 12.000/mês,1.0,0.0,1.0,0,0,0,0,10000.5
SP,de R$ 25.001/mês a R$ 30.000/mês,0.0,0.0,0.0,0,0,0,0,27500.5
SC,de R$ 1.001/mês a R$ 2.000/mês,1.0,0.0,1.0,0,0,0,0,1500.5
RJ,de R$ 16.001/mês a R$ 20.000/mês,0.0,0.0,0.0,0,0,0,0,18000.5
SP,de R$ 8.001/mês a R$ 12.000/mês,1.0,0.0,1.0,0,0,0,0,10000.5
GO,de R$ 8.001/mês a R$ 12.000/mês,1.0,0.0,1.0,0,0,0,0,10000.5
PE,de R$ 6.001/mês a R$ 8.000/mês,1.0,0.0,0.0,0,0,0,0,7000.5
CE,de R$ 8.001/mês a R$ 12.000/mês,1.0,0.0,1.0,0,0,0,0,10000.5
RS,de R$ 12.001/mês a R$ 16.000/mês,1.0,0.0,1.0,0,0,0,0,14000.5
ES,de R$ 4.001/mês a R$ 6.000/mês,1.0,0.0,1.0,0,0,0,0,5000.5
SP,de R$ 8.001/mês a R$ 12.000/mês,1.0,0.0,1.0,0,0,0,0,10000.5
PR,de R$ 4.001/mês a R$ 6.000/mês,0.0,0.0,1.0,0,0,0,0,5000.5
SP,de R$ 8.001/mês a R$ 12.000/mês,1.0,0.0,1.0,0,0,0,0,10000.5
SP,de R$ 2.001/mês a R$ 3.000/mês,1.0,0.0,1.0,0,0,0,0,2500.5
SP,de R$ 8.001/mês a R$ 12.000/mês,1.0,0.0,1.0,0,0,0,0,10000.5
SP,de R$ 12.001/mês a R$ 16.000/mês,0.0,0.0,0.0,0,0,0,0,14000.5
SC,de R$ 6.001/mês a R$ 8.000/mês,1.0,0.0,0.0,0,0,1,0,7000.5
AL,de R$ 3.001/mês a R$ 4.000/mês,0.0,0.0,0.0,0,0,0,0,3500.5
PE,de R$ 8.001/mês a R$ 12.000/mês,1.0,0.0,1.0,0,0,0,0,10000.5
RJ,de R$ 8.001/mês a R$ 12.000/mês,1.0,0.0,1.0,0,0,0,0,10000.5
RS,de R$ 2.001/mês a R$ 3.000/mês,1.0,0.0,1.0,0,0,0,0,2500.5
PR,de R$ 8.001/mês a R$ 12.000/mês,1.0,0.0,1.0,0,0,0,0,10000.5
SP,de R$ 6.001/mês a R$ 8.000/mês,1.0,0.0,1.0,0,0,0,0,7000.5
SP,de R$ 12.001/mês a R$ 16.000/mês,0.0,0.0,0.0,0,0,0,0,14000.5
GO,de R$ 2.001/mês a R$ 3.000/mês,1.0,0.0,1.0,0,0,0,0,2500.5
AP,de R$ 12.001/mês a R$ 16.000/mês,0.0,0.0,0.0,0,0,0,0,14000.5
SC,de R$ 2.001/mês a R$ 3.000/mês,1.0,0.0,1.0,0,0,0,0,2500.5
AM,Não informado,0.0,0.0,0.0,0,0,0,0,10576.036405723906
RS,de R$ 8.001/mês a R$ 12.000/mês,1.0,0.0,1.0,0,0,0,0,10000.5
GO,Não informado,0.0,0.0,0.0,0,0,0,0,10576.036405723906
SP,de R$ 20.001/mês a R$ 25.000/mês,0.0,0.0,0.0,0,0,0,0,22500.5
SP,Não informado,0.0,0.0,0.0,0,0,0,0,10576.036405723906
PR,Não informado,0.0,0.0,0.0,0,0,0,0,10576.036405723906
SP,de R$ 20.001/mês a R$ 25.000/mês,0.0,0.0,0.0,0,0,0,0,22500.5
MG,de R$ 2.001/mês a R$ 3.000/mês,0.0,0.0,0.0,0,0,0,0,2500.5
MG,de R$ 8.001/mês a R$ 12.000/mês,1.0,0.0,1.0,0,0,0,0,10000.5
SP,de R$ 8.001/mês a R$ 12.000/mês,0.0,0.0,0.0,0,0,0,0,10000.5
SC,de R$ 12.001/mês a R$ 16.000/mês,1.0,0.0,1.0,0,0,0,0,14000.5
SP,de R$ 6.001/mês a R$ 8.000/mês,1.0,0.0,0.0,0,0,0,0,7000.5
SP,de R$ 2.001/mês a R$ 3.000/mês,1.0,0.0,1.0,0,0,0,0,2500.5
SP,de R$ 2.001/mês a R$ 3.000/mês,1.0,0.0,1.0,0,1,0,0,2500.5
PR,de R$ 4.001/mês a R$ 6.000/mês,0.0,1.0,0.0,0,0,0,0,5000.5
BA,Não informado,0.0,0.0,0.0,0,0,0,0,10576.036405723906
RS,de R$ 20.001/mês a R$ 25.000/mês,0.0,0.0,0.0,0,0,0,0,22500.5
RJ,de R$ 2.001/mês a R$ 3.000/mês,1.0,0.0,0.0,0,0,0,0,2500.5
DF,de R$ 4.001/mês a R$ 6.000/mês,1.0,0.0,1.0,0,0,0,0,5000.5
RS,de R$ 8.001/mês a R$ 12.000/mês,1.0,0.0,0.0,0,0,0,0,10000.5
SP,de R$ 3.001/mês a R$ 4.000/mês,1.0,0.0,0.0,0,0,0,0,3500.5
SP,de R$ 4.001/mês a R$ 6.000/mês,1.0,0.0,1.0,0,0,0,0,5000.5
PR,de R$ 20.001/mês a R$ 25.000/mês,1.0,0.0,1.0,0,0,0,0,22500.5
SP,de R$ 8.001/mês a R$ 12.000/mês,1.0,0.0,0.0,0,0,0,0,10000.5
BA,de R$ 6.001/mês a R$ 8.000/mês,1.0,0.0,1.0,0,1,1,0,7000.5
PR,de R$ 12.001/mês a R$ 16.000/mês,1.0,0.0,1.0,1,0,1,0,14000.5
GO,de R$ 2.001/mês a R$ 3.000/mês,1.0,0.0,1.0,0,0,0,0,2500.5
PR,Não informado,0.0,0.0,0.0,0,0,0,0,10576.036405723906
SP,de R$ 4.001/mês a R$ 6.000/mês,1.0,0.0,1.0,0,1,1,0,5000.5
SP,de R$ 8.001/mês a R$ 12.000/mês,1.0,0.0,0.0,1,0,0,0,10000.5
SP,de R$ 2.001/mês a R$ 3.000/mês,0.0,1.0,0.0,0,0,0,0,2500.5
RS,de R$ 3.001/mês a R$ 4.000/mês,1.0,0.0,1.0,1,0,0,0,3500.5
SP,de R$ 2.001/mês a R$ 3.000/mês,1.0,0.0,0.0,0,0,0,0,2500.5
PR,de R$ 3.001/mês a R$ 4.000/mês,0.0,0.0,0.0,0,0,0,0,3500.5
SC,de R$ 6.001/mês a R$ 8.000/mês,1.0,0.0,0.0,0,0,0,0,7000.5
SP,de R$ 6.001/mês a R$ 8.000/mês,0.0,0.0,0.0,0,0,0,0,7000.5
SP,de R$ 8.001/mês a R$ 12.000/mês,1.0,0.0,1.0,0,1,1,0,10000.5
RS,de R$ 16.001/mês a R$ 20.000/mês,0.0,0.0,0.0,0,0,0,0,18000.5
CE,de R$ 4.001/mês a R$ 6.000/mês,1.0,0.0,1.0,0,1,0,0,5000.5
SP,de R$ 3.001/mês a R$ 4.000/mês,0.0,1.0,0.0,0,0,0,0,3500.5
SP,de R$ 16.001/mês a R$ 20.000/mês,0.0,0.0,1.0,0,0,0,0,18000.5
SP,Não informado,0.0,0.0,0.0,0,0,0,0,10576.036405723906
SP,de R$ 12.001/mês a R$ 16.000/mês,0.0,0.0,0.0,0,0,0,0,14000.5
RJ,de R$ 30.001/mês a R$ 40.000/mês,0.0,0.0,0.0,0,0,0,0,35000.5
SP,de R$ 8.001/mês a R$ 12.000/mês,1.0,0.0,1.0,0,1,1,0,10000.5
SP,de R$ 8.001/mês a R$ 12.000/mês,1.0,0.0,1.0,0,0,0,0,10000.5
SP,Não informado,0.0,0.0,0.0,0,0,0,0,10576.036405723906
MG,de R$ 8.001/mês a R$ 12.000/mês,1.0,0.0,0.0,1,0,0,0,10000.5
NI,de R$ 4.001/mês a R$ 6.000/mês,1.0,0.0,1.0,0,0,0,0,5000.5
SP,de R$ 8.001/mês a R$ 12.000/mês,0.0,0.0,0.0,0,0,0,0,10000.5
SP,Não informado,0.0,0.0,0.0,0,0,0,0,10576.036405723906
SP,de R$ 8.001/mês a R$ 12.000/mês,1.0,0.0,1.0,0,0,0,0,10000.5
CE,de R$ 3.001/mês a R$ 4.000/mês,1.0,0.0,1.0,1,0,0,0,3500.5
PE,de R$ 4.001/mês a R$ 6.000/mês,1.0,0.0,1.0,0,0,0,0,5000.5
DF,de R$ 12.001/mês a R$ 16.000/mês,0.0,0.0,0.0,0,0,0,0,14000.5
SP,de R$ 8.001/mês a R$ 12.000/mês,0.0,1.0,0.0,0,0,0,0,10000.5
AL,de R$ 1.001/mês a R$ 2.000/mês,0.0,1.0,0.0,0,0,0,0,1500.5
SP,de R$ 4.001/mês a R$ 6.000/mês,1.0,0.0,1.0,0,0,0,0,5000.5
RJ,de R$ 4.001/mês a R$ 6.000/mês,1.0,0.0,1.0,0,0,0,0,5000.5
MG,de R$ 12.001/mês a R$ 16.000/mês,0.0,0.0,0.0,0,0,0,0,14000.5
SP,de R$ 12.001/mês a R$ 16.000/mês,0.0,0.0,0.0,0,0,0,0,14000.5
RS,de R$ 8.001/mês a R$ 12.000/mês,0.0,1.0,0.0,0,0,0,0,10000.5
RJ,de R$ 12.001/mês a R$ 16.000/mês,0.0,0.0,0.0,0,0,0,0,14000.5
BA,de R$ 3.001/mês a R$ 4.000/mês,1.0,0.0,1.0,0,0,0,0,3500.5
SP,de R$ 8.001/mês a R$ 12.000/mês,1.0,0.0,1.0,0,0,0,0,10000.5
SP,de R$ 4.001/mês a R$ 6.000/mês,0.0,0.0,0.0,0,0,0,0,5000.5
PB,de R$ 6.001/mês a R$ 8.000/mês,1.0,0.0,1.0,0,0,0,0,7000.5
RJ,de R$ 4.001/mês a R$ 6.000/mês,1.0,0.0,1.0,0,0,0,0,5000.5
SC,de R$ 8.001/mês a R$ 12.000/mês,1.0,0.0,1.0,0,0,0,0,10000.5
RJ,de R$ 25.001/mês a R$ 30.000/mês,1.0,0.0,1.0,0,0,0,0,27500.5
GO,de R$ 25.001/mês a R$ 30.000/mês,0.0,0.0,0.0,0,0,0,0,27500.5
PR,de R$ 2.001/mês a R$ 3.000/mês,1.0,0.0,1.0,0,0,0,0,2500.5
SC,Não informado,0.0,0.0,0.0,0,0,0,0,10576.036405723906
GO,de R$ 8.001/mês a R$ 12.000/mês,1.0,0.0,1.0,0,0,0,0,10000.5
PR,de R$ 4.001/mês a R$ 6.000/mês,1.0,0.0,1.0,1,0,0,0,5000.5
SP,de R$ 3.001/mês a R$ 4.000/mês,0.0,1.0,0.0,0,0,0,0,3500.5
SP,de R$ 2.001/mês a R$ 3.000/mês,1.0,0.0,0.0,0,0,0,0,2500.5
RS,Não informado,0.0,0.0,0.0,0,0,0,0,10576.036405723906
SP,de R$ 8.001/mês a R$ 12.000/mês,1.0,0.0,0.0,0,0,0,0,10000.5
RS,de R$ 8.001/mês a R$ 12.000/mês,1.0,0.0,1.0,1,0,0,0,10000.5
SP,de R$ 12.001/mês a R$ 16.000/mês,1.0,0.0,1.0,0,0,0,0,14000.5
PE,Menos de R$ 1.000/mês,1.0,0.0,1.0,0,0,0,0,500.0
NI,de R$ 12.001/mês a R$ 16.000/mês,1.0,0.0,1.0,0,0,0,0,14000.5
PE,de R$ 4.001/mês a R$ 6.000/mês,0.0,0.0,0.0,0,0,1,0,5000.5
DF,de R$ 8.001/mês a R$ 12.000/mês,1.0,0.0,1.0,0,0,0,0,10000.5
RJ,de R$ 4.001/mês a R$ 6.000/mês,0.0,0.0,1.0,0,1,1,0,5000.5
GO,de R$ 2.001/mês a R$ 3.000/mês,0.0,1.0,0.0,0,0,0,0,2500.5
SP,Não informado,0.0,0.0,0.0,0,0,0,0,10576.036405723906
MG,de R$ 2.001/mês a R$ 3.000/mês,1.0,0.0,0.0,1,0,0,0,2500.5
SP,de R$ 8.001/mês a R$ 12.000/mês,1.0,0.0,0.0,0,0,0,0,10000.5
PR,de R$ 3.001/mês a R$ 4.000/mês,1.0,0.0,1.0,0,0,0,0,3500.5
BA,de R$ 16.001/mês a R$ 20.000/mês,0.0,0.0,0.0,0,0,0,0,18000.5
MG,Não informado,0.0,0.0,0.0,0,0,0,0,10576.036405723906
PR,de R$ 4.001/mês a R$ 6.000/mês,0.0,1.0,0.0,0,0,0,0,5000.5
CE,Não informado,0.0,0.0,0.0,0,0,0,0,10576.036405723906
SP,de R$ 8.001/mês a R$ 12.000/mês,1.0,0.0,1.0,0,0,0,0,10000.5
RS,de R$ 8.001/mês a R$ 12.000/mês,0.0,0.0,0.0,1,0,0,0,10000.5
SP,de R$ 6.001/mês a R$ 8.000/mês,1.0,0.0,1.0,0,0,0,0,7000.5
MG,de R$ 4.001/mês a R$ 6.000/mês,1.0,0.0,1.0,0,0,0,0,5000.5
SP,de R$ 8.001/mês a R$ 12.000/mês,1.0,0.0,1.0,1,0,1,0,10000.5
SP,de R$ 20.001/mês a R$ 25.000/mês,0.0,0.0,0.0,0,0,0,0,22500.5
BA,de R$ 8.001/mês a R$ 12.000/mês,1.0,0.0,1.0,0,0,0,0,10000.5
GO,de R$ 30.001/mês a R$ 40.000/mês,0.0,0.0,0.0,0,0,0,0,35000.5
MG,de R$ 12.001/mês a R$ 16.000/mês,1.0,0.0,1.0,0,0,0,0,14000.5
SP,de R$ 4.001/mês a R$ 6.000/mês,1.0,0.0,0.0,0,0,0,0,5000.5
SP,de R$ 12.001/mês a R$ 16.000/mês,1.0,0.0,1.0,0,0,0,0,14000.5
GO,de R$ 8.001/mês a R$ 12.000/mês,0.0,0.0,0.0,0,0,0,0,10000.5
SP,de R$ 8.001/mês a R$ 12.000/mês,1.0,0.0,0.0,0,0,0,0,10000.5
SP,de R$ 4.001/mês a R$ 6.000/mês,0.0,0.0,0.0,0,0,0,0,5000.5
BA,de R$ 16.001/mês a R$ 20.000/mês,1.0,0.0,1.0,0,0,0,0,18000.5
SP,de R$ 3.001/mês a R$ 4.000/mês,1.0,0.0,0.0,0,0,0,0,3500.5
BA,de R$ 4.001/mês a R$ 6.000/mês,0.0,0.0,0.0,0,0,0,0,5000.5
DF,de R$ 8.001/mês a R$ 12.000/mês,1.0,0.0,1.0,0,1,1,0,10000.5
MG,de R$ 6.001/mês a R$ 8.000/mês,1.0,0.0,1.0,1,0,0,0,7000.5
SC,de R$ 20.001/mês a R$ 25.000/mês,1.0,0.0,1.0,0,0,0,0,22500.5
MT,de R$ 4.001/mês a R$ 6.000/mês,1.0,0.0,1.0,0,0,1,0,5000.5
SP,de R$ 6.001/mês a R$ 8.000/mês,1.0,0.0,1.0,0,0,0,0,7000.5
RJ,de R$ 12.001/mês a R$ 16.000/mês,0.0,0.0,0.0,0,0,0,0,14000.5
DF,de R$ 4.001/mês a R$ 6.000/mês,1.0,0.0,1.0,0,0,0,0,5000.5
DF,de R$ 8.001/mês a R$ 12.000/mês,1.0,0.0,1.0,1,0,0,0,10000.5
PR,de R$ 1.001/mês a R$ 2.000/mês,1.0,0.0,0.0,0,0,0,0,1500.5
SP,de R$ 16.001/mês a R$ 20.000/mês,0.0,0.0,0.0,0,0,0,0,18000.5
SP,de R$ 8.001/mês a R$ 12.000/mês,0.0,0.0,0.0,0,0,0,0,10000.5
PR,de R$ 3.001/mês a R$ 4.000/mês,1.0,0.0,1.0,0,1,1,0,3500.5
TO,Não informado,0.0,0.0,0.0,0,0,0,0,10576.036405723906
SP,de R$ 12.001/mês a R$ 16.000/mês,1.0,0.0,0.0,0,0,0,0,14000.5
MG,de R$ 3.001/mês a R$ 4.000/mês,1.0,0.0,1.0,0,0,0,0,3500.5
SP,de R$ 8.001/mês a R$ 12.000/mês,0.0,1.0,0.0,0,0,0,0,10000.5
RJ,de R$ 8.001/mês a R$ 12.000/mês,1.0,0.0,1.0,0,0,0,0,10000.5
CE,Não informado,0.0,0.0,0.0,0,0,0,0,10576.036405723906
SP,de R$ 8.001/mês a R$ 12.000/mês,1.0,0.0,1.0,0,0,0,0,10000.5
PR,de R$ 8.001/mês a R$ 12.000/mês,1.0,0.0,1.0,0,0,0,0,10000.5
SP,de R$ 8.001/mês a R$ 12.000/mês,1.0,0.0,1.0,0,0,1,0,10000.5
SP,de R$ 16.001/mês a R$ 20.000/mês,0.0,0.0,0.0,0,0,0,0,18000.5
NI,Não informado,0.0,0.0,0.0,0,0,0,0,10576.036405723906
MG,de R$ 8.001/mês a R$ 12.000/mês,1.0,0.0,1.0,0,0,0,0,10000.5
SP,de R$ 3.001/mês a R$ 4.000/mês,1.0,0.0,1.0,1,0,0,0,3500.5
MG,de R$ 20.001/mês a R$ 25.000/mês,1.0,0.0,1.0,0,0,1,0,22500.5
BA,Não informado,0.0,0.0,0.0,0,0,0,0,10576.036405723906
SP,de R$ 4.001/mês a R$ 6.000/mês,1.0,0.0,1.0,0,0,1,0,5000.5
GO,de R$ 6.001/mês a R$ 8.000/mês,1.0,0.0,0.0,0,0,1,0,7000.5
SP,de R$ 4.001/mês a R$ 6.000/mês,1.0,0.0,0.0,0,0,0,0,5000.5
NI,de R$ 16.001/mês a R$ 20.000/mês,1.0,0.0,1.0,0,0,0,0,18000.5
MG,Não informado,0.0,0.0,0.0,0,0,0,0,10576.036405723906
BA,de R$ 12.001/mês a R$ 16.000/mês,1.0,0.0,1.0,0,0,0,0,14000.5
PR,de R$ 12.001/mês a R$ 16.000/mês,1.0,0.0,1.0,1,0,0,0,14000.5
MG,de R$ 6.001/mês a R$ 8.000/mês,1.0,0.0,1.0,0,0,0,0,7000.5
PE,de R$ 1.001/mês a R$ 2.000/mês,1.0,0.0,1.0,0,0,0,0,1500.5
SP,de R$ 2.001/mês a R$ 3.000/mês,0.0,0.0,0.0,0,0,0,0,2500.5
SC,de R$ 6.001/mês a R$ 8.000/mês,1.0,0.0,1.0,0,0,0,0,7000.5
SP,de R$ 3.001/mês a R$ 4.000/mês,1.0,0.0,1.0,0,0,0,0,3500.5
SP,de R$ 12.001/mês a R$ 16.000/mês,0.0,0.0,0.0,0,0,0,0,14000.5
SP,de R$ 8.001/mês a R$ 12.000/mês,1.0,0.0,1.0,1,0,0,0,10000.5
SP,de R$ 8.001/mês a R$ 12.000/mês,0.0,0.0,0.0,0,0,0,0,10000.5
SP,de R$ 8.001/mês a R$ 12.000/mês,1.0,0.0,1.0,0,0,0,0,10000.5
SP,de R$ 6.001/mês a R$ 8.000/mês,0.0,1.0,0.0,0,0,0,0,7000.5
PR,de R$ 3.001/mês a R$ 4.000/mês,1.0,0.0,0.0,0,0,0,0,3500.5
RS,de R$ 4.001/mês a R$ 6.000/mês,0.0,0.0,0.0,1,0,0,0,5000.5
RS,de R$ 8.001/mês a R$ 12.000/mês,0.0,1.0,0.0,0,0,1,0,10000.5
PE,Não informado,0.0,0.0,0.0,0,0,0,0,10576.036405723906
SP,de R$ 6.001/mês a R$ 8.000/mês,1.0,0.0,1.0,0,0,0,0,7000.5
PA,Não informado,0.0,0.0,0.0,0,0,0,0,10576.036405723906
MG,de R$ 6.001/mês a R$ 8.000/mês,1.0,0.0,1.0,0,0,0,0,7000.5
BA,de R$ 8.001/mês a R$ 12.000/mês,0.0,0.0,0.0,0,0,0,0,10000.5
SC,de R$ 6.001/mês a R$ 8.000/mês,0.0,0.0,0.0,0,0,0,0,7000.5
SP,de R$ 8.001/mês a R$ 12.000/mês,1.0,0.0,1.0,0,0,0,0,10000.5
SP,Não informado,0.0,0.0,0.0,0,0,0,0,10576.036405723906
PR,de R$ 3.001/mês a R$ 4.000/mês,1.0,0.0,1.0,0,0,0,0,3500.5
SC,de R$ 20.001/mês a R$ 25.000/mês,0.0,0.0,0.0,0,0,0,0,22500.5
SP,de R$ 8.001/mês a R$ 12.000/mês,1.0,0.0,1.0,0,0,0,0,10000.5
SP,de R$ 6.001/mês a R$ 8.000/mês,1.0,0.0,1.0,0,0,0,0,7000.5
CE,de R$ 8.001/mês a R$ 12.000/mês,0.0,0.0,0.0,0,0,0,0,10000.5
GO,de R$ 12.001/mês a R$ 16.000/mês,0.0,0.0,0.0,0,0,0,0,14000.5
SP,de R$ 6.001/mês a R$ 8.000/mês,0.0,0.0,0.0,0,0,0,0,7000.5
PA,Não informado,0.0,0.0,0.0,0,0,0,0,10576.036405723906
PR,Não informado,0.0,0.0,0.0,0,0,0,0,10576.036405723906
SP,de R$ 16.001/mês a R$ 20.000/mês,1.0,0.0,1.0,1,0,0,0,18000.5
SP,de R$ 30.001/mês a R$ 40.000/mês,1.0,0.0,1.0,1,0,0,0,35000.5
RS,Não informado,0.0,0.0,0.0,0,0,0,0,10576.036405723906
RJ,de R$ 12.001/mês a R$ 16.000/mês,1.0,0.0,1.0,0,0,0,0,14000.5
SP,de R$ 6.001/mês a R$ 8.000/mês,1.0,0.0,1.0,0,0,0,0,7000.5
MG,de R$ 6.001/mês a R$ 8.000/mês,0.0,0.0,0.0,0,0,0,0,7000.5
SP,de R$ 16.001/mês a R$ 20.000/mês,0.0,0.0,0.0,0,0,0,0,18000.5
ES,de R$ 1.001/mês a R$ 2.000/mês,1.0,0.0,1.0,0,0,0,0,1500.5
SP,de R$ 6.001/mês a R$ 8.000/mês,0.0,1.0,0.0,0,0,0,0,7000.5
SP,de R$ 16.001/mês a R$ 20.000/mês,0.0,0.0,0.0,0,0,0,0,18000.5
SP,de R$ 4.001/mês a R$ 6.000/mês,1.0,0.0,1.0,0,0,1,0,5000.5
ES,de R$ 3.001/mês a R$ 4.000/mês,1.0,0.0,1.0,0,0,0,0,3500.5
PR,de R$ 8.001/mês a R$ 12.000/mês,1.0,0.0,1.0,1,0,0,0,10000.5
SP,de R$ 8.001/mês a R$ 12.000/mês,1.0,0.0,1.0,0,0,0,0,10000.5
SP,de R$ 8.001/mês a R$ 12.000/mês,1.0,0.0,1.0,0,0,0,0,10000.5
MG,de R$ 30.001/mês a R$ 40.000/mês,0.0,0.0,0.0,0,0,0,0,35000.5
NI,de R$ 25.001/mês a R$ 30.000/mês,1.0,0.0,1.0,0,1,1,0,27500.5
RS,de R$ 3.001/mês a R$ 4.000/mês,1.0,0.0,1.0,0,0,0,0,3500.5
SP,de R$ 8.001/mês a R$ 12.000/mês,1.0,0.0,1.0,1,0,0,0,10000.5
SP,de R$ 8.001/mês a R$ 12.000/mês,0.0,0.0,0.0,0,0,0,0,10000.5
SP,de R$ 8.001/mês a R$ 12.000/mês,1.0,0.0,1.0,0,0,0,0,10000.5
SP,de R$ 12.001/mês a R$ 16.000/mês,0.0,0.0,0.0,0,0,0,0,14000.5
SC,de R$ 3.001/mês a R$ 4.000/mês,1.0,0.0,1.0,1,1,1,1,3500.5
DF,de R$ 2.001/mês a R$ 3.000/mês,1.0,0.0,1.0,0,0,0,0,2500.5
BA,de R$ 6.001/mês a R$ 8.000/mês,0.0,0.0,0.0,0,0,0,0,7000.5
SC,de R$ 3.001/mês a R$ 4.000/mês,0.0,1.0,0.0,0,0,0,0,3500.5
RS,de R$ 16.001/mês a R$ 20.000/mês,1.0,0.0,1.0,0,1,1,0,18000.5
SP,de R$ 12.001/mês a R$ 16.000/mês,0.0,0.0,0.0,0,0,0,0,14000.5
RJ,de R$ 8.001/mês a R$ 12.000/mês,1.0,0.0,0.0,0,0,0,0,10000.5
RS,de R$ 8.001/mês a R$ 12.000/mês,1.0,0.0,1.0,0,0,0,0,10000.5
SP,de R$ 12.001/mês a R$ 16.000/mês,0.0,0.0,0.0,0,0,0,0,14000.5
SP,de R$ 12.001/mês a R$ 16.000/mês,1.0,0.0,1.0,0,0,0,0,14000.5
RJ,de R$ 8.001/mês a R$ 12.000/mês,1.0,0.0,1.0,1,0,1,0,10000.5
DF,de R$ 4.001/mês a R$ 6.000/mês,1.0,0.0,1.0,0,0,0,0,5000.5
PR,de R$ 8.001/mês a R$ 12.000/mês,1.0,0.0,1.0,0,1,1,0,10000.5
MG,de R$ 16.001/mês a R$ 20.000/mês,0.0,0.0,0.0,0,0,0,0,18000.5
SP,de R$ 16.001/mês a R$ 20.000/mês,1.0,0.0,1.0,1,0,0,0,18000.5
SC,Menos de R$ 1.000/mês,0.0,0.0,1.0,0,0,0,0,500.0
GO,Não informado,0.0,0.0,0.0,0,0,0,0,10576.036405723906
SP,de R$ 8.001/mês a R$ 12.000/mês,1.0,0.0,1.0,0,0,0,0,10000.5
SP,de R$ 8.001/mês a R$ 12.000/mês,1.0,0.0,1.0,1,0,0,0,10000.5
PE,de R$ 1.001/mês a R$ 2.000/mês,0.0,0.0,1.0,0,0,0,0,1500.5
SP,de R$ 20.001/mês a R$ 25.000/mês,0.0,0.0,0.0,0,0,0,0,22500.5
RJ,de R$ 1.001/mês a R$ 2.000/mês,0.0,0.0,0.0,1,0,0,0,1500.5
GO,de R$ 8.001/mês a R$ 12.000/mês,1.0,0.0,1.0,0,0,0,0,10000.5
PR,de R$ 6.001/mês a R$ 8.000/mês,1.0,0.0,1.0,0,0,0,0,7000.5
MG,de R$ 3.001/mês a R$ 4.000/mês,1.0,0.0,1.0,0,0,0,0,3500.5
PR,de R$ 30.001/mês a R$ 40.000/mês,1.0,0.0,1.0,0,0,0,0,35000.5
SP,de R$ 8.001/mês a R$ 12.000/mês,1.0,0.0,0.0,0,1,1,0,10000.5
PR,de R$ 3.001/mês a R$ 4.000/mês,1.0,0.0,1.0,0,0,0,0,3500.5
RJ,de R$ 20.001/mês a R$ 25.000/mês,0.0,0.0,0.0,0,0,0,0,22500.5
SP,de R$ 6.001/mês a R$ 8.000/mês,1.0,0.0,1.0,0,0,0,0,7000.5
SP,de R$ 4.001/mês a R$ 6.000/mês,0.0,0.0,0.0,0,0,0,0,5000.5
SP,Não informado,0.0,0.0,0.0,0,0,0,0,10576.036405723906
SC,de R$ 6.001/mês a R$ 8.000/mês,1.0,0.0,1.0,0,0,0,0,7000.5
SP,de R$ 8.001/mês a R$ 12.000/mês,1.0,0.0,1.0,0,0,0,0,10000.5
SP,de R$ 4.001/mês a R$ 6.000/mês,1.0,0.0,1.0,0,0,0,0,5000.5
ES,de R$ 12.001/mês a R$ 16.000/mês,0.0,0.0,1.0,0,0,0,0,14000.5
SP,de R$ 4.001/mês a R$ 6.000/mês,0.0,0.0,0.0,0,0,0,0,5000.5
SP,de R$ 25.001/mês a R$ 30.000/mês,0.0,0.0,0.0,0,0,0,0,27500.5
PB,Não informado,0.0,0.0,0.0,0,0,0,0,10576.036405723906
SC,de R$ 3.001/mês a R$ 4.000/mês,1.0,0.0,1.0,0,0,0,0,3500.5
SP,de R$ 12.001/mês a R$ 16.000/mês,1.0,0.0,1.0,0,0,0,0,14000.5
SP,de R$ 8.001/mês a R$ 12.000/mês,1.0,0.0,1.0,0,0,0,0,10000.5
SP,de R$ 8.001/mês a R$ 12.000/mês,0.0,0.0,0.0,0,0,0,0,10000.5
SP,de R$ 8.001/mês a R$ 12.000/mês,0.0,0.0,0.0,0,0,0,0,10000.5
SP,de R$ 12.001/mês a R$ 16.000/mês,1.0,0.0,1.0,0,0,0,0,14000.5
SC,de R$ 8.001/mês a R$ 12.000/mês,1.0,0.0,1.0,0,1,1,0,10000.5
SP,de R$ 8.001/mês a R$ 12.000/mês,1.0,0.0,1.0,1,0,0,0,10000.5
SP,de R$ 6.001/mês a R$ 8.000/mês,1.0,0.0,1.0,0,0,0,0,7000.5
SP,de R$ 16.001/mês a R$ 20.000/mês,1.0,0.0,1.0,0,0,0,0,18000.5
DF,de R$ 2.001/mês a R$ 3.000/mês,1.0,0.0,1.0,0,0,0,0,2500.5
MG,de R$ 16.001/mês a R$ 20.000/mês,0.0,0.0,0.0,0,0,0,0,18000.5
PR,de R$ 12.001/mês a R$ 16.000/mês,1.0,0.0,1.0,0,0,0,0,14000.5
SP,de R$ 8.001/mês a R$ 12.000/mês,0.0,0.0,1.0,0,0,1,0,10000.5
SP,de R$ 4.001/mês a R$ 6.000/mês,0.0,0.0,1.0,0,1,1,0,5000.5
MG,de R$ 4.001/mês a R$ 6.000/mês,1.0,0.0,0.0,0,0,0,0,5000.5
SP,de R$ 12.001/mês a R$ 16.000/mês,0.0,0.0,0.0,0,0,0,0,14000.5
CE,Não informado,0.0,0.0,0.0,0,0,0,0,10576.036405723906
CE,de R$ 4.001/mês a R$ 6.000/mês,1.0,0.0,1.0,0,0,0,0,5000.5
MG,de R$ 12.001/mês a R$ 16.000/mês,1.0,0.0,1.0,0,0,0,0,14000.5
RS,de R$ 6.001/mês a R$ 8.000/mês,1.0,0.0,0.0,0,0,0,0,7000.5
SP,de R$ 12.001/mês a R$ 16.000/mês,0.0,0.0,0.0,0,0,0,0,14000.5
RJ,de R$ 8.001/mês a R$ 12.000/mês,1.0,0.0,1.0,0,0,0,0,10000.5
SC,de R$ 4.001/mês a R$ 6.000/mês,1.0,0.0,1.0,1,1,1,0,5000.5
SP,de R$ 12.001/mês a R$ 16.000/mês,1.0,0.0,0.0,0,0,0,0,14000.5
SP,de R$ 12.001/mês a R$ 16.000/mês,1.0,0.0,1.0,1,1,1,0,14000.5
RS,de R$ 6.001/mês a R$ 8.000/mês,1.0,0.0,1.0,1,0,0,0,7000.5
MG,de R$ 4.001/mês a R$ 6.000/mês,0.0,0.0,0.0,0,0,0,0,5000.5
SP,de R$ 8.001/mês a R$ 12.000/mês,1.0,0.0,0.0,0,0,0,0,10000.5
RS,de R$ 6.001/mês a R$ 8.000/mês,1.0,0.0,0.0,1,0,0,0,7000.5
AM,de R$ 4.001/mês a R$ 6.000/mês,1.0,0.0,1.0,0,0,0,0,5000.5
PB,de R$ 4.001/mês a R$ 6.000/mês,1.0,0.0,1.0,0,0,0,0,5000.5
MA,Não informado,0.0,0.0,0.0,0,0,0,0,10576.036405723906
DF,de R$ 8.001/mês a R$ 12.000/mês,0.0,0.0,1.0,0,0,0,0,10000.5
SP,de R$ 16.001/mês a R$ 20.000/mês,0.0,0.0,0.0,0,0,0,0,18000.5
MG,de R$ 6.001/mês a R$ 8.000/mês,1.0,0.0,1.0,0,0,0,0,7000.5
SP,de R$ 6.001/mês a R$ 8.000/mês,1.0,0.0,1.0,1,0,1,0,7000.5
ES,de R$ 4.001/mês a R$ 6.000/mês,0.0,0.0,0.0,0,0,0,0,5000.5
RS,de R$ 2.001/mês a R$ 3.000/mês,0.0,1.0,0.0,0,0,0,0,2500.5
RJ,de R$ 8.001/mês a R$ 12.000/mês,1.0,0.0,1.0,0,1,1,0,10000.5
SP,de R$ 12.001/mês a R$ 16.000/mês,1.0,0.0,1.0,0,0,0,0,14000.5
MG,de R$ 8.001/mês a R$ 12.000/mês,1.0,0.0,1.0,0,0,0,0,10000.5
PR,Acima de R$ 40.001/mês,1.0,0.0,1.0,0,0,0,0,50000.0
SP,de R$ 6.001/mês a R$ 8.000/mês,1.0,0.0,1.0,1,0,0,0,7000.5
NI,de R$ 6.001/mês a R$ 8.000/mês,1.0,0.0,1.0,0,0,0,0,7000.5
SP,de R$ 12.001/mês a R$ 16.000/mês,0.0,0.0,0.0,0,0,0,0,14000.5
SP,de R$ 8.001/mês a R$ 12.000/mês,1.0,0.0,1.0,1,0,0,0,10000.5
CE,de R$ 3.001/mês a R$ 4.000/mês,1.0,0.0,1.0,0,0,0,0,3500.5
RJ,Não informado,0.0,0.0,0.0,0,0,0,0,10576.036405723906
MG,de R$ 6.001/mês a R$ 8.000/mês,1.0,0.0,0.0,0,0,0,0,7000.5
SP,de R$ 16.001/mês a R$ 20.000/mês,0.0,0.0,0.0,0,0,0,0,18000.5
SP,de R$ 6.001/mês a R$ 8.000/mês,1.0,0.0,1.0,0,0,0,0,7000.5
RJ,Menos de R$ 1.000/mês,0.0,1.0,0.0,0,0,0,0,500.0
SP,de R$ 12.001/mês a R$ 16.000/mês,0.0,0.0,0.0,0,0,0,0,14000.5
SP,de R$ 6.001/mês a R$ 8.000/mês,0.0,0.0,0.0,0,0,0,0,7000.5
SP,de R$ 30.001/mês a R$ 40.000/mês,0.0,0.0,0.0,0,0,0,0,35000.5
ES,de R$ 3.001/mês a R$ 4.000/mês,1.0,0.0,0.0,0,0,0,0,3500.5
NI,de R$ 25.001/mês a R$ 30.000/mês,1.0,0.0,1.0,1,0,0,0,27500.5
MG,de R$ 1.001/mês a R$ 2.000/mês,0.0,0.0,0.0,0,1,1,0,1500.5
GO,de R$ 12.001/mês a R$ 16.000/mês,1.0,0.0,1.0,0,1,1,0,14000.5
RJ,de R$ 3.001/mês a R$ 4.000/mês,1.0,0.0,0.0,0,0,0,0,3500.5
PR,Não informado,0.0,0.0,0.0,0,0,0,0,10576.036405723906
SP,Não informado,0.0,0.0,0.0,0,0,0,0,10576.036405723906
PR,de R$ 8.001/mês a R$ 12.000/mês,1.0,0.0,1.0,0,0,1,0,10000.5
PR,de R$ 4.001/mês a R$ 6.000/mês,1.0,0.0,1.0,0,0,0,0,5000.5
NI,de R$ 12.001/mês a R$ 16.000/mês,0.0,0.0,0.0,0,0,0,0,14000.5
SP,de R$ 8.001/mês a R$ 12.000/mês,0.0,0.0,0.0,0,0,0,0,10000.5
RJ,de R$ 4.001/mês a R$ 6.000/mês,1.0,0.0,1.0,0,0,1,0,5000.5
SP,de R$ 8.001/mês a R$ 12.000/mês,1.0,0.0,1.0,0,0,0,0,10000.5
PB,de R$ 2.001/mês a R$ 3.000/mês,1.0,0.0,0.0,0,0,0,0,2500.5
RS,de R$ 20.001/mês a R$ 25.000/mês,0.0,0.0,1.0,0,0,0,0,22500.5
PE,de R$ 8.001/mês a R$ 12.000/mês,1.0,0.0,1.0,1,0,0,0,10000.5
RJ,de R$ 16.001/mês a R$ 20.000/mês,0.0,0.0,0.0,0,0,0,0,18000.5
RJ,de R$ 8.001/mês a R$ 12.000/mês,0.0,0.0,1.0,0,0,0,0,10000.5
MG,de R$ 16.001/mês a R$ 20.000/mês,0.0,0.0,0.0,0,0,0,0,18000.5
SP,de R$ 4.001/mês a R$ 6.000/mês,1.0,0.0,1.0,0,0,0,0,5000.5
SP,de R$ 4.001/mês a R$ 6.000/mês,0.0,1.0,0.0,0,0,0,0,5000.5
DF,de R$ 16.001/mês a R$ 20.000/mês,1.0,0.0,1.0,0,1,1,0,18000.5
DF,de R$ 12.001/mês a R$ 16.000/mês,1.0,0.0,1.0,0,0,0,0,14000.5
RS,de R$ 2.001/mês a R$ 3.000/mês,1.0,0.0,1.0,0,0,0,0,2500.5
GO,de R$ 4.001/mês a R$ 6.000/mês,0.0,0.0,1.0,0,0,1,0,5000.5
SP,de R$ 16.001/mês a R$ 20.000/mês,1.0,0.0,1.0,0,0,1,0,18000.5
BA,de R$ 20.001/mês a R$ 25.000/mês,0.0,0.0,0.0,0,0,0,0,22500.5
SP,de R$ 16.001/mês a R$ 20.000/mês,1.0,0.0,1.0,0,0,0,0,18000.5
SP,Acima de R$ 40.001/mês,0.0,0.0,0.0,0,0,0,0,50000.0
GO,de R$ 3.001/mês a R$ 4.000/mês,0.0,0.0,0.0,0,0,0,0,3500.5
PR,de R$ 4.001/mês a R$ 6.000/mês,1.0,0.0,0.0,1,1,1,0,5000.5
SP,de R$ 8.001/mês a R$ 12.000/mês,1.0,0.0,1.0,0,0,0,0,10000.5
PR,de R$ 12.001/mês a R$ 16.000/mês,1.0,0.0,0.0,0,0,0,0,14000.5
SP,de R$ 16.001/mês a R$ 20.000/mês,1.0,0.0,1.0,0,0,0,0,18000.5
BA,de R$ 4.001/mês a R$ 6.000/mês,0.0,0.0,0.0,0,0,0,0,5000.5
SP,Não informado,0.0,0.0,0.0,0,0,0,0,10576.036405723906
PR,de R$ 20.001/mês a R$ 25.000/mês,0.0,0.0,0.0,0,0,0,0,22500.5
MG,de R$ 8.001/mês a R$ 12.000/mês,1.0,0.0,0.0,1,0,0,0,10000.5
SP,Não informado,0.0,0.0,0.0,0,0,0,0,10576.036405723906
PB,Não informado,0.0,0.0,0.0,0,0,0,0,10576.036405723906
SP,de R$ 12.001/mês a R$ 16.000/mês,1.0,0.0,1.0,1,0,0,0,14000.5
PR,de R$ 2.001/mês a R$ 3.000/mês,0.0,0.0,1.0,0,0,0,0,2500.5
SP,de R$ 6.001/mês a R$ 8.000/mês,1.0,0.0,1.0,0,0,0,0,7000.5
MG,de R$ 8.001/mês a R$ 12.000/mês,1.0,0.0,1.0,0,0,0,0,10000.5
SP,de R$ 8.001/mês a R$ 12.000/mês,1.0,0.0,1.0,1,0,0,0,10000.5
SP,de R$ 20.001/mês a R$ 25.000/mês,0.0,0.0,0.0,0,0,0,0,22500.5
MG,de R$ 2.001/mês a R$ 3.000/mês,1.0,0.0,1.0,0,0,0,0,2500.5
GO,de R$ 4.001/mês a R$ 6.000/mês,1.0,0.0,1.0,0,0,0,0,5000.5
SP,de R$ 25.001/mês a R$ 30.000/mês,0.0,0.0,0.0,0,0,0,0,27500.5
RS,de R$ 8.001/mês a R$ 12.000/mês,1.0,0.0,1.0,0,0,0,0,10000.5
SC,de R$ 6.001/mês a R$ 8.000/mês,0.0,0.0,1.0,0,0,0,0,7000.5
SP,de R$ 2.001/mês a R$ 3.000/mês,1.0,0.0,1.0,0,0,0,0,2500.5
SP,de R$ 2.001/mês a R$ 3.000/mês,1.0,0.0,1.0,0,0,0,0,2500.5
SC,de R$ 2.001/mês a R$ 3.000/mês,0.0,1.0,0.0,0,0,0,0,2500.5
DF,Não informado,0.0,0.0,0.0,0,0,0,0,10576.036405723906
RS,de R$ 8.001/mês a R$ 12.000/mês,1.0,0.0,1.0,0,0,0,0,10000.5
SP,de R$ 3.001/mês a R$ 4.000/mês,0.0,0.0,1.0,0,0,1,0,3500.5
DF,de R$ 8.001/mês a R$ 12.000/mês,0.0,0.0,1.0,0,0,0,0,10000.5
RJ,de R$ 12.001/mês a R$ 16.000/mês,1.0,0.0,1.0,0,0,0,0,14000.5
SP,de R$ 8.001/mês a R$ 12.000/mês,1.0,0.0,1.0,0,0,0,0,10000.5
ES,de R$ 1.001/mês a R$ 2.000/mês,1.0,0.0,1.0,0,0,0,0,1500.5
RJ,de R$ 8.001/mês a R$ 12.000/mês,1.0,0.0,0.0,0,0,0,0,10000.5
MG,de R$ 8.001/mês a R$ 12.000/mês,1.0,0.0,1.0,0,0,0,0,10000.5
PR,de R$ 25.001/mês a R$ 30.000/mês,0.0,0.0,0.0,0,0,0,0,27500.5
RJ,de R$ 8.001/mês a R$ 12.000/mês,1.0,0.0,1.0,0,0,0,0,10000.5
SP,de R$ 8.001/mês a R$ 12.000/mês,1.0,0.0,1.0,1,0,0,0,10000.5
SP,Acima de R$ 40.001/mês,1.0,0.0,1.0,1,1,1,1,50000.0
SC,de R$ 12.001/mês a R$ 16.000/mês,1.0,0.0,1.0,0,0,0,0,14000.5
SP,de R$ 12.001/mês a R$ 16.000/mês,1.0,0.0,1.0,1,0,0,0,14000.5
MG,de R$ 6.001/mês a R$ 8.000/mês,1.0,0.0,0.0,0,0,0,0,7000.5
BA,de R$ 12.001/mês a R$ 16.000/mês,0.0,0.0,0.0,0,0,0,0,14000.5
CE,de R$ 4.001/mês a R$ 6.000/mês,1.0,0.0,1.0,0,0,1,0,5000.5
DF,de R$ 8.001/mês a R$ 12.000/mês,0.0,1.0,0.0,0,0,0,0,10000.5
SP,de R$ 30.001/mês a R$ 40.000/mês,1.0,0.0,1.0,1,0,0,0,35000.5
SP,de R$ 6.001/mês a R$ 8.000/mês,1.0,0.0,1.0,0,0,0,0,7000.5
GO,de R$ 1.001/mês a R$ 2.000/mês,0.0,1.0,0.0,0,0,0,0,1500.5
PR,de R$ 8.001/mês a R$ 12.000/mês,1.0,0.0,1.0,1,0,1,0,10000.5
RJ,Não informado,0.0,0.0,0.0,0,0,0,0,10576.036405723906
SP,Não informado,0.0,0.0,0.0,0,0,0,0,10576.036405723906
RS,Não informado,0.0,0.0,0.0,0,0,0,0,10576.036405723906
RS,de R$ 8.001/mês a R$ 12.000/mês,1.0,0.0,1.0,0,0,0,0,10000.5
AM,de R$ 4.001/mês a R$ 6.000/mês,1.0,0.0,1.0,0,0,0,0,5000.5
PE,Não informado,0.0,0.0,0.0,0,0,0,0,10576.036405723906
PR,de R$ 6.001/mês a R$ 8.000/mês,1.0,0.0,1.0,0,0,0,0,7000.5
SP,de R$ 8.001/mês a R$ 12.000/mês,1.0,0.0,1.0,0,0,0,0,10000.5
BA,Não informado,0.0,0.0,0.0,0,0,0,0,10576.036405723906
MG,de R$ 4.001/mês a R$ 6.000/mês,1.0,0.0,1.0,0,0,0,0,5000.5
MG,de R$ 3.001/mês a R$ 4.000/mês,1.0,0.0,1.0,0,0,0,0,3500.5
SC,de R$ 20.001/mês a R$ 25.000/mês,0.0,0.0,0.0,0,0,0,0,22500.5
SP,de R$ 8.001/mês a R$ 12.000/mês,1.0,0.0,1.0,0,0,0,0,10000.5
SP,de R$ 4.001/mês a R$ 6.000/mês,0.0,0.0,1.0,0,0,0,0,5000.5
SP,de R$ 30.001/mês a R$ 40.000/mês,0.0,0.0,0.0,0,0,0,0,35000.5
SC,de R$ 8.001/mês a R$ 12.000/mês,0.0,0.0,0.0,0,0,0,0,10000.5
SP,de R$ 2.001/mês a R$ 3.000/mês,1.0,0.0,1.0,0,0,0,0,2500.5
RJ,Não informado,0.0,0.0,0.0,0,0,0,0,10576.036405723906
SP,de R$ 25.001/mês a R$ 30.000/mês,0.0,0.0,0.0,0,0,0,0,27500.5
BA,de R$ 12.001/mês a R$ 16.000/mês,1.0,0.0,0.0,0,0,0,0,14000.5
SE,de R$ 2.001/mês a R$ 3.000/mês,1.0,0.0,1.0,0,0,0,0,2500.5
SP,de R$ 12.001/mês a R$ 16.000/mês,1.0,0.0,1.0,0,1,1,0,14000.5
CE,de R$ 8.001/mês a R$ 12.000/mês,0.0,0.0,0.0,0,0,0,0,10000.5
DF,de R$ 8.001/mês a R$ 12.000/mês,0.0,0.0,1.0,1,0,0,0,10000.5
SP,de R$ 25.001/mês a R$ 30.000/mês,0.0,0.0,0.0,0,0,0,0,27500.5
SP,de R$ 12.001/mês a R$ 16.000/mês,1.0,0.0,0.0,1,0,0,0,14000.5
SP,de R$ 12.001/mês a R$ 16.000/mês,1.0,0.0,1.0,0,0,0,0,14000.5
SP,de R$ 12.001/mês a R$ 16.000/mês,0.0,0.0,0.0,0,0,0,0,14000.5
SP,Não informado,0.0,0.0,0.0,0,0,0,0,10576.036405723906
SP,de R$ 6.001/mês a R$ 8.000/mês,1.0,0.0,1.0,0,0,0,0,7000.5
SP,de R$ 12.001/mês a R$ 16.000/mês,1.0,0.0,1.0,0,0,0,0,14000.5
MG,de R$ 8.001/mês a R$ 12.000/mês,1.0,0.0,1.0,0,0,0,0,10000.5
RS,de R$ 12.001/mês a R$ 16.000/mês,1.0,0.0,0.0,0,0,0,0,14000.5
GO,de R$ 20.001/mês a R$ 25.000/mês,1.0,0.0,1.0,0,0,1,0,22500.5
BA,de R$ 8.001/mês a R$ 12.000/mês,0.0,0.0,0.0,0,1,1,1,10000.5
AM,de R$ 8.001/mês a R$ 12.000/mês,1.0,0.0,1.0,0,0,0,1,10000.5
RJ,de R$ 1.001/mês a R$ 2.000/mês,0.0,0.0,1.0,0,0,0,0,1500.5
SP,de R$ 2.001/mês a R$ 3.000/mês,1.0,0.0,1.0,1,0,0,0,2500.5
SP,de R$ 16.001/mês a R$ 20.000/mês,0.0,1.0,0.0,0,0,0,0,18000.5
SP,de R$ 16.001/mês a R$ 20.000/mês,1.0,0.0,1.0,0,0,0,0,18000.5
RJ,de R$ 3.001/mês a R$ 4.000/mês,1.0,0.0,1.0,0,0,1,0,3500.5
PE,Não informado,0.0,0.0,0.0,0,0,0,0,10576.036405723906
PR,de R$ 8.001/mês a R$ 12.000/mês,1.0,0.0,1.0,0,0,0,0,10000.5
MG,de R$ 8.001/mês a R$ 12.000/mês,0.0,0.0,0.0,0,0,0,0,10000.5
PR,de R$ 4.001/mês a R$ 6.000/mês,1.0,0.0,1.0,0,0,0,0,5000.5
SP,de R$ 4.001/mês a R$ 6.000/mês,1.0,0.0,1.0,0,0,1,0,5000.5
MG,de R$ 3.001/mês a R$ 4.000/mês,0.0,0.0,1.0,0,0,0,0,3500.5
PE,de R$ 2.001/mês a R$ 3.000/mês,1.0,0.0,1.0,0,0,0,0,2500.5
ES,de R$ 4.001/mês a R$ 6.000/mês,1.0,0.0,1.0,0,0,0,0,5000.5
MG,de R$ 16.001/mês a R$ 20.000/mês,0.0,0.0,0.0,0,0,0,0,18000.5
RJ,de R$ 8.001/mês a R$ 12.000/mês,1.0,0.0,1.0,0,0,0,0,10000.5
SP,de R$ 12.001/mês a R$ 16.000/mês,1.0,0.0,0.0,0,0,0,0,14000.5
GO,de R$ 4.001/mês a R$ 6.000/mês,1.0,0.0,0.0,0,1,1,0,5000.5
MG,de R$ 6.001/mês a R$ 8.000/mês,1.0,0.0,1.0,0,0,0,0,7000.5
SP,de R$ 4.001/mês a R$ 6.000/mês,1.0,0.0,1.0,0,0,0,0,5000.5
SP,de R$ 8.001/mês a R$ 12.000/mês,1.0,0.0,1.0,0,0,0,0,10000.5
SP,de R$ 12.001/mês a R$ 16.000/mês,0.0,0.0,0.0,0,0,0,0,14000.5
MG,de R$ 20.001/mês a R$ 25.000/mês,1.0,0.0,1.0,0,0,0,1,22500.5
SC,de R$ 8.001/mês a R$ 12.000/mês,0.0,0.0,1.0,0,0,0,0,10000.5
SP,de R$ 16.001/mês a R$ 20.000/mês,1.0,0.0,1.0,0,0,0,0,18000.5
PR,de R$ 8.001/mês a R$ 12.000/mês,1.0,0.0,0.0,0,0,0,0,10000.5
NI,de R$ 25.001/mês a R$ 30.000/mês,0.0,0.0,0.0,0,0,0,0,27500.5
RJ,Não informado,0.0,0.0,0.0,0,0,0,0,10576.036405723906
SP,de R$ 4.001/mês a R$ 6.000/mês,1.0,0.0,0.0,0,0,0,0,5000.5
SP,de R$ 20.001/mês a R$ 25.000/mês,1.0,0.0,1.0,0,0,0,0,22500.5
SC,de R$ 4.001/mês a R$ 6.000/mês,1.0,0.0,1.0,0,0,0,0,5000.5
MG,de R$ 12.001/mês a R$ 16.000/mês,1.0,0.0,1.0,0,0,0,0,14000.5
SP,de R$ 16.001/mês a R$ 20.000/mês,0.0,0.0,0.0,0,0,0,0,18000.5
SP,de R$ 1.001/mês a R$ 2.000/mês,1.0,0.0,0.0,0,0,0,0,1500.5
SP,de R$ 25.001/mês a R$ 30.000/mês,0.0,0.0,0.0,0,0,0,0,27500.5
ES,de R$ 12.001/mês a R$ 16.000/mês,1.0,0.0,1.0,0,0,0,0,14000.5
SP,de R$ 25.001/mês a R$ 30.000/mês,1.0,0.0,1.0,0,0,0,0,27500.5
SP,Não informado,0.0,0.0,0.0,0,0,0,0,10576.036405723906
SP,de R$ 2.001/mês a R$ 3.000/mês,0.0,0.0,0.0,0,1,1,0,2500.5
SP,de R$ 8.001/mês a R$ 12.000/mês,1.0,0.0,1.0,1,0,0,0,10000.5
RJ,de R$ 6.001/mês a R$ 8.000/mês,1.0,0.0,1.0,0,1,1,0,7000.5
PI,Não informado,0.0,0.0,0.0,0,0,0,0,10576.036405723906
RJ,de R$ 6.001/mês a R$ 8.000/mês,1.0,0.0,1.0,1,0,0,0,7000.5
MG,de R$ 4.001/mês a R$ 6.000/mês,1.0,0.0,1.0,0,0,0,0,5000.5
SP,de R$ 6.001/mês a R$ 8.000/mês,0.0,0.0,0.0,0,0,0,0,7000.5
TO,de R$ 1.001/mês a R$ 2.000/mês,0.0,1.0,0.0,0,0,0,0,1500.5
MG,de R$ 2.001/mês a R$ 3.000/mês,1.0,0.0,1.0,0,0,0,0,2500.5
NI,de R$ 12.001/mês a R$ 16.000/mês,1.0,0.0,1.0,0,0,0,0,14000.5
SP,de R$ 6.001/mês a R$ 8.000/mês,1.0,0.0,1.0,1,0,1,0,7000.5
PR,de R$ 12.001/mês a R$ 16.000/mês,1.0,0.0,1.0,1,0,0,0,14000.5
SP,de R$ 25.001/mês a R$ 30.000/mês,0.0,0.0,0.0,0,0,0,0,27500.5
SC,de R$ 30.001/mês a R$ 40.000/mês,1.0,0.0,1.0,1,0,0,0,35000.5
SP,de R$ 12.001/mês a R$ 16.000/mês,0.0,0.0,0.0,0,0,0,0,14000.5
DF,de R$ 4.001/mês a R$ 6.000/mês,0.0,1.0,0.0,0,0,0,0,5000.5
SP,de R$ 6.001/mês a R$ 8.000/mês,1.0,0.0,1.0,0,0,0,0,7000.5
SP,Não informado,0.0,0.0,0.0,0,0,0,0,10576.036405723906
SP,de R$ 20.001/mês a R$ 25.000/mês,0.0,0.0,1.0,0,0,0,0,22500.5
SP,de R$ 8.001/mês a R$ 12.000/mês,1.0,0.0,1.0,0,0,0,0,10000.5
SP,Não informado,0.0,0.0,0.0,0,0,0,0,10576.036405723906
SP,de R$ 4.001/mês a R$ 6.000/mês,0.0,0.0,0.0,0,0,0,1,5000.5
SP,de R$ 6.001/mês a R$ 8.000/mês,1.0,0.0,0.0,0,0,0,0,7000.5
SP,de R$ 4.001/mês a R$ 6.000/mês,1.0,0.0,1.0,0,0,0,0,5000.5
SP,de R$ 8.001/mês a R$ 12.000/mês,1.0,0.0,1.0,0,0,0,0,10000.5
SP,de R$ 4.001/mês a R$ 6.000/mês,1.0,0.0,1.0,0,0,0,0,5000.5
RN,de R$ 2.001/mês a R$ 3.000/mês,0.0,0.0,1.0,0,0,1,0,2500.5
PR,de R$ 4.001/mês a R$ 6.000/mês,1.0,0.0,1.0,0,0,0,0,5000.5
SP,de R$ 3.001/mês a R$ 4.000/mês,0.0,1.0,0.0,0,0,0,0,3500.5
RJ,Não informado,0.0,0.0,0.0,0,0,0,0,10576.036405723906
RN,de R$ 1.001/mês a R$ 2.000/mês,1.0,0.0,1.0,0,0,0,0,1500.5
SC,de R$ 12.001/mês a R$ 16.000/mês,1.0,0.0,1.0,0,1,1,0,14000.5
SP,de R$ 1.001/mês a R$ 2.000/mês,0.0,1.0,0.0,0,0,0,0,1500.5
RJ,Não informado,0.0,0.0,0.0,0,0,0,0,10576.036405723906
SP,de R$ 2.001/mês a R$ 3.000/mês,1.0,0.0,1.0,1,0,0,0,2500.5
SC,de R$ 12.001/mês a R$ 16.000/mês,1.0,0.0,1.0,0,0,0,0,14000.5
RS,de R$ 8.001/mês a R$ 12.000/mês,0.0,0.0,0.0,0,0,0,0,10000.5
SP,de R$ 25.001/mês a R$ 30.000/mês,0.0,0.0,0.0,0,0,0,0,27500.5
NI,de R$ 12.001/mês a R$ 16.000/mês,1.0,0.0,1.0,0,0,0,0,14000.5
SP,de R$ 1.001/mês a R$ 2.000/mês,1.0,0.0,1.0,0,0,0,0,1500.5
SP,de R$ 20.001/mês a R$ 25.000/mês,0.0,0.0,0.0,0,0,0,0,22500.5
SP,de R$ 16.001/mês a R$ 20.000/mês,0.0,0.0,0.0,0,0,0,0,18000.5
GO,de R$ 6.001/mês a R$ 8.000/mês,1.0,0.0,1.0,0,0,0,0,7000.5
SP,de R$ 8.001/mês a R$ 12.000/mês,1.0,0.0,1.0,0,0,0,0,10000.5
DF,de R$ 3.001/mês a R$ 4.000/mês,1.0,0.0,1.0,0,1,1,0,3500.5
MT,de R$ 8.001/mês a R$ 12.000/mês,1.0,0.0,0.0,0,0,1,0,10000.5
SP,de R$ 8.001/mês a R$ 12.000/mês,0.0,0.0,0.0,0,0,0,0,10000.5
GO,de R$ 2.001/mês a R$ 3.000/mês,0.0,0.0,0.0,0,0,1,0,2500.5
RJ,de R$ 12.001/mês a R$ 16.000/mês,0.0,0.0,0.0,0,0,0,0,14000.5
MG,de R$ 8.001/mês a R$ 12.000/mês,0.0,0.0,0.0,0,0,0,0,10000.5
CE,de R$ 8.001/mês a R$ 12.000/mês,1.0,0.0,1.0,1,0,0,0,10000.5
SP,de R$ 16.001/mês a R$ 20.000/mês,1.0,0.0,1.0,0,1,1,0,18000.5
MG,de R$ 2.001/mês a R$ 3.000/mês,1.0,0.0,1.0,0,0,0,0,2500.5
SP,de R$ 8.001/mês a R$ 12.000/mês,1.0,0.0,1.0,0,0,0,0,10000.5
GO,de R$ 4.001/mês a R$ 6.000/mês,1.0,0.0,1.0,0,0,0,0,5000.5
BA,de R$ 16.001/mês a R$ 20.000/mês,0.0,0.0,0.0,0,0,0,0,18000.5
SP,de R$ 4.001/mês a R$ 6.000/mês,0.0,1.0,0.0,0,0,0,0,5000.5
SP,de R$ 12.001/mês a R$ 16.000/mês,1.0,0.0,0.0,0,0,0,0,14000.5
AM,de R$ 8.001/mês a R$ 12.000/mês,1.0,0.0,1.0,0,0,0,0,10000.5
SP,de R$ 30.001/mês a R$ 40.000/mês,1.0,0.0,1.0,0,0,0,0,35000.5
SC,de R$ 4.001/mês a R$ 6.000/mês,0.0,1.0,0.0,0,0,0,0,5000.5
MG,de R$ 12.001/mês a R$ 16.000/mês,1.0,0.0,0.0,0,0,0,0,14000.5
MT,de R$ 6.001/mês a R$ 8.000/mês,1.0,0.0,1.0,0,0,0,0,7000.5
BA,de R$ 3.001/mês a R$ 4.000/mês,1.0,0.0,1.0,0,0,0,0,3500.5
PR,de R$ 2.001/mês a R$ 3.000/mês,0.0,0.0,1.0,0,0,0,0,2500.5
SP,de R$ 2.001/mês a R$ 3.000/mês,1.0,0.0,0.0,0,0,0,0,2500.5
SP,de R$ 6.001/mês a R$ 8.000/mês,1.0,0.0,1.0,0,0,0,0,7000.5
DF,de R$ 1.001/mês a R$ 2.000/mês,1.0,0.0,0.0,0,1,1,0,1500.5
SP,de R$ 20.001/mês a R$ 25.000/mês,0.0,0.0,0.0,0,0,0,0,22500.5
SP,de R$ 12.001/mês a R$ 16.000/mês,1.0,0.0,1.0,0,0,0,0,14000.5
SP,de R$ 8.001/mês a R$ 12.000/mês,1.0,0.0,1.0,0,0,0,0,10000.5
BA,de R$ 3.001/mês a R$ 4.000/mês,0.0,0.0,0.0,0,0,0,0,3500.5
MG,de R$ 8.001/mês a R$ 12.000/mês,1.0,0.0,0.0,0,0,0,0,10000.5
RJ,de R$ 4.001/mês a R$ 6.000/mês,1.0,0.0,1.0,1,0,0,0,5000.5
SP,de R$ 12.001/mês a R$ 16.000/mês,1.0,0.0,1.0,0,0,0,0,14000.5
SP,de R$ 4.001/mês a R$ 6.000/mês,1.0,0.0,1.0,0,0,0,0,5000.5
RJ,de R$ 3.001/mês a R$ 4.000/mês,1.0,0.0,1.0,1,0,0,0,3500.5
SP,de R$ 2.001/mês a R$ 3.000/mês,1.0,0.0,0.0,1,0,0,0,2500.5
RJ,de R$ 12.001/mês a R$ 16.000/mês,0.0,0.0,0.0,0,0,0,0,14000.5
MG,de R$ 12.001/mês a R$ 16.000/mês,0.0,0.0,0.0,0,0,0,0,14000.5
DF,de R$ 8.001/mês a R$ 12.000/mês,0.0,1.0,0.0,0,0,0,0,10000.5
MG,de R$ 6.001/mês a R$ 8.000/mês,1.0,0.0,1.0,0,0,0,0,7000.5
SP,de R$ 12.001/mês a R$ 16.000/mês,1.0,0.0,1.0,0,0,0,0,14000.5
AL,Não informado,0.0,0.0,0.0,0,0,0,0,10576.036405723906
MG,de R$ 12.001/mês a R$ 16.000/mês,1.0,0.0,1.0,0,0,0,0,14000.5
SP,de R$ 4.001/mês a R$ 6.000/mês,0.0,1.0,0.0,0,0,0,0,5000.5
SP,de R$ 4.001/mês a R$ 6.000/mês,1.0,0.0,1.0,0,0,0,0,5000.5
RS,de R$ 8.001/mês a R$ 12.000/mês,0.0,0.0,0.0,0,0,0,0,10000.5
PR,de R$ 2.001/mês a R$ 3.000/mês,1.0,0.0,1.0,1,0,0,0,2500.5
MS,de R$ 8.001/mês a R$ 12.000/mês,1.0,0.0,0.0,0,0,0,0,10000.5
CE,de R$ 12.001/mês a R$ 16.000/mês,0.0,0.0,0.0,0,0,0,0,14000.5
PA,de R$ 4.001/mês a R$ 6.000/mês,1.0,0.0,1.0,0,0,0,0,5000.5
SP,de R$ 6.001/mês a R$ 8.000/mês,0.0,0.0,0.0,0,0,0,0,7000.5
MG,de R$ 2.001/mês a R$ 3.000/mês,1.0,0.0,1.0,0,0,0,0,2500.5
SP,de R$ 20.001/mês a R$ 25.000/mês,1.0,0.0,1.0,1,0,0,0,22500.5
MG,de R$ 12.001/mês a R$ 16.000/mês,1.0,0.0,1.0,0,0,0,0,14000.5
SP,de R$ 4.001/mês a R$ 6.000/mês,1.0,0.0,0.0,0,0,0,0,5000.5
RJ,de R$ 12.001/mês a R$ 16.000/mês,0.0,1.0,0.0,0,0,0,0,14000.5
MA,Não informado,0.0,0.0,0.0,0,0,0,0,10576.036405723906
MG,de R$ 12.001/mês a R$ 16.000/mês,0.0,0.0,0.0,0,0,0,0,14000.5
SP,de R$ 4.001/mês a R$ 6.000/mês,1.0,0.0,1.0,0,1,1,0,5000.5
PA,Menos de R$ 1.000/mês,1.0,0.0,1.0,1,0,0,0,500.0
PR,de R$ 8.001/mês a R$ 12.000/mês,1.0,0.0,1.0,0,0,0,0,10000.5
SP,de R$ 8.001/mês a R$ 12.000/mês,1.0,0.0,1.0,0,0,0,0,10000.5
SP,de R$ 6.001/mês a R$ 8.000/mês,1.0,0.0,1.0,0,0,0,0,7000.5
SC,de R$ 4.001/mês a R$ 6.000/mês,0.0,0.0,1.0,0,0,0,0,5000.5
SP,de R$ 16.001/mês a R$ 20.000/mês,0.0,0.0,0.0,0,0,0,0,18000.5
SP,de R$ 4.001/mês a R$ 6.000/mês,0.0,1.0,0.0,0,0,0,0,5000.5
DF,de R$ 25.001/mês a R$ 30.000/mês,1.0,0.0,1.0,0,0,0,0,27500.5
DF,de R$ 30.001/mês a R$ 40.000/mês,0.0,0.0,1.0,0,0,0,0,35000.5
MG,de R$ 8.001/mês a R$ 12.000/mês,0.0,0.0,0.0,0,0,0,0,10000.5
PB,de R$ 2.001/mês a R$ 3.000/mês,1.0,0.0,1.0,0,0,0,0,2500.5
SP,de R$ 8.001/mês a R$ 12.000/mês,1.0,0.0,1.0,0,0,0,0,10000.5
CE,de R$ 6.001/mês a R$ 8.000/mês,1.0,0.0,1.0,0,0,0,0,7000.5
SP,de R$ 25.001/mês a R$ 30.000/mês,1.0,0.0,1.0,0,0,0,0,27500.5
SP,de R$ 4.001/mês a R$ 6.000/mês,1.0,0.0,1.0,0,0,0,0,5000.5
BA,Não informado,0.0,0.0,0.0,0,0,0,0,10576.036405723906
BA,Não informado,0.0,0.0,0.0,0,0,0,0,10576.036405723906
SP,Acima de R$ 40.001/mês,0.0,0.0,0.0,0,0,0,0,50000.0
SP,Não informado,0.0,0.0,0.0,0,0,0,0,10576.036405723906
MG,de R$ 8.001/mês a R$ 12.000/mês,0.0,0.0,0.0,0,0,0,0,10000.5
PR,de R$ 4.001/mês a R$ 6.000/mês,1.0,0.0,1.0,0,0,1,0,5000.5
BA,Não informado,0.0,0.0,0.0,0,0,0,0,10576.036405723906
PR,Não informado,0.0,0.0,0.0,0,0,0,0,10576.036405723906
MG,de R$ 8.001/mês a R$ 12.000/mês,1.0,0.0,1.0,1,0,0,0,10000.5
SP,de R$ 6.001/mês a R$ 8.000/mês,1.0,0.0,0.0,0,0,0,0,7000.5
SC,de R$ 4.001/mês a R$ 6.000/mês,1.0,0.0,1.0,0,0,0,0,5000.5
CE,Não informado,0.0,0.0,0.0,0,0,0,0,10576.036405723906
RS,de R$ 2.001/mês a R$ 3.000/mês,1.0,0.0,1.0,0,0,0,0,2500.5
PR,de R$ 12.001/mês a R$ 16.000/mês,0.0,0.0,0.0,0,0,0,0,14000.5
MG,de R$ 12.001/mês a R$ 16.000/mês,1.0,0.0,1.0,1,0,0,0,14000.5
SP,de R$ 8.001/mês a R$ 12.000/mês,1.0,0.0,1.0,0,0,0,0,10000.5
PR,de R$ 3.001/mês a R$ 4.000/mês,1.0,0.0,1.0,1,0,0,0,3500.5
RJ,Não informado,0.0,0.0,0.0,0,0,0,0,10576.036405723906
RS,Acima de R$ 40.001/mês,1.0,0.0,1.0,1,0,1,0,50000.0
ES,de R$ 6.001/mês a R$ 8.000/mês,1.0,0.0,0.0,0,0,0,0,7000.5
NI,de R$ 25.001/mês a R$ 30.000/mês,1.0,0.0,1.0,0,0,0,0,27500.5
DF,Não informado,0.0,0.0,0.0,0,0,0,0,10576.036405723906
SP,Acima de R$ 40.001/mês,0.0,0.0,0.0,0,0,0,0,50000.0
NI,de R$ 20.001/mês a R$ 25.000/mês,1.0,0.0,1.0,0,0,1,1,22500.5
SP,de R$ 12.001/mês a R$ 16.000/mês,1.0,0.0,1.0,0,0,0,0,14000.5
MG,de R$ 4.001/mês a R$ 6.000/mês,1.0,0.0,1.0,0,0,0,0,5000.5
RJ,de R$ 2.001/mês a R$ 3.000/mês,0.0,1.0,0.0,0,0,0,0,2500.5
MG,de R$ 4.001/mês a R$ 6.000/mês,1.0,0.0,1.0,1,0,0,0,5000.5
SP,de R$ 12.001/mês a R$ 16.000/mês,1.0,0.0,1.0,0,0,0,0,14000.5
SP,de R$ 4.001/mês a R$ 6.000/mês,1.0,0.0,1.0,0,0,0,0,5000.5
SP,de R$ 6.001/mês a R$ 8.000/mês,1.0,0.0,1.0,0,0,0,0,7000.5
NI,Não informado,0.0,0.0,0.0,0,0,0,0,10576.036405723906
PR,de R$ 8.001/mês a R$ 12.000/mês,1.0,0.0,1.0,0,0,0,0,10000.5
SP,de R$ 6.001/mês a R$ 8.000/mês,1.0,0.0,1.0,1,0,0,0,7000.5
DF,Não informado,0.0,0.0,0.0,0,0,0,0,10576.036405723906
DF,de R$ 8.001/mês a R$ 12.000/mês,1.0,0.0,1.0,0,0,0,0,10000.5
NI,de R$ 6.001/mês a R$ 8.000/mês,0.0,1.0,0.0,0,0,0,0,7000.5
SP,de R$ 25.001/mês a R$ 30.000/mês,0.0,0.0,0.0,0,0,0,0,27500.5
GO,de R$ 3.001/mês a R$ 4.000/mês,1.0,0.0,1.0,0,0,0,1,3500.5
RJ,Não informado,0.0,0.0,0.0,0,0,0,0,10576.036405723906
RJ,Não informado,0.0,0.0,0.0,0,0,0,0,10576.036405723906
PR,de R$ 12.001/mês a R$ 16.000/mês,0.0,0.0,0.0,0,0,0,0,14000.5
RJ,Não informado,0.0,0.0,0.0,0,0,0,0,10576.036405723906
PR,de R$ 8.001/mês a R$ 12.000/mês,1.0,0.0,1.0,0,0,0,0,10000.5
DF,de R$ 16.001/mês a R$ 20.000/mês,1.0,0.0,1.0,1,0,0,0,18000.5
MS,de R$ 8.001/mês a R$ 12.000/mês,1.0,0.0,1.0,0,0,0,0,10000.5
PR,de R$ 12.001/mês a R$ 16.000/mês,1.0,0.0,1.0,0,1,1,0,14000.5
DF,de R$ 8.001/mês a R$ 12.000/mês,1.0,0.0,1.0,0,0,0,0,10000.5
SP,de R$ 6.001/mês a R$ 8.000/mês,1.0,0.0,1.0,0,0,0,0,7000.5
MG,de R$ 12.001/mês a R$ 16.000/mês,1.0,0.0,0.0,1,0,0,0,14000.5
SP,de R$ 4.001/mês a R$ 6.000/mês,0.0,0.0,0.0,0,0,0,0,5000.5
GO,Não informado,0.0,0.0,0.0,0,0,0,0,10576.036405723906
NI,de R$ 4.001/mês a R$ 6.000/mês,1.0,0.0,1.0,0,0,0,0,5000.5
RJ,de R$ 8.001/mês a R$ 12.000/mês,0.0,0.0,1.0,1,0,1,0,10000.5
ES,de R$ 3.001/mês a R$ 4.000/mês,1.0,0.0,1.0,0,1,1,0,3500.5
RJ,de R$ 16.001/mês a R$ 20.000/mês,1.0,0.0,0.0,0,0,0,0,18000.5
SP,de R$ 16.001/mês a R$ 20.000/mês,0.0,0.0,0.0,0,0,0,0,18000.5
SP,de R$ 8.001/mês a R$ 12.000/mês,1.0,0.0,1.0,0,0,0,0,10000.5
RS,de R$ 6.001/mês a R$ 8.000/mês,0.0,0.0,0.0,0,0,0,0,7000.5
MG,de R$ 12.001/mês a R$ 16.000/mês,1.0,0.0,1.0,0,0,0,0,14000.5
SP,de R$ 12.001/mês a R$ 16.000/mês,1.0,0.0,1.0,1,1,1,0,14000.5
PR,de R$ 6.001/mês a R$ 8.000/mês,1.0,0.0,1.0,0,0,0,0,7000.5
SP,de R$ 25.001/mês a R$ 30.000/mês,0.0,0.0,0.0,0,0,0,0,27500.5
SP,de R$ 8.001/mês a R$ 12.000/mês,0.0,0.0,0.0,0,0,0,0,10000.5
BA,de R$ 2.001/mês a R$ 3.000/mês,1.0,0.0,0.0,0,1,1,0,2500.5
BA,de R$ 8.001/mês a R$ 12.000/mês,1.0,0.0,1.0,0,0,0,0,10000.5
SP,de R$ 8.001/mês a R$ 12.000/mês,1.0,0.0,0.0,0,0,1,0,10000.5
RJ,de R$ 6.001/mês a R$ 8.000/mês,1.0,0.0,0.0,0,0,0,0,7000.5
RN,de R$ 2.001/mês a R$ 3.000/mês,1.0,0.0,1.0,0,0,0,0,2500.5
MA,de R$ 8.001/mês a R$ 12.000/mês,0.0,0.0,1.0,0,0,0,0,10000.5
MG,Não informado,0.0,0.0,0.0,0,0,0,0,10576.036405723906
PR,de R$ 4.001/mês a R$ 6.000/mês,0.0,0.0,1.0,0,0,1,0,5000.5
SP,de R$ 8.001/mês a R$ 12.000/mês,1.0,0.0,1.0,0,0,0,0,10000.5
PR,de R$ 6.001/mês a R$ 8.000/mês,0.0,1.0,0.0,0,0,0,0,7000.5
DF,de R$ 1.001/mês a R$ 2.000/mês,1.0,0.0,1.0,0,0,0,0,1500.5
RJ,de R$ 4.001/mês a R$ 6.000/mês,1.0,0.0,0.0,0,0,0,0,5000.5
RS,de R$ 25.001/mês a R$ 30.000/mês,0.0,0.0,0.0,0,0,0,0,27500.5
PR,de R$ 12.001/mês a R$ 16.000/mês,0.0,0.0,0.0,0,0,0,0,14000.5
BA,de R$ 1.001/mês a R$ 2.000/mês,1.0,0.0,1.0,0,0,0,0,1500.5
SP,de R$ 12.001/mês a R$ 16.000/mês,1.0,0.0,1.0,1,0,0,0,14000.5
SP,de R$ 3.001/mês a R$ 4.000/mês,1.0,0.0,1.0,0,0,0,0,3500.5
SP,de R$ 8.001/mês a R$ 12.000/mês,1.0,0.0,1.0,0,0,0,0,10000.5
RN,de R$ 1.001/mês a R$ 2.000/mês,0.0,0.0,1.0,0,0,1,0,1500.5
MG,de R$ 1.001/mês a R$ 2.000/mês,0.0,0.0,1.0,0,0,0,0,1500.5
NI,de R$ 16.001/mês a R$ 20.000/mês,1.0,0.0,1.0,0,0,0,0,18000.5
SE,Não informado,0.0,0.0,0.0,0,0,0,0,10576.036405723906
MG,de R$ 12.001/mês a R$ 16.000/mês,1.0,0.0,0.0,0,0,0,0,14000.5
PE,de R$ 1.001/mês a R$ 2.000/mês,1.0,0.0,1.0,0,0,0,0,1500.5
SP,de R$ 12.001/mês a R$ 16.000/mês,1.0,0.0,1.0,0,0,0,0,14000.5
RJ,de R$ 4.001/mês a R$ 6.000/mês,1.0,0.0,1.0,0,0,1,0,5000.5
SP,de R$ 2.001/mês a R$ 3.000/mês,1.0,0.0,1.0,1,0,0,0,2500.5
PR,de R$ 8.001/mês a R$ 12.000/mês,1.0,0.0,1.0,0,0,0,0,10000.5
PR,de R$ 8.001/mês a R$ 12.000/mês,0.0,0.0,0.0,0,0,1,0,10000.5
SP,de R$ 20.001/mês a R$ 25.000/mês,0.0,0.0,0.0,0,0,0,0,22500.5
RJ,de R$ 3.001/mês a R$ 4.000/mês,1.0,0.0,1.0,0,0,0,0,3500.5
SP,de R$ 16.001/mês a R$ 20.000/mês,0.0,0.0,0.0,0,0,0,0,18000.5
RJ,de R$ 3.001/mês a R$ 4.000/mês,1.0,0.0,1.0,1,1,1,0,3500.5
SP,de R$ 12.001/mês a R$ 16.000/mês,1.0,0.0,0.0,0,0,0,0,14000.5
SP,de R$ 8.001/mês a R$ 12.000/mês,1.0,0.0,0.0,0,1,1,0,10000.5
SP,de R$ 8.001/mês a R$ 12.000/mês,1.0,0.0,1.0,0,0,0,0,10000.5
SC,de R$ 8.001/mês a R$ 12.000/mês,1.0,0.0,0.0,0,0,0,0,10000.5
SC,de R$ 12.001/mês a R$ 16.000/mês,1.0,0.0,0.0,0,0,0,0,14000.5
RS,de R$ 8.001/mês a R$ 12.000/mês,1.0,0.0,1.0,0,0,0,0,10000.5
SP,de R$ 8.001/mês a R$ 12.000/mês,1.0,0.0,1.0,0,0,0,0,10000.5
PB,de R$ 3.001/mês a R$ 4.000/mês,0.0,0.0,0.0,0,0,0,0,3500.5
MT,de R$ 4.001/mês a R$ 6.000/mês,1.0,0.0,0.0,0,0,0,0,5000.5
SC,de R$ 8.001/mês a R$ 12.000/mês,1.0,0.0,1.0,0,0,0,0,10000.5
SP,de R$ 1.001/mês a R$ 2.000/mês,1.0,0.0,0.0,0,0,0,0,1500.5
BA,de R$ 20.001/mês a R$ 25.000/mês,0.0,0.0,0.0,0,0,0,0,22500.5
RJ,de R$ 12.001/mês a R$ 16.000/mês,1.0,0.0,1.0,0,0,0,0,14000.5
BA,de R$ 4.001/mês a R$ 6.000/mês,1.0,0.0,1.0,0,0,0,0,5000.5
RJ,de R$ 12.001/mês a R$ 16.000/mês,1.0,0.0,1.0,1,0,0,0,14000.5
DF,de R$ 20.001/mês a R$ 25.000/mês,0.0,0.0,0.0,0,0,0,0,22500.5
SP,Não informado,0.0,0.0,0.0,0,0,0,0,10576.036405723906
PE,de R$ 4.001/mês a R$ 6.000/mês,1.0,0.0,0.0,0,0,1,0,5000.5
SP,de R$ 12.001/mês a R$ 16.000/mês,0.0,0.0,0.0,0,0,0,0,14000.5
DF,de R$ 6.001/mês a R$ 8.000/mês,1.0,0.0,0.0,1,0,0,0,7000.5
SP,de R$ 4.001/mês a R$ 6.000/mês,1.0,0.0,0.0,0,0,0,0,5000.5
CE,de R$ 1.001/mês a R$ 2.000/mês,1.0,0.0,1.0,0,0,0,0,1500.5
RJ,de R$ 1.001/mês a R$ 2.000/mês,1.0,0.0,1.0,0,0,0,0,1500.5
PR,de R$ 12.001/mês a R$ 16.000/mês,1.0,0.0,1.0,0,0,0,0,14000.5
RJ,de R$ 1.001/mês a R$ 2.000/mês,1.0,0.0,1.0,0,0,0,0,1500.5
RJ,de R$ 6.001/mês a R$ 8.000/mês,1.0,0.0,1.0,0,0,0,0,7000.5
SP,de R$ 1.001/mês a R$ 2.000/mês,0.0,0.0,1.0,0,0,0,0,1500.5
MG,de R$ 2.001/mês a R$ 3.000/mês,0.0,0.0,1.0,0,0,0,0,2500.5
AL,de R$ 12.001/mês a R$ 16.000/mês,0.0,0.0,0.0,0,0,0,0,14000.5
SC,de R$ 12.001/mês a R$ 16.000/mês,0.0,0.0,0.0,0,0,0,0,14000.5
PA,de R$ 6.001/mês a R$ 8.000/mês,1.0,0.0,1.0,0,0,0,0,7000.5
MG,de R$ 8.001/mês a R$ 12.000/mês,0.0,0.0,1.0,0,0,0,0,10000.5
RJ,de R$ 12.001/mês a R$ 16.000/mês,0.0,0.0,0.0,0,0,0,0,14000.5
SP,de R$ 6.001/mês a R$ 8.000/mês,1.0,0.0,1.0,0,0,0,0,7000.5
SP,Não informado,0.0,0.0,0.0,0,0,0,0,10576.036405723906
PR,de R$ 8.001/mês a R$ 12.000/mês,0.0,0.0,1.0,0,0,0,0,10000.5
PR,de R$ 4.001/mês a R$ 6.000/mês,1.0,0.0,1.0,0,0,0,0,5000.5
SP,de R$ 12.001/mês a R$ 16.000/mês,1.0,0.0,1.0,0,0,0,0,14000.5
SP,de R$ 4.001/mês a R$ 6.000/mês,1.0,0.0,1.0,0,0,0,0,5000.5
RS,de R$ 6.001/mês a R$ 8.000/mês,0.0,0.0,0.0,0,0,0,0,7000.5
MG,de R$ 8.001/mês a R$ 12.000/mês,1.0,0.0,1.0,0,0,1,0,10000.5
SP,de R$ 8.001/mês a R$ 12.000/mês,1.0,0.0,0.0,0,0,0,0,10000.5
SP,de R$ 3.001/mês a R$ 4.000/mês,1.0,0.0,1.0,1,0,0,0,3500.5
SP,de R$ 8.001/mês a R$ 12.000/mês,1.0,0.0,1.0,1,0,0,0,10000.5
PR,Não informado,0.0,0.0,0.0,0,0,0,0,10576.036405723906
SP,de R$ 20.001/mês a R$ 25.000/mês,0.0,0.0,0.0,0,0,0,0,22500.5
NI,Não informado,0.0,0.0,0.0,0,0,0,0,10576.036405723906
PR,de R$ 8.001/mês a R$ 12.000/mês,0.0,0.0,0.0,0,0,0,0,10000.5
AL,Não informado,0.0,0.0,0.0,0,0,0,0,10576.036405723906
SP,de R$ 8.001/mês a R$ 12.000/mês,1.0,0.0,0.0,0,0,0,0,10000.5
SP,de R$ 6.001/mês a R$ 8.000/mês,1.0,0.0,1.0,0,0,0,0,7000.5
PR,de R$ 12.001/mês a R$ 16.000/mês,1.0,0.0,1.0,0,0,0,0,14000.5
PB,de R$ 2.001/mês a R$ 3.000/mês,1.0,0.0,1.0,0,0,0,0,2500.5
MG,de R$ 8.001/mês a R$ 12.000/mês,1.0,0.0,0.0,1,0,0,0,10000.5
SP,de R$ 12.001/mês a R$ 16.000/mês,1.0,0.0,1.0,1,0,0,0,14000.5
SP,de R$ 6.001/mês a R$ 8.000/mês,1.0,0.0,1.0,0,0,0,0,7000.5
PR,de R$ 4.001/mês a R$ 6.000/mês,0.0,1.0,0.0,0,0,0,0,5000.5
SP,de R$ 4.001/mês a R$ 6.000/mês,1.0,0.0,1.0,0,0,0,0,5000.5
SP,de R$ 1.001/mês a R$ 2.000/mês,1.0,0.0,1.0,1,0,0,1,1500.5
PR,de R$ 8.001/mês a R$ 12.000/mês,1.0,0.0,1.0,0,0,0,0,10000.5
SP,de R$ 8.001/mês a R$ 12.000/mês,1.0,0.0,1.0,0,1,1,0,10000.5
NI,de R$ 16.001/mês a R$ 20.000/mês,1.0,0.0,1.0,0,0,0,0,18000.5
CE,de R$ 20.001/mês a R$ 25.000/mês,0.0,0.0,0.0,0,0,0,0,22500.5
SC,de R$ 8.001/mês a R$ 12.000/mês,1.0,0.0,1.0,0,1,1,1,10000.5
MT,de R$ 4.001/mês a R$ 6.000/mês,1.0,0.0,1.0,0,0,0,0,5000.5
SC,de R$ 3.001/mês a R$ 4.000/mês,1.0,0.0,0.0,0,0,1,0,3500.5
RJ,de R$ 6.001/mês a R$ 8.000/mês,1.0,0.0,1.0,1,0,1,0,7000.5
CE,de R$ 8.001/mês a R$ 12.000/mês,1.0,0.0,1.0,0,0,0,0,10000.5
PA,de R$ 2.001/mês a R$ 3.000/mês,0.0,1.0,0.0,0,0,0,0,2500.5
GO,de R$ 4.001/mês a R$ 6.000/mês,1.0,0.0,1.0,0,0,1,0,5000.5
SP,de R$ 6.001/mês a R$ 8.000/mês,0.0,0.0,0.0,0,0,0,0,7000.5
SP,de R$ 8.001/mês a R$ 12.000/mês,1.0,0.0,1.0,0,0,0,0,10000.5
SC,de R$ 8.001/mês a R$ 12.000/mês,1.0,0.0,1.0,0,0,0,0,10000.5
SP,de R$ 2.001/mês a R$ 3.000/mês,1.0,0.0,0.0,0,0,0,0,2500.5
AL,de R$ 8.001/mês a R$ 12.000/mês,0.0,0.0,0.0,0,0,1,0,10000.5
MG,de R$ 8.001/mês a R$ 12.000/mês,1.0,0.0,0.0,0,0,0,1,10000.5
MG,de R$ 2.001/mês a R$ 3.000/mês,0.0,1.0,0.0,0,0,0,0,2500.5
PE,de R$ 4.001/mês a R$ 6.000/mês,1.0,0.0,0.0,0,0,0,0,5000.5
SP,Não informado,0.0,0.0,0.0,0,0,0,0,10576.036405723906
MG,de R$ 6.001/mês a R$ 8.000/mês,1.0,0.0,0.0,0,0,0,0,7000.5
SP,de R$ 4.001/mês a R$ 6.000/mês,1.0,0.0,0.0,0,0,0,0,5000.5
RJ,de R$ 16.001/mês a R$ 20.000/mês,0.0,0.0,0.0,0,0,0,0,18000.5
MG,de R$ 8.001/mês a R$ 12.000/mês,1.0,0.0,1.0,0,0,0,0,10000.5
MG,de R$ 3.001/mês a R$ 4.000/mês,1.0,0.0,1.0,0,1,1,0,3500.5
SP,de R$ 8.001/mês a R$ 12.000/mês,1.0,0.0,1.0,0,0,0,0,10000.5
PR,de R$ 4.001/mês a R$ 6.000/mês,1.0,0.0,0.0,1,1,1,0,5000.5
PR,de R$ 6.001/mês a R$ 8.000/mês,0.0,1.0,0.0,0,0,0,0,7000.5
SP,de R$ 12.001/mês a R$ 16.000/mês,0.0,0.0,0.0,0,0,0,0,14000.5
PI,de R$ 4.001/mês a R$ 6.000/mês,1.0,0.0,1.0,1,0,0,0,5000.5
GO,de R$ 3.001/mês a R$ 4.000/mês,1.0,0.0,1.0,0,0,0,0,3500.5
MT,de R$ 3.001/mês a R$ 4.000/mês,0.0,0.0,0.0,0,0,0,0,3500.5
NI,Acima de R$ 40.001/mês,0.0,0.0,0.0,0,0,0,0,50000.0
RJ,de R$ 8.001/mês a R$ 12.000/mês,0.0,1.0,0.0,0,0,0,0,10000.5
BA,de R$ 16.001/mês a R$ 20.000/mês,1.0,0.0,1.0,0,0,1,0,18000.5
SP,de R$ 4.001/mês a R$ 6.000/mês,0.0,0.0,0.0,0,0,1,0,5000.5
PR,de R$ 12.001/mês a R$ 16.000/mês,0.0,0.0,1.0,0,0,0,0,14000.5
SP,de R$ 1.001/mês a R$ 2.000/mês,1.0,0.0,1.0,0,0,0,0,1500.5
MG,de R$ 6.001/mês a R$ 8.000/mês,0.0,0.0,0.0,0,0,1,0,7000.5
SP,de R$ 12.001/mês a R$ 16.000/mês,1.0,0.0,1.0,0,0,0,0,14000.5
MG,de R$ 4.001/mês a R$ 6.000/mês,1.0,0.0,0.0,0,0,0,0,5000.5
PR,de R$ 20.001/mês a R$ 25.000/mês,0.0,0.0,0.0,0,0,0,0,22500.5
SP,de R$ 16.001/mês a R$ 20.000/mês,0.0,0.0,0.0,0,0,0,0,18000.5
RJ,de R$ 1.001/mês a R$ 2.000/mês,1.0,0.0,0.0,0,0,0,0,1500.5
BA,de R$ 4.001/mês a R$ 6.000/mês,1.0,0.0,0.0,0,1,1,0,5000.5
PR,de R$ 3.001/mês a R$ 4.000/mês,1.0,0.0,1.0,1,0,0,0,3500.5
SP,de R$ 6.001/mês a R$ 8.000/mês,0.0,1.0,0.0,0,0,0,0,7000.5
MG,de R$ 2.001/mês a R$ 3.000/mês,0.0,0.0,0.0,0,0,0,0,2500.5
SP,de R$ 4.001/mês a R$ 6.000/mês,1.0,0.0,1.0,0,0,0,0,5000.5
SP,de R$ 6.001/mês a R$ 8.000/mês,1.0,0.0,1.0,1,0,0,0,7000.5
DF,Não informado,0.0,0.0,0.0,0,0,0,0,10576.036405723906
PI,de R$ 3.001/mês a R$ 4.000/mês,1.0,0.0,1.0,0,0,0,0,3500.5
MG,de R$ 6.001/mês a R$ 8.000/mês,1.0,1.0,0.0,0,0,0,0,7000.5
SP,de R$ 2.001/mês a R$ 3.000/mês,0.0,0.0,0.0,0,1,1,0,2500.5
SC,de R$ 8.001/mês a R$ 12.000/mês,1.0,0.0,1.0,0,0,0,0,10000.5
AL,de R$ 1.001/mês a R$ 2.000/mês,1.0,0.0,1.0,1,1,1,1,1500.5
SP,de R$ 4.001/mês a R$ 6.000/mês,1.0,0.0,1.0,0,0,1,0,5000.5
BA,de R$ 6.001/mês a R$ 8.000/mês,0.0,0.0,1.0,0,0,0,0,7000.5
ES,de R$ 6.001/mês a R$ 8.000/mês,0.0,0.0,1.0,0,0,0,0,7000.5
MG,Não informado,0.0,0.0,0.0,0,0,0,0,10576.036405723906
MG,Não informado,0.0,0.0,0.0,0,0,0,0,10576.036405723906
RS,de R$ 8.001/mês a R$ 12.000/mês,0.0,0.0,0.0,0,0,0,0,10000.5
RJ,de R$ 20.001/mês a R$ 25.000/mês,0.0,0.0,0.0,0,0,0,0,22500.5
SP,de R$ 4.001/mês a R$ 6.000/mês,1.0,0.0,0.0,1,0,0,0,5000.5
DF,de R$ 25.001/mês a R$ 30.000/mês,1.0,0.0,1.0,1,0,0,1,27500.5
MT,de R$ 4.001/mês a R$ 6.000/mês,1.0,0.0,1.0,0,0,1,0,5000.5
RS,Não informado,0.0,0.0,0.0,0,0,0,0,10576.036405723906
RJ,de R$ 8.001/mês a R$ 12.000/mês,1.0,0.0,0.0,0,0,0,0,10000.5
SP,de R$ 16.001/mês a R$ 20.000/mês,0.0,0.0,0.0,0,0,0,0,18000.5
MG,de R$ 4.001/mês a R$ 6.000/mês,0.0,0.0,1.0,0,1,1,0,5000.5
RJ,de R$ 4.001/mês a R$ 6.000/mês,1.0,0.0,0.0,0,0,0,0,5000.5
DF,Não informado,0.0,0.0,0.0,0,0,0,0,10576.036405723906
SP,de R$ 1.001/mês a R$ 2.000/mês,0.0,1.0,0.0,0,0,0,0,1500.5
SP,de R$ 8.001/mês a R$ 12.000/mês,1.0,0.0,0.0,0,0,1,0,10000.5
SP,de R$ 25.001/mês a R$ 30.000/mês,0.0,0.0,0.0,0,0,0,0,27500.5
MG,de R$ 6.001/mês a R$ 8.000/mês,1.0,0.0,1.0,0,0,0,0,7000.5
SP,Não informado,0.0,0.0,0.0,0,0,0,0,10576.036405723906
NI,de R$ 6.001/mês a R$ 8.000/mês,1.0,0.0,1.0,0,1,1,0,7000.5
SP,de R$ 4.001/mês a R$ 6.000/mês,1.0,0.0,0.0,1,0,0,0,5000.5
PE,Não informado,0.0,0.0,0.0,0,0,0,0,10576.036405723906
SC,de R$ 1.001/mês a R$ 2.000/mês,1.0,0.0,0.0,0,0,0,0,1500.5
SP,de R$ 4.001/mês a R$ 6.000/mês,1.0,0.0,1.0,0,0,0,0,5000.5
MG,de R$ 8.001/mês a R$ 12.000/mês,1.0,0.0,0.0,0,0,0,0,10000.5
MT,de R$ 20.001/mês a R$ 25.000/mês,0.0,0.0,0.0,0,0,0,0,22500.5
PR,de R$ 2.001/mês a R$ 3.000/mês,0.0,0.0,1.0,0,0,0,0,2500.5
SP,de R$ 4.001/mês a R$ 6.000/mês,1.0,0.0,0.0,1,0,0,0,5000.5
DF,de R$ 12.001/mês a R$ 16.000/mês,1.0,0.0,1.0,0,0,0,0,14000.5
RJ,de R$ 12.001/mês a R$ 16.000/mês,1.0,0.0,1.0,0,0,0,0,14000.5
RS,de R$ 4.001/mês a R$ 6.000/mês,0.0,0.0,1.0,0,1,1,0,5000.5
SP,de R$ 4.001/mês a R$ 6.000/mês,0.0,1.0,0.0,0,0,0,0,5000.5
RJ,de R$ 1.001/mês a R$ 2.000/mês,0.0,1.0,0.0,0,0,0,0,1500.5
DF,Não informado,0.0,0.0,0.0,0,0,0,0,10576.036405723906
RJ,de R$ 3.001/mês a R$ 4.000/mês,1.0,0.0,1.0,0,0,0,0,3500.5
BA,de R$ 6.001/mês a R$ 8.000/mês,1.0,0.0,0.0,0,0,0,0,7000.5
SP,de R$ 2.001/mês a R$ 3.000/mês,1.0,0.0,0.0,0,0,0,0,2500.5
SP,de R$ 4.001/mês a R$ 6.000/mês,1.0,0.0,1.0,0,0,0,0,5000.5
NI,de R$ 20.001/mês a R$ 25.000/mês,1.0,0.0,1.0,1,1,1,0,22500.5
RS,de R$ 8.001/mês a R$ 12.000/mês,0.0,0.0,1.0,1,0,0,0,10000.5
MG,de R$ 4.001/mês a R$ 6.000/mês,1.0,0.0,0.0,0,0,0,0,5000.5
SP,de R$ 6.001/mês a R$ 8.000/mês,1.0,0.0,1.0,1,0,0,0,7000.5
PR,de R$ 8.001/mês a R$ 12.000/mês,1.0,0.0,1.0,0,0,0,0,10000.5
SP,de R$ 20.001/mês a R$ 25.000/mês,1.0,0.0,1.0,1,0,0,0,22500.5
PR,de R$ 12.001/mês a R$ 16.000/mês,1.0,0.0,1.0,0,0,0,0,14000.5
PR,de R$ 4.001/mês a R$ 6.000/mês,1.0,0.0,1.0,0,0,0,0,5000.5
SP,Não informado,0.0,0.0,0.0,0,0,0,0,10576.036405723906
SP,de R$ 4.001/mês a R$ 6.000/mês,1.0,0.0,1.0,0,0,0,0,5000.5
PR,de R$ 8.001/mês a R$ 12.000/mês,1.0,0.0,1.0,1,1,1,0,10000.5
RS,Não informado,0.0,0.0,0.0,0,0,0,0,10576.036405723906
RJ,de R$ 12.001/mês a R$ 16.000/mês,1.0,0.0,0.0,0,0,0,0,14000.5
SP,de R$ 20.001/mês a R$ 25.000/mês,0.0,0.0,0.0,0,0,0,0,22500.5
BA,de R$ 8.001/mês a R$ 12.000/mês,0.0,0.0,1.0,0,0,0,0,10000.5
RJ,de R$ 4.001/mês a R$ 6.000/mês,0.0,1.0,0.0,0,0,0,0,5000.5
RS,Não informado,0.0,0.0,0.0,0,0,0,0,10576.036405723906
SP,de R$ 30.001/mês a R$ 40.000/mês,1.0,0.0,1.0,0,0,0,0,35000.5
RJ,de R$ 3.001/mês a R$ 4.000/mês,1.0,0.0,0.0,0,0,0,0,3500.5
PR,de R$ 2.001/mês a R$ 3.000/mês,1.0,0.0,0.0,0,0,0,0,2500.5
SP,de R$ 8.001/mês a R$ 12.000/mês,1.0,0.0,1.0,0,1,1,0,10000.5
SP,de R$ 4.001/mês a R$ 6.000/mês,1.0,0.0,1.0,0,1,1,0,5000.5
PR,de R$ 2.001/mês a R$ 3.000/mês,1.0,0.0,1.0,0,1,1,0,2500.5
SC,de R$ 3.001/mês a R$ 4.000/mês,1.0,0.0,1.0,0,0,0,0,3500.5
PR,de R$ 6.001/mês a R$ 8.000/mês,1.0,0.0,1.0,0,0,0,0,7000.5
SC,de R$ 6.001/mês a R$ 8.000/mês,0.0,0.0,0.0,0,0,0,0,7000.5
SP,de R$ 8.001/mês a R$ 12.000/mês,0.0,0.0,0.0,0,0,0,0,10000.5
SP,de R$ 6.001/mês a R$ 8.000/mês,1.0,0.0,1.0,0,0,0,0,7000.5
MG,de R$ 3.001/mês a R$ 4.000/mês,1.0,0.0,1.0,0,0,1,0,3500.5
RO,de R$ 3.001/mês a R$ 4.000/mês,0.0,0.0,0.0,1,0,0,0,3500.5
GO,de R$ 12.001/mês a R$ 16.000/mês,1.0,0.0,1.0,0,0,0,0,14000.5
RJ,de R$ 8.001/mês a R$ 12.000/mês,1.0,0.0,1.0,0,0,0,0,10000.5
SP,de R$ 2.001/mês a R$ 3.000/mês,1.0,0.0,1.0,0,0,0,0,2500.5
SP,de R$ 16.001/mês a R$ 20.000/mês,0.0,0.0,0.0,0,0,0,0,18000.5
SP,de R$ 12.001/mês a R$ 16.000/mês,1.0,0.0,1.0,1,1,1,0,14000.5
SP,de R$ 25.001/mês a R$ 30.000/mês,0.0,0.0,0.0,0,0,0,0,27500.5
SC,de R$ 4.001/mês a R$ 6.000/mês,1.0,0.0,1.0,0,0,0,0,5000.5
SP,de R$ 16.001/mês a R$ 20.000/mês,0.0,0.0,0.0,0,0,0,0,18000.5
MG,Não informado,0.0,0.0,0.0,0,0,0,0,10576.036405723906
RO,de R$ 30.001/mês a R$ 40.000/mês,0.0,0.0,0.0,0,0,0,0,35000.5
MG,de R$ 4.001/mês a R$ 6.000/mês,1.0,0.0,1.0,0,0,0,0,5000.5
BA,de R$ 12.001/mês a R$ 16.000/mês,1.0,0.0,0.0,0,0,0,0,14000.5
SP,de R$ 2.001/mês a R$ 3.000/mês,0.0,0.0,0.0,0,0,1,0,2500.5
CE,Não informado,0.0,0.0,0.0,0,0,0,0,10576.036405723906
SP,de R$ 8.001/mês a R$ 12.000/mês,1.0,0.0,1.0,0,1,1,0,10000.5
MG,de R$ 6.001/mês a R$ 8.000/mês,1.0,0.0,1.0,0,0,0,0,7000.5
SP,de R$ 1.001/mês a R$ 2.000/mês,1.0,0.0,0.0,0,0,0,0,1500.5
SP,Não informado,0.0,0.0,0.0,0,0,0,0,10576.036405723906
MG,Não informado,0.0,0.0,0.0,0,0,0,0,10576.036405723906
BA,de R$ 2.001/mês a R$ 3.000/mês,0.0,1.0,0.0,0,0,0,0,2500.5
SP,de R$ 12.001/mês a R$ 16.000/mês,1.0,0.0,0.0,0,0,0,0,14000.5
PR,de R$ 4.001/mês a R$ 6.000/mês,1.0,0.0,1.0,0,0,0,0,5000.5
SC,de R$ 3.001/mês a R$ 4.000/mês,0.0,1.0,0.0,0,0,0,0,3500.5
MG,de R$ 6.001/mês a R$ 8.000/mês,0.0,0.0,0.0,0,0,0,0,7000.5
DF,Não informado,0.0,0.0,0.0,0,0,0,0,10576.036405723906
SP,de R$ 12.001/mês a R$ 16.000/mês,1.0,0.0,1.0,0,0,0,0,14000.5
SP,de R$ 1.001/mês a R$ 2.000/mês,0.0,0.0,1.0,1,0,0,0,1500.5
BA,de R$ 6.001/mês a R$ 8.000/mês,1.0,0.0,1.0,1,0,0,0,7000.5
SC,de R$ 8.001/mês a R$ 12.000/mês,0.0,0.0,0.0,0,0,0,0,10000.5
SP,de R$ 12.001/mês a R$ 16.000/mês,1.0,0.0,1.0,1,0,0,0,14000.5
SP,de R$ 20.001/mês a R$ 25.000/mês,0.0,0.0,0.0,0,0,0,0,22500.5
NI,de R$ 30.001/mês a R$ 40.000/mês,0.0,0.0,0.0,0,0,0,0,35000.5
SP,de R$ 6.001/mês a R$ 8.000/mês,1.0,0.0,1.0,1,0,0,0,7000.5
PR,de R$ 4.001/mês a R$ 6.000/mês,1.0,0.0,1.0,0,0,0,0,5000.5
SP,de R$ 12.001/mês a R$ 16.000/mês,0.0,0.0,1.0,0,0,0,0,14000.5
SP,de R$ 12.001/mês a R$ 16.000/mês,1.0,0.0,1.0,1,0,0,0,14000.5
SP,de R$ 8.001/mês a R$ 12.000/mês,0.0,0.0,0.0,0,0,0,0,10000.5
NI,Não informado,0.0,0.0,0.0,0,0,0,0,10576.036405723906
SP,de R$ 8.001/mês a R$ 12.000/mês,1.0,0.0,1.0,0,0,0,0,10000.5
BA,de R$ 20.001/mês a R$ 25.000/mês,0.0,0.0,0.0,0,0,0,0,22500.5
RS,de R$ 12.001/mês a R$ 16.000/mês,0.0,0.0,0.0,0,0,0,0,14000.5
PE,Não informado,0.0,0.0,0.0,0,0,0,0,10576.036405723906
MG,de R$ 8.001/mês a R$ 12.000/mês,1.0,0.0,1.0,0,0,0,0,10000.5
SC,Não informado,0.0,0.0,0.0,0,0,0,0,10576.036405723906
MG,de R$ 8.001/mês a R$ 12.000/mês,1.0,0.0,1.0,0,0,0,0,10000.5
SP,de R$ 12.001/mês a R$ 16.000/mês,1.0,0.0,1.0,0,1,1,0,14000.5
SP,de R$ 8.001/mês a R$ 12.000/mês,1.0,0.0,1.0,0,0,0,0,10000.5
SP,de R$ 8.001/mês a R$ 12.000/mês,1.0,0.0,1.0,0,0,0,0,10000.5
SP,de R$ 16.001/mês a R$ 20.000/mês,0.0,0.0,0.0,0,0,0,0,18000.5
SP,de R$ 4.001/mês a R$ 6.000/mês,1.0,0.0,1.0,0,0,0,0,5000.5
RS,de R$ 8.001/mês a R$ 12.000/mês,1.0,0.0,0.0,1,1,1,0,10000.5
MG,de R$ 25.001/mês a R$ 30.000/mês,1.0,0.0,1.0,0,0,0,0,27500.5
NI,Acima de R$ 40.001/mês,1.0,0.0,1.0,1,0,0,0,50000.0
DF,de R$ 1.001/mês a R$ 2.000/mês,0.0,0.0,1.0,0,0,0,0,1500.5
SP,de R$ 3.001/mês a R$ 4.000/mês,1.0,0.0,1.0,0,0,0,0,3500.5
PR,Não informado,0.0,0.0,0.0,0,0,0,0,10576.036405723906
RN,de R$ 3.001/mês a R$ 4.000/mês,1.0,0.0,1.0,0,0,0,0,3500.5
RJ,de R$ 12.001/mês a R$ 16.000/mês,0.0,0.0,0.0,0,0,0,0,14000.5
PR,de R$ 6.001/mês a R$ 8.000/mês,1.0,0.0,1.0,0,0,0,0,7000.5
RJ,de R$ 4.001/mês a R$ 6.000/mês,0.0,1.0,0.0,0,0,0,0,5000.5
DF,de R$ 25.001/mês a R$ 30.000/mês,0.0,0.0,0.0,0,0,0,0,27500.5
PR,de R$ 12.001/mês a R$ 16.000/mês,1.0,0.0,1.0,0,0,1,0,14000.5
ES,de R$ 1.001/mês a R$ 2.000/mês,0.0,1.0,0.0,0,0,0,0,1500.5
ES,de R$ 6.001/mês a R$ 8.000/mês,1.0,0.0,0.0,1,0,0,0,7000.5
BA,de R$ 4.001/mês a R$ 6.000/mês,0.0,1.0,0.0,0,0,0,0,5000.5
RN,de R$ 16.001/mês a R$ 20.000/mês,1.0,0.0,1.0,0,0,0,0,18000.5
PR,de R$ 6.001/mês a R$ 8.000/mês,1.0,0.0,0.0,0,0,0,0,7000.5
RS,de R$ 4.001/mês a R$ 6.000/mês,1.0,0.0,0.0,1,0,0,0,5000.5
DF,de R$ 6.001/mês a R$ 8.000/mês,1.0,0.0,0.0,1,0,0,0,7000.5
SP,de R$ 4.001/mês a R$ 6.000/mês,0.0,0.0,1.0,0,0,0,0,5000.5
PE,de R$ 3.001/mês a R$ 4.000/mês,1.0,0.0,1.0,0,0,0,0,3500.5
MG,de R$ 8.001/mês a R$ 12.000/mês,1.0,0.0,0.0,0,0,1,0,10000.5
SP,de R$ 1.001/mês a R$ 2.000/mês,1.0,0.0,1.0,1,0,0,0,1500.5
SP,de R$ 8.001/mês a R$ 12.000/mês,1.0,0.0,1.0,1,0,0,0,10000.5
SP,de R$ 12.001/mês a R$ 16.000/mês,0.0,0.0,0.0,0,0,0,0,14000.5
RS,de R$ 6.001/mês a R$ 8.000/mês,1.0,0.0,1.0,0,0,0,0,7000.5
MG,de R$ 4.001/mês a R$ 6.000/mês,1.0,0.0,1.0,0,0,1,0,5000.5
BA,de R$ 2.001/mês a R$ 3.000/mês,0.0,0.0,0.0,0,0,1,0,2500.5
AL,de R$ 12.001/mês a R$ 16.000/mês,0.0,0.0,0.0,0,0,0,0,14000.5
PB,de R$ 4.001/mês a R$ 6.000/mês,1.0,0.0,1.0,0,0,0,0,5000.5
SP,de R$ 3.001/mês a R$ 4.000/mês,0.0,0.0,0.0,0,0,0,0,3500.5
MG,de R$ 12.001/mês a R$ 16.000/mês,0.0,0.0,0.0,0,0,0,0,14000.5
MG,de R$ 3.001/mês a R$ 4.000/mês,1.0,0.0,1.0,0,0,0,0,3500.5
SP,de R$ 8.001/mês a R$ 12.000/mês,0.0,0.0,1.0,0,0,0,0,10000.5
SC,de R$ 12.001/mês a R$ 16.000/mês,0.0,0.0,0.0,0,0,0,0,14000.5
SP,de R$ 20.001/mês a R$ 25.000/mês,0.0,0.0,0.0,0,0,0,0,22500.5
MS,de R$ 4.001/mês a R$ 6.000/mês,0.0,1.0,0.0,0,0,0,0,5000.5
SP,de R$ 2.001/mês a R$ 3.000/mês,1.0,0.0,1.0,0,0,0,0,2500.5
SC,de R$ 12.001/mês a R$ 16.000/mês,0.0,0.0,0.0,0,0,0,0,14000.5
RJ,de R$ 8.001/mês a R$ 12.000/mês,1.0,0.0,1.0,1,0,0,0,10000.5
MG,de R$ 8.001/mês a R$ 12.000/mês,1.0,0.0,1.0,0,0,0,0,10000.5
MG,de R$ 6.001/mês a R$ 8.000/mês,1.0,0.0,0.0,0,0,0,0,7000.5
RJ,de R$ 12.001/mês a R$ 16.000/mês,1.0,0.0,1.0,0,0,0,0,14000.5
RS,de R$ 4.001/mês a R$ 6.000/mês,0.0,0.0,1.0,1,0,0,0,5000.5
RN,de R$ 12.001/mês a R$ 16.000/mês,0.0,0.0,0.0,0,0,0,0,14000.5
PR,de R$ 8.001/mês a R$ 12.000/mês,0.0,0.0,1.0,0,0,0,0,10000.5
RJ,Não informado,0.0,0.0,0.0,0,0,0,0,10576.036405723906
SP,de R$ 8.001/mês a R$ 12.000/mês,1.0,0.0,1.0,1,0,1,0,10000.5
MG,de R$ 2.001/mês a R$ 3.000/mês,1.0,0.0,1.0,0,0,0,0,2500.5
NI,de R$ 12.001/mês a R$ 16.000/mês,1.0,0.0,1.0,0,0,0,0,14000.5
SP,de R$ 3.001/mês a R$ 4.000/mês,0.0,0.0,1.0,0,0,0,0,3500.5
SP,de R$ 3.001/mês a R$ 4.000/mês,1.0,0.0,1.0,1,0,0,0,3500.5
DF,de R$ 8.001/mês a R$ 12.000/mês,1.0,0.0,1.0,1,0,0,0,10000.5
PR,de R$ 16.001/mês a R$ 20.000/mês,1.0,0.0,1.0,0,0,0,0,18000.5
SP,de R$ 20.001/mês a R$ 25.000/mês,0.0,0.0,0.0,0,0,0,0,22500.5
SP,de R$ 8.001/mês a R$ 12.000/mês,1.0,0.0,0.0,0,1,1,0,10000.5
SP,de R$ 4.001/mês a R$ 6.000/mês,1.0,0.0,1.0,0,0,0,0,5000.5
SP,de R$ 30.001/mês a R$ 40.000/mês,1.0,0.0,1.0,1,0,0,0,35000.5
SP,de R$ 8.001/mês a R$ 12.000/mês,1.0,0.0,1.0,0,1,1,0,10000.5
SC,de R$ 6.001/mês a R$ 8.000/mês,1.0,0.0,1.0,0,1,1,0,7000.5
MG,Não informado,0.0,0.0,0.0,0,0,0,0,10576.036405723906
SP,de R$ 3.001/mês a R$ 4.000/mês,0.0,1.0,0.0,0,0,0,0,3500.5
RJ,de R$ 4.001/mês a R$ 6.000/mês,1.0,0.0,1.0,0,0,0,0,5000.5
SP,de R$ 2.001/mês a R$ 3.000/mês,0.0,0.0,0.0,0,0,0,0,2500.5
MA,de R$ 2.001/mês a R$ 3.000/mês,0.0,1.0,0.0,0,0,0,0,2500.5
SP,Não informado,0.0,0.0,0.0,0,0,0,0,10576.036405723906
SC,de R$ 6.001/mês a R$ 8.000/mês,1.0,0.0,1.0,0,0,0,0,7000.5
BA,de R$ 6.001/mês a R$ 8.000/mês,1.0,0.0,1.0,0,0,0,0,7000.5
SP,de R$ 16.001/mês a R$ 20.000/mês,1.0,0.0,1.0,0,0,0,0,18000.5
RS,de R$ 12.001/mês a R$ 16.000/mês,1.0,0.0,1.0,0,0,0,0,14000.5
SP,de R$ 2.001/mês a R$ 3.000/mês,0.0,1.0,0.0,0,0,0,0,2500.5
MG,Não informado,0.0,0.0,0.0,0,0,0,0,10576.036405723906
SP,Acima de R$ 40.001/mês,0.0,0.0,0.0,0,0,0,0,50000.0
RS,de R$ 4.001/mês a R$ 6.000/mês,1.0,0.0,1.0,0,0,0,0,5000.5
PR,de R$ 25.001/mês a R$ 30.000/mês,0.0,0.0,0.0,0,0,0,0,27500.5
RJ,Não informado,0.0,0.0,0.0,0,0,0,0,10576.036405723906
PR,de R$ 8.001/mês a R$ 12.000/mês,1.0,0.0,1.0,0,0,0,0,10000.5
PE,de R$ 2.001/mês a R$ 3.000/mês,0.0,0.0,0.0,0,0,0,0,2500.5
GO,de R$ 12.001/mês a R$ 16.000/mês,0.0,0.0,0.0,0,0,0,0,14000.5
SP,de R$ 16.001/mês a R$ 20.000/mês,0.0,0.0,0.0,0,0,0,0,18000.5
SP,de R$ 16.001/mês a R$ 20.000/mês,0.0,0.0,0.0,0,0,0,0,18000.5
SP,de R$ 4.001/mês a R$ 6.000/mês,0.0,0.0,0.0,0,0,0,0,5000.5
PI,de R$ 3.001/mês a R$ 4.000/mês,1.0,0.0,1.0,0,0,0,0,3500.5
PR,de R$ 4.001/mês a R$ 6.000/mês,1.0,0.0,1.0,0,0,1,0,5000.5
MG,de R$ 12.001/mês a R$ 16.000/mês,1.0,0.0,0.0,0,0,0,0,14000.5
SP,de R$ 8.001/mês a R$ 12.000/mês,1.0,0.0,1.0,0,0,0,0,10000.5
SP,de R$ 4.001/mês a R$ 6.000/mês,1.0,0.0,0.0,0,0,0,0,5000.5
PR,de R$ 6.001/mês a R$ 8.000/mês,1.0,0.0,1.0,0,0,0,0,7000.5
RN,de R$ 1.001/mês a R$ 2.000/mês,0.0,1.0,0.0,0,0,0,0,1500.5
SP,de R$ 20.001/mês a R$ 25.000/mês,0.0,0.0,0.0,0,0,0,0,22500.5
SC,de R$ 8.001/mês a R$ 12.000/mês,1.0,0.0,1.0,0,1,1,0,10000.5
SP,de R$ 16.001/mês a R$ 20.000/mês,0.0,0.0,0.0,0,0,0,0,18000.5
RS,de R$ 4.001/mês a R$ 6.000/mês,1.0,0.0,0.0,0,0,0,0,5000.5
SP,de R$ 12.001/mês a R$ 16.000/mês,1.0,0.0,0.0,0,0,0,0,14000.5
SP,de R$ 16.001/mês a R$ 20.000/mês,0.0,0.0,0.0,0,0,0,0,18000.5
SP,de R$ 4.001/mês a R$ 6.000/mês,1.0,0.0,1.0,1,0,0,0,5000.5
MG,de R$ 3.001/mês a R$ 4.000/mês,1.0,0.0,1.0,0,0,0,0,3500.5
SP,de R$ 8.001/mês a R$ 12.000/mês,1.0,0.0,1.0,0,0,0,0,10000.5
SP,de R$ 8.001/mês a R$ 12.000/mês,1.0,0.0,1.0,0,0,0,0,10000.5
RJ,Não informado,0.0,0.0,0.0,0,0,0,0,10576.036405723906
SP,de R$ 3.001/mês a R$ 4.000/mês,1.0,0.0,0.0,0,0,0,0,3500.5
SP,de R$ 12.001/mês a R$ 16.000/mês,1.0,0.0,1.0,0,0,0,0,14000.5
SC,de R$ 12.001/mês a R$ 16.000/mês,0.0,0.0,0.0,0,0,0,0,14000.5
PR,de R$ 4.001/mês a R$ 6.000/mês,0.0,0.0,0.0,0,0,0,0,5000.5
SC,de R$ 12.001/mês a R$ 16.000/mês,1.0,0.0,1.0,0,0,0,0,14000.5
SP,de R$ 12.001/mês a R$ 16.000/mês,1.0,0.0,1.0,0,0,0,0,14000.5
BA,de R$ 1.001/mês a R$ 2.000/mês,0.0,0.0,1.0,0,0,0,0,1500.5
SC,de R$ 8.001/mês a R$ 12.000/mês,1.0,0.0,1.0,0,0,0,0,10000.5
RJ,de R$ 6.001/mês a R$ 8.000/mês,1.0,0.0,1.0,0,0,0,0,7000.5
SP,de R$ 4.001/mês a R$ 6.000/mês,0.0,1.0,0.0,0,0,0,0,5000.5
SP,Não informado,0.0,0.0,0.0,0,0,0,0,10576.036405723906
SP,de R$ 20.001/mês a R$ 25.000/mês,0.0,0.0,0.0,0,0,0,0,22500.5
SP,Acima de R$ 40.001/mês,0.0,0.0,0.0,0,0,0,0,50000.0
PR,de R$ 3.001/mês a R$ 4.000/mês,0.0,1.0,0.0,0,0,0,0,3500.5
SP,de R$ 4.001/mês a R$ 6.000/mês,1.0,0.0,1.0,1,0,0,0,5000.5
SP,de R$ 1.001/mês a R$ 2.000/mês,1.0,0.0,1.0,1,0,1,0,1500.5
MG,de R$ 1.001/mês a R$ 2.000/mês,0.0,1.0,0.0,0,0,0,0,1500.5
RJ,de R$ 3.001/mês a R$ 4.000/mês,1.0,0.0,1.0,0,0,0,0,3500.5
SP,de R$ 12.001/mês a R$ 16.000/mês,1.0,0.0,1.0,1,0,0,0,14000.5
SP,de R$ 4.001/mês a R$ 6.000/mês,1.0,0.0,1.0,1,0,0,0,5000.5
SP,de R$ 1.001/mês a R$ 2.000/mês,1.0,0.0,0.0,0,0,0,0,1500.5
BA,de R$ 8.001/mês a R$ 12.000/mês,1.0,0.0,1.0,0,0,0,0,10000.5
SP,de R$ 16.001/mês a R$ 20.000/mês,0.0,0.0,0.0,0,0,0,0,18000.5
MG,de R$ 12.001/mês a R$ 16.000/mês,0.0,0.0,0.0,0,0,0,0,14000.5
SP,Não informado,0.0,0.0,0.0,0,0,0,0,10576.036405723906
SP,de R$ 12.001/mês a R$ 16.000/mês,1.0,0.0,1.0,0,0,0,0,14000.5
CE,de R$ 16.001/mês a R$ 20.000/mês,0.0,0.0,0.0,0,0,0,0,18000.5
SP,de R$ 20.001/mês a R$ 25.000/mês,0.0,0.0,0.0,0,0,0,0,22500.5
RS,de R$ 6.001/mês a R$ 8.000/mês,1.0,0.0,1.0,0,0,1,0,7000.5
RJ,de R$ 3.001/mês a R$ 4.000/mês,1.0,0.0,1.0,0,1,1,0,3500.5
SP,Não informado,0.0,0.0,0.0,0,0,0,0,10576.036405723906
ES,de R$ 4.001/mês a R$ 6.000/mês,1.0,0.0,1.0,0,0,0,0,5000.5
NI,de R$ 8.001/mês a R$ 12.000/mês,0.0,0.0,0.0,0,0,0,0,10000.5
SP,de R$ 1.001/mês a R$ 2.000/mês,1.0,0.0,1.0,0,0,0,0,1500.5
SC,de R$ 4.001/mês a R$ 6.000/mês,1.0,0.0,1.0,0,0,0,0,5000.5
SP,de R$ 4.001/mês a R$ 6.000/mês,1.0,0.0,1.0,0,1,1,0,5000.5
SP,de R$ 8.001/mês a R$ 12.000/mês,1.0,0.0,1.0,0,0,0,0,10000.5
SP,de R$ 3.001/mês a R$ 4.000/mês,1.0,0.0,1.0,0,0,1,0,3500.5
SP,de R$ 25.001/mês a R$ 30.000/mês,0.0,0.0,0.0,0,0,0,0,27500.5
RJ,de R$ 2.001/mês a R$ 3.000/mês,1.0,0.0,1.0,0,1,1,0,2500.5
PB,de R$ 4.001/mês a R$ 6.000/mês,0.0,0.0,0.0,0,0,0,0,5000.5
SP,de R$ 4.001/mês a R$ 6.000/mês,1.0,0.0,1.0,0,1,1,0,5000.5
SP,Não informado,0.0,0.0,0.0,0,0,0,0,10576.036405723906
SP,de R$ 12.001/mês a R$ 16.000/mês,1.0,0.0,1.0,1,0,1,0,14000.5
SC,de R$ 6.001/mês a R$ 8.000/mês,1.0,0.0,0.0,1,0,0,0,7000.5
CE,de R$ 2.001/mês a R$ 3.000/mês,0.0,1.0,0.0,0,0,0,0,2500.5
GO,de R$ 2.001/mês a R$ 3.000/mês,0.0,0.0,0.0,0,0,0,0,2500.5
RS,de R$ 8.001/mês a R$ 12.000/mês,1.0,0.0,1.0,0,0,0,0,10000.5
DF,de R$ 1.001/mês a R$ 2.000/mês,0.0,0.0,1.0,0,0,0,0,1500.5
SP,de R$ 20.001/mês a R$ 25.000/mês,0.0,0.0,0.0,0,0,0,0,22500.5
PR,de R$ 6.001/mês a R$ 8.000/mês,1.0,0.0,1.0,0,0,0,0,7000.5
MA,de R$ 4.001/mês a R$ 6.000/mês,1.0,0.0,1.0,0,0,0,0,5000.5
PA,de R$ 8.001/mês a R$ 12.000/mês,1.0,0.0,1.0,1,0,0,0,10000.5
DF,de R$ 4.001/mês a R$ 6.000/mês,0.0,0.0,0.0,0,0,0,0,5000.5
DF,de R$ 8.001/mês a R$ 12.000/mês,0.0,0.0,0.0,0,0,0,0,10000.5
SP,de R$ 6.001/mês a R$ 8.000/mês,1.0,0.0,1.0,0,0,0,0,7000.5
SC,de R$ 16.001/mês a R$ 20.000/mês,0.0,0.0,0.0,0,0,0,0,18000.5
SP,de R$ 3.001/mês a R$ 4.000/mês,1.0,0.0,1.0,0,0,0,0,3500.5
SP,Acima de R$ 40.001/mês,0.0,0.0,0.0,0,0,0,0,50000.0
RS,de R$ 20.001/mês a R$ 25.000/mês,0.0,0.0,0.0,0,0,0,0,22500.5
PR,de R$ 6.001/mês a R$ 8.000/mês,1.0,0.0,1.0,0,0,0,0,7000.5
SP,Acima de R$ 40.001/mês,0.0,0.0,0.0,0,0,0,0,50000.0
SC,de R$ 6.001/mês a R$ 8.000/mês,1.0,0.0,0.0,0,0,0,0,7000.5
RJ,de R$ 8.001/mês a R$ 12.000/mês,1.0,0.0,0.0,0,1,1,0,10000.5
SP,de R$ 20.001/mês a R$ 25.000/mês,1.0,0.0,1.0,0,0,0,0,22500.5
SP,de R$ 6.001/mês a R$ 8.000/mês,0.0,0.0,0.0,0,0,0,0,7000.5
SP,de R$ 12.001/mês a R$ 16.000/mês,1.0,0.0,1.0,0,0,0,0,14000.5
RS,de R$ 25.001/mês a R$ 30.000/mês,1.0,0.0,1.0,0,0,0,0,27500.5
SP,de R$ 6.001/mês a R$ 8.000/mês,0.0,1.0,0.0,0,0,0,0,7000.5
SP,de R$ 8.001/mês a R$ 12.000/mês,1.0,0.0,0.0,0,0,0,0,10000.5
RJ,de R$ 8.001/mês a R$ 12.000/mês,1.0,0.0,0.0,0,0,0,0,10000.5
SP,de R$ 12.001/mês a R$ 16.000/mês,1.0,0.0,1.0,0,1,1,0,14000.5
RS,de R$ 8.001/mês a R$ 12.000/mês,1.0,0.0,1.0,0,0,0,0,10000.5
RJ,de R$ 12.001/mês a R$ 16.000/mês,0.0,0.0,0.0,0,0,0,0,14000.5
SP,de R$ 8.001/mês a R$ 12.000/mês,0.0,0.0,1.0,0,0,0,0,10000.5
SP,de R$ 6.001/mês a R$ 8.000/mês,1.0,0.0,1.0,0,0,0,0,7000.5
SP,de R$ 8.001/mês a R$ 12.000/mês,1.0,0.0,1.0,0,0,0,0,10000.5
MG,de R$ 12.001/mês a R$ 16.000/mês,1.0,0.0,1.0,0,0,0,0,14000.5
BA,de R$ 4.001/mês a R$ 6.000/mês,0.0,0.0,0.0,1,0,0,0,5000.5
SP,Não informado,0.0,0.0,0.0,0,0,0,0,10576.036405723906
SP,de R$ 4.001/mês a R$ 6.000/mês,1.0,0.0,0.0,0,0,0,0,5000.5
RS,de R$ 3.001/mês a R$ 4.000/mês,1.0,0.0,1.0,1,0,0,0,3500.5
SP,de R$ 6.001/mês a R$ 8.000/mês,1.0,0.0,1.0,1,0,0,0,7000.5
MT,Não informado,0.0,0.0,0.0,0,0,0,0,10576.036405723906
RJ,Não informado,0.0,0.0,0.0,0,0,0,0,10576.036405723906
SP,de R$ 3.001/mês a R$ 4.000/mês,1.0,0.0,0.0,0,0,0,0,3500.5
AL,de R$ 8.001/mês a R$ 12.000/mês,0.0,0.0,0.0,0,0,0,0,10000.5
MG,de R$ 2.001/mês a R$ 3.000/mês,1.0,0.0,1.0,1,0,0,0,2500.5
BA,Não informado,0.0,0.0,0.0,0,0,0,0,10576.036405723906
SP,de R$ 16.001/mês a R$ 20.000/mês,1.0,0.0,1.0,0,0,0,0,18000.5
CE,de R$ 8.001/mês a R$ 12.000/mês,0.0,0.0,1.0,0,0,0,0,10000.5
SP,de R$ 8.001/mês a R$ 12.000/mês,1.0,0.0,1.0,1,0,1,0,10000.5
MG,de R$ 8.001/mês a R$ 12.000/mês,1.0,0.0,1.0,0,0,0,1,10000.5
MG,de R$ 4.001/mês a R$ 6.000/mês,1.0,0.0,0.0,0,0,0,0,5000.5
MG,de R$ 4.001/mês a R$ 6.000/mês,0.0,0.0,1.0,0,0,0,0,5000.5
SP,Acima de R$ 40.001/mês,1.0,0.0,0.0,0,0,0,0,50000.0
PI,de R$ 3.001/mês a R$ 4.000/mês,1.0,0.0,0.0,0,0,0,0,3500.5
MG,de R$ 6.001/mês a R$ 8.000/mês,1.0,0.0,1.0,0,0,0,0,7000.5
RJ,Não informado,0.0,0.0,0.0,0,0,0,0,10576.036405723906
SP,de R$ 12.001/mês a R$ 16.000/mês,1.0,0.0,1.0,0,0,0,0,14000.5
RJ,de R$ 8.001/mês a R$ 12.000/mês,1.0,0.0,1.0,0,0,0,0,10000.5
RJ,de R$ 3.001/mês a R$ 4.000/mês,1.0,0.0,0.0,0,0,0,0,3500.5
PR,de R$ 3.001/mês a R$ 4.000/mês,0.0,1.0,0.0,0,0,0,0,3500.5
BA,de R$ 4.001/mês a R$ 6.000/mês,1.0,0.0,1.0,0,0,0,0,5000.5
RJ,de R$ 2.001/mês a R$ 3.000/mês,1.0,0.0,0.0,0,0,0,0,2500.5
SC,de R$ 4.001/mês a R$ 6.000/mês,1.0,0.0,1.0,0,0,0,0,5000.5
RS,de R$ 3.001/mês a R$ 4.000/mês,1.0,0.0,1.0,0,0,1,0,3500.5
PR,de R$ 8.001/mês a R$ 12.000/mês,1.0,0.0,1.0,0,0,0,0,10000.5
SP,de R$ 16.001/mês a R$ 20.000/mês,0.0,1.0,0.0,0,0,0,0,18000.5
PB,de R$ 6.001/mês a R$ 8.000/mês,1.0,0.0,1.0,0,0,0,0,7000.5
PE,de R$ 8.001/mês a R$ 12.000/mês,0.0,0.0,0.0,0,0,0,0,10000.5
PB,de R$ 8.001/mês a R$ 12.000/mês,0.0,0.0,0.0,0,0,0,0,10000.5
SP,de R$ 20.001/mês a R$ 25.000/mês,0.0,0.0,1.0,1,0,1,0,22500.5
SP,de R$ 4.001/mês a R$ 6.000/mês,1.0,0.0,1.0,0,0,0,0,5000.5
SC,de R$ 8.001/mês a R$ 12.000/mês,1.0,0.0,1.0,0,0,0,0,10000.5
SP,de R$ 12.001/mês a R$ 16.000/mês,0.0,0.0,0.0,0,0,0,0,14000.5
SC,de R$ 4.001/mês a R$ 6.000/mês,1.0,0.0,1.0,0,0,0,0,5000.5
SP,de R$ 25.001/mês a R$ 30.000/mês,0.0,0.0,0.0,0,0,0,0,27500.5
SP,de R$ 12.001/mês a R$ 16.000/mês,0.0,0.0,0.0,0,0,0,0,14000.5
MS,de R$ 3.001/mês a R$ 4.000/mês,0.0,1.0,0.0,0,0,0,0,3500.5
PE,de R$ 2.001/mês a R$ 3.000/mês,1.0,0.0,1.0,0,0,0,0,2500.5
PR,de R$ 6.001/mês a R$ 8.000/mês,0.0,0.0,1.0,0,0,1,0,7000.5
NI,Menos de R$ 1.000/mês,1.0,0.0,1.0,0,0,0,0,500.0
PA,de R$ 3.001/mês a R$ 4.000/mês,0.0,0.0,0.0,0,0,0,0,3500.5
SP,de R$ 1.001/mês a R$ 2.000/mês,0.0,0.0,1.0,0,0,0,0,1500.5
DF,de R$ 20.001/mês a R$ 25.000/mês,1.0,0.0,1.0,0,0,0,0,22500.5
SP,de R$ 12.001/mês a R$ 16.000/mês,1.0,0.0,1.0,0,0,0,0,14000.5
SP,de R$ 2.001/mês a R$ 3.000/mês,0.0,1.0,0.0,0,0,0,0,2500.5
SP,Não informado,0.0,0.0,0.0,0,0,0,0,10576.036405723906
NI,de R$ 25.001/mês a R$ 30.000/mês,0.0,0.0,0.0,0,0,0,0,27500.5
SP,de R$ 6.001/mês a R$ 8.000/mês,1.0,0.0,1.0,0,0,0,0,7000.5
MG,de R$ 4.001/mês a R$ 6.000/mês,0.0,0.0,1.0,0,0,0,0,5000.5
SP,de R$ 4.001/mês a R$ 6.000/mês,1.0,0.0,1.0,0,0,0,0,5000.5
PB,de R$ 1.001/mês a R$ 2.000/mês,0.0,1.0,0.0,0,0,0,0,1500.5
RJ,de R$ 8.001/mês a R$ 12.000/mês,1.0,0.0,1.0,0,0,0,0,10000.5
PR,de R$ 25.001/mês a R$ 30.000/mês,1.0,0.0,1.0,0,0,0,0,27500.5
DF,de R$ 12.001/mês a R$ 16.000/mês,1.0,0.0,1.0,1,0,0,0,14000.5
DF,de R$ 6.001/mês a R$ 8.000/mês,1.0,0.0,1.0,1,1,1,0,7000.5
CE,Não informado,0.0,0.0,0.0,0,0,0,0,10576.036405723906
SP,de R$ 2.001/mês a R$ 3.000/mês,1.0,0.0,0.0,0,0,1,0,2500.5
PE,Não informado,0.0,0.0,0.0,0,0,0,0,10576.036405723906
SP,de R$ 12.001/mês a R$ 16.000/mês,1.0,0.0,1.0,0,0,0,0,14000.5
SP,de R$ 8.001/mês a R$ 12.000/mês,1.0,0.0,1.0,0,0,0,0,10000.5
SC,de R$ 3.001/mês a R$ 4.000/mês,0.0,0.0,0.0,0,0,0,0,3500.5
PA,de R$ 8.001/mês a R$ 12.000/mês,0.0,0.0,1.0,1,0,0,0,10000.5
SP,de R$ 30.001/mês a R$ 40.000/mês,0.0,0.0,0.0,0,0,0,0,35000.5
SP,de R$ 6.001/mês a R$ 8.000/mês,0.0,0.0,0.0,0,0,0,0,7000.5
SP,de R$ 6.001/mês a R$ 8.000/mês,1.0,0.0,1.0,0,0,0,0,7000.5
GO,de R$ 4.001/mês a R$ 6.000/mês,1.0,0.0,1.0,0,0,0,0,5000.5
PE,de R$ 3.001/mês a R$ 4.000/mês,1.0,0.0,1.0,0,0,0,0,3500.5
SC,de R$ 8.001/mês a R$ 12.000/mês,1.0,0.0,1.0,0,1,1,0,10000.5
SC,de R$ 8.001/mês a R$ 12.000/mês,0.0,0.0,0.0,0,0,0,0,10000.5
PR,de R$ 4.001/mês a R$ 6.000/mês,1.0,0.0,1.0,0,0,0,0,5000.5
SP,de R$ 6.001/mês a R$ 8.000/mês,0.0,0.0,0.0,0,0,1,0,7000.5
RJ,de R$ 8.001/mês a R$ 12.000/mês,1.0,0.0,1.0,0,0,0,0,10000.5
SP,de R$ 20.001/mês a R$ 25.000/mês,0.0,0.0,0.0,0,0,0,0,22500.5
SC,de R$ 3.001/mês a R$ 4.000/mês,0.0,1.0,0.0,0,0,0,0,3500.5
SP,de R$ 3.001/mês a R$ 4.000/mês,0.0,0.0,0.0,0,0,0,0,3500.5
RS,de R$ 8.001/mês a R$ 12.000/mês,1.0,0.0,0.0,0,1,1,0,10000.5
SP,de R$ 20.001/mês a R$ 25.000/mês,1.0,0.0,1.0,1,0,1,0,22500.5
RJ,de R$ 3.001/mês a R$ 4.000/mês,1.0,0.0,1.0,0,0,0,0,3500.5
PR,de R$ 12.001/mês a R$ 16.000/mês,1.0,0.0,1.0,0,0,0,0,14000.5
NI,Não informado,0.0,0.0,0.0,0,0,0,0,10576.036405723906
SP,de R$ 8.001/mês a R$ 12.000/mês,0.0,1.0,0.0,0,0,0,0,10000.5
RJ,de R$ 2.001/mês a R$ 3.000/mês,0.0,0.0,0.0,0,0,0,0,2500.5
PR,de R$ 12.001/mês a R$ 16.000/mês,0.0,0.0,1.0,0,0,0,0,14000.5
SP,de R$ 25.001/mês a R$ 30.000/mês,0.0,0.0,0.0,0,0,0,0,27500.5
MG,Menos de R$ 1.000/mês,0.0,0.0,0.0,0,0,0,0,500.0
RS,de R$ 6.001/mês a R$ 8.000/mês,1.0,0.0,1.0,1,0,0,0,7000.5
MG,de R$ 3.001/mês a R$ 4.000/mês,1.0,0.0,1.0,0,0,0,0,3500.5
GO,Acima de R$ 40.001/mês,1.0,0.0,1.0,0,0,0,0,50000.0
SP,de R$ 12.001/mês a R$ 16.000/mês,0.0,0.0,0.0,0,0,0,0,14000.5
PE,de R$ 3.001/mês a R$ 4.000/mês,1.0,0.0,0.0,0,0,0,0,3500.5
SP,Acima de R$ 40.001/mês,0.0,0.0,0.0,0,0,0,0,50000.0
MG,de R$ 16.001/mês a R$ 20.000/mês,1.0,0.0,1.0,0,0,0,1,18000.5
BA,de R$ 12.001/mês a R$ 16.000/mês,1.0,0.0,1.0,1,0,0,0,14000.5
MG,de R$ 4.001/mês a R$ 6.000/mês,1.0,0.0,1.0,0,1,1,0,5000.5
SC,de R$ 8.001/mês a R$ 12.000/mês,1.0,0.0,1.0,0,0,1,0,10000.5
MG,de R$ 3.001/mês a R$ 4.000/mês,1.0,0.0,1.0,0,1,1,0,3500.5
RJ,de R$ 3.001/mês a R$ 4.000/mês,1.0,0.0,1.0,0,0,0,0,3500.5
PA,de R$ 8.001/mês a R$ 12.000/mês,1.0,0.0,1.0,0,0,0,0,10000.5
SP,de R$ 12.001/mês a R$ 16.000/mês,0.0,0.0,0.0,0,0,0,0,14000.5
SP,de R$ 4.001/mês a R$ 6.000/mês,1.0,0.0,1.0,0,0,0,0,5000.5
RS,de R$ 6.001/mês a R$ 8.000/mês,0.0,1.0,0.0,0,0,0,0,7000.5
PR,de R$ 4.001/mês a R$ 6.000/mês,1.0,0.0,1.0,0,0,0,0,5000.5
PR,de R$ 6.001/mês a R$ 8.000/mês,1.0,0.0,1.0,0,0,0,0,7000.5
PR,de R$ 8.001/mês a R$ 12.000/mês,1.0,0.0,1.0,0,0,0,0,10000.5
BA,de R$ 6.001/mês a R$ 8.000/mês,1.0,0.0,1.0,0,0,0,0,7000.5
SP,de R$ 4.001/mês a R$ 6.000/mês,0.0,0.0,0.0,1,0,0,0,5000.5
SC,de R$ 6.001/mês a R$ 8.000/mês,1.0,0.0,1.0,0,0,0,0,7000.5
SP,de R$ 8.001/mês a R$ 12.000/mês,1.0,0.0,0.0,1,0,1,1,10000.5
ES,Não informado,0.0,0.0,0.0,0,0,0,0,10576.036405723906
RN,de R$ 8.001/mês a R$ 12.000/mês,1.0,0.0,1.0,0,0,0,0,10000.5
PE,de R$ 4.001/mês a R$ 6.000/mês,0.0,0.0,0.0,0,0,0,0,5000.5
MG,de R$ 8.001/mês a R$ 12.000/mês,1.0,0.0,1.0,0,0,0,0,10000.5
AL,de R$ 3.001/mês a R$ 4.000/mês,0.0,1.0,0.0,0,0,0,0,3500.5
SP,de R$ 30.001/mês a R$ 40.000/mês,0.0,0.0,0.0,0,0,0,0,35000.5
SP,de R$ 12.001/mês a R$ 16.000/mês,1.0,0.0,1.0,1,0,0,0,14000.5
RS,de R$ 4.001/mês a R$ 6.000/mês,0.0,0.0,1.0,0,0,0,0,5000.5
GO,de R$ 3.001/mês a R$ 4.000/mês,1.0,0.0,1.0,1,0,0,0,3500.5
SP,Acima de R$ 40.001/mês,0.0,0.0,0.0,0,0,0,0,50000.0
TO,de R$ 4.001/mês a R$ 6.000/mês,1.0,0.0,0.0,0,0,0,0,5000.5
SP,de R$ 12.001/mês a R$ 16.000/mês,1.0,0.0,1.0,0,1,1,0,14000.5
SP,de R$ 1.001/mês a R$ 2.000/mês,0.0,1.0,0.0,0,0,0,0,1500.5
RS,de R$ 4.001/mês a R$ 6.000/mês,1.0,0.0,1.0,0,0,0,0,5000.5
SC,de R$ 4.001/mês a R$ 6.000/mês,0.0,0.0,1.0,1,1,1,0,5000.5
PE,de R$ 4.001/mês a R$ 6.000/mês,1.0,0.0,1.0,0,0,0,0,5000.5
CE,de R$ 4.001/mês a R$ 6.000/mês,0.0,0.0,0.0,0,0,0,0,5000.5
SP,de R$ 8.001/mês a R$ 12.000/mês,0.0,0.0,0.0,0,0,1,0,10000.5
CE,de R$ 4.001/mês a R$ 6.000/mês,1.0,0.0,1.0,0,0,1,0,5000.5
SP,de R$ 6.001/mês a R$ 8.000/mês,0.0,0.0,0.0,0,0,0,0,7000.5
BA,de R$ 4.001/mês a R$ 6.000/mês,1.0,0.0,1.0,0,0,0,0,5000.5
MG,de R$ 6.001/mês a R$ 8.000/mês,0.0,0.0,0.0,0,0,0,0,7000.5
PR,de R$ 12.001/mês a R$ 16.000/mês,1.0,0.0,1.0,0,0,0,0,14000.5
SP,de R$ 8.001/mês a R$ 12.000/mês,1.0,0.0,1.0,0,0,0,0,10000.5
SP,de R$ 6.001/mês a R$ 8.000/mês,0.0,0.0,0.0,0,0,0,0,7000.5
SP,de R$ 6.001/mês a R$ 8.000/mês,1.0,0.0,1.0,0,0,0,0,7000.5
RS,de R$ 8.001/mês a R$ 12.000/mês,1.0,0.0,1.0,1,0,0,0,10000.5
SP,de R$ 12.001/mês a R$ 16.000/mês,1.0,0.0,1.0,0,0,0,0,14000.5
SP,Não informado,0.0,0.0,0.0,0,0,0,0,10576.036405723906
ES,Não informado,0.0,0.0,0.0,0,0,0,0,10576.036405723906
SP,de R$ 6.001/mês a R$ 8.000/mês,1.0,0.0,1.0,0,0,0,0,7000.5
NI,de R$ 6.001/mês a R$ 8.000/mês,1.0,0.0,1.0,0,0,0,0,7000.5
SP,Não informado,0.0,0.0,0.0,0,0,0,0,10576.036405723906
MG,de R$ 8.001/mês a R$ 12.000/mês,1.0,0.0,1.0,1,0,0,1,10000.5
SP,de R$ 2.001/mês a R$ 3.000/mês,1.0,0.0,1.0,0,0,0,0,2500.5
SP,de R$ 1.001/mês a R$ 2.000/mês,1.0,0.0,1.0,0,0,0,0,1500.5
SP,de R$ 12.001/mês a R$ 16.000/mês,1.0,0.0,1.0,1,0,0,0,14000.5
DF,de R$ 8.001/mês a R$ 12.000/mês,1.0,0.0,1.0,0,1,1,0,10000.5
SP,de R$ 6.001/mês a R$ 8.000/mês,0.0,0.0,1.0,0,0,0,0,7000.5
SC,de R$ 4.001/mês a R$ 6.000/mês,1.0,0.0,1.0,1,1,1,0,5000.5
PI,Não informado,0.0,0.0,0.0,0,0,0,0,10576.036405723906
MG,de R$ 8.001/mês a R$ 12.000/mês,1.0,0.0,1.0,0,0,0,0,10000.5
MG,de R$ 6.001/mês a R$ 8.000/mês,0.0,0.0,0.0,0,0,0,0,7000.5
RJ,de R$ 6.001/mês a R$ 8.000/mês,1.0,0.0,1.0,0,0,0,0,7000.5
SC,de R$ 12.001/mês a R$ 16.000/mês,0.0,0.0,0.0,0,0,0,0,14000.5
MG,de R$ 16.001/mês a R$ 20.000/mês,1.0,0.0,1.0,0,0,0,0,18000.5
MA,de R$ 4.001/mês a R$ 6.000/mês,1.0,0.0,1.0,0,0,0,0,5000.5
SP,de R$ 12.001/mês a R$ 16.000/mês,1.0,0.0,1.0,0,1,1,0,14000.5
SP,Acima de R$ 40.001/mês,0.0,0.0,0.0,0,0,0,0,50000.0
MG,de R$ 6.001/mês a R$ 8.000/mês,1.0,0.0,1.0,1,0,0,0,7000.5
DF,de R$ 8.001/mês a R$ 12.000/mês,0.0,0.0,1.0,1,0,0,0,10000.5
SP,de R$ 16.001/mês a R$ 20.000/mês,0.0,0.0,0.0,0,0,0,0,18000.5
SC,Não informado,0.0,0.0,0.0,0,0,0,0,10576.036405723906
SP,de R$ 25.001/mês a R$ 30.000/mês,0.0,0.0,0.0,0,0,0,0,27500.5
MG,de R$ 20.001/mês a R$ 25.000/mês,1.0,0.0,1.0,0,0,0,0,22500.5
SP,de R$ 12.001/mês a R$ 16.000/mês,1.0,0.0,1.0,0,0,0,0,14000.5
SP,de R$ 8.001/mês a R$ 12.000/mês,0.0,0.0,0.0,0,0,0,0,10000.5
NI,de R$ 6.001/mês a R$ 8.000/mês,0.0,1.0,0.0,0,0,0,0,7000.5
SP,de R$ 12.001/mês a R$ 16.000/mês,1.0,0.0,1.0,0,0,1,0,14000.5
PE,de R$ 2.001/mês a R$ 3.000/mês,1.0,0.0,0.0,0,0,0,0,2500.5
RS,de R$ 3.001/mês a R$ 4.000/mês,1.0,0.0,1.0,0,0,0,0,3500.5
SP,de R$ 6.001/mês a R$ 8.000/mês,1.0,0.0,1.0,0,0,0,0,7000.5
SP,Não informado,0.0,0.0,0.0,0,0,0,0,10576.036405723906
MG,de R$ 16.001/mês a R$ 20.000/mês,1.0,0.0,1.0,0,0,0,0,18000.5
SP,de R$ 16.001/mês a R$ 20.000/mês,0.0,0.0,0.0,0,0,0,0,18000.5
SP,de R$ 8.001/mês a R$ 12.000/mês,1.0,0.0,1.0,0,0,0,0,10000.5
SC,de R$ 3.001/mês a R$ 4.000/mês,1.0,0.0,0.0,0,0,0,0,3500.5
SP,Não informado,0.0,0.0,0.0,0,0,0,0,10576.036405723906
NI,de R$ 25.001/mês a R$ 30.000/mês,1.0,0.0,0.0,0,0,0,0,27500.5
SP,de R$ 20.001/mês a R$ 25.000/mês,0.0,0.0,0.0,0,0,0,0,22500.5
SC,de R$ 1.001/mês a R$ 2.000/mês,1.0,0.0,1.0,0,0,0,0,1500.5
NI,Não informado,0.0,0.0,0.0,0,0,0,0,10576.036405723906
RS,de R$ 6.001/mês a R$ 8.000/mês,1.0,0.0,1.0,0,0,0,0,7000.5
PR,de R$ 4.001/mês a R$ 6.000/mês,0.0,0.0,1.0,0,0,0,0,5000.5
RJ,de R$ 8.001/mês a R$ 12.000/mês,1.0,0.0,1.0,0,0,0,0,10000.5
RJ,de R$ 4.001/mês a R$ 6.000/mês,1.0,0.0,1.0,0,0,0,0,5000.5
MG,de R$ 12.001/mês a R$ 16.000/mês,1.0,0.0,0.0,0,0,0,0,14000.5
ES,Não informado,0.0,0.0,0.0,0,0,0,0,10576.036405723906
PR,de R$ 4.001/mês a R$ 6.000/mês,1.0,0.0,1.0,1,0,0,0,5000.5
SP,de R$ 1.001/mês a R$ 2.000/mês,1.0,0.0,1.0,0,1,1,0,1500.5
ES,de R$ 8.001/mês a R$ 12.000/mês,1.0,0.0,1.0,0,0,0,0,10000.5
SP,de R$ 6.001/mês a R$ 8.000/mês,1.0,0.0,1.0,0,0,0,0,7000.5
CE,de R$ 8.001/mês a R$ 12.000/mês,0.0,0.0,0.0,0,0,0,0,10000.5
PR,de R$ 12.001/mês a R$ 16.000/mês,1.0,0.0,1.0,0,0,0,0,14000.5
SP,de R$ 1.001/mês a R$ 2.000/mês,0.0,1.0,0.0,0,0,0,0,1500.5
SP,de R$ 8.001/mês a R$ 12.000/mês,1.0,0.0,1.0,1,0,1,0,10000.5
SP,de R$ 4.001/mês a R$ 6.000/mês,1.0,0.0,0.0,1,0,0,0,5000.5
MG,de R$ 8.001/mês a R$ 12.000/mês,1.0,0.0,0.0,0,0,0,0,10000.5
RS,de R$ 8.001/mês a R$ 12.000/mês,1.0,0.0,1.0,1,0,0,0,10000.5
SP,de R$ 6.001/mês a R$ 8.000/mês,1.0,0.0,1.0,1,0,0,0,7000.5
TO,Não informado,0.0,0.0,0.0,0,0,0,0,10576.036405723906
PR,de R$ 1.001/mês a R$ 2.000/mês,0.0,1.0,0.0,0,0,0,0,1500.5
MG,de R$ 2.001/mês a R$ 3.000/mês,1.0,0.0,0.0,0,0,0,0,2500.5
SP,de R$ 4.001/mês a R$ 6.000/mês,0.0,0.0,0.0,0,0,0,0,5000.5
PB,de R$ 1.001/mês a R$ 2.000/mês,1.0,0.0,1.0,0,0,0,0,1500.5
GO,de R$ 4.001/mês a R$ 6.000/mês,1.0,0.0,1.0,1,0,1,0,5000.5
SP,de R$ 16.001/mês a R$ 20.000/mês,0.0,0.0,0.0,0,0,0,0,18000.5
SP,de R$ 2.001/mês a R$ 3.000/mês,0.0,0.0,1.0,0,0,0,0,2500.5
PR,de R$ 8.001/mês a R$ 12.000/mês,1.0,0.0,0.0,0,0,0,0,10000.5
CE,Não informado,0.0,0.0,0.0,0,0,0,0,10576.036405723906
SP,de R$ 16.001/mês a R$ 20.000/mês,0.0,0.0,0.0,0,0,0,0,18000.5
RJ,de R$ 1.001/mês a R$ 2.000/mês,0.0,1.0,0.0,0,0,0,0,1500.5
SP,de R$ 20.001/mês a R$ 25.000/mês,0.0,0.0,0.0,0,0,0,0,22500.5
MG,de R$ 8.001/mês a R$ 12.000/mês,1.0,0.0,1.0,0,0,0,0,10000.5
PE,de R$ 1.001/mês a R$ 2.000/mês,1.0,0.0,1.0,1,0,0,0,1500.5
RJ,de R$ 4.001/mês a R$ 6.000/mês,1.0,0.0,1.0,1,0,0,0,5000.5
PE,de R$ 8.001/mês a R$ 12.000/mês,1.0,0.0,1.0,0,0,0,0,10000.5
RJ,de R$ 3.001/mês a R$ 4.000/mês,0.0,1.0,0.0,0,0,0,0,3500.5
CE,de R$ 1.001/mês a R$ 2.000/mês,1.0,0.0,1.0,0,0,0,0,1500.5
PB,de R$ 4.001/mês a R$ 6.000/mês,0.0,1.0,0.0,0,1,1,0,5000.5
SP,de R$ 16.001/mês a R$ 20.000/mês,1.0,0.0,1.0,0,0,0,0,18000.5
PR,de R$ 2.001/mês a R$ 3.000/mês,0.0,1.0,0.0,0,0,0,0,2500.5
MG,de R$ 3.001/mês a R$ 4.000/mês,0.0,1.0,0.0,0,0,0,0,3500.5
SC,de R$ 1.001/mês a R$ 2.000/mês,0.0,1.0,0.0,0,0,0,0,1500.5
PE,de R$ 1.001/mês a R$ 2.000/mês,1.0,0.0,1.0,0,0,0,0,1500.5
SP,Não informado,0.0,0.0,0.0,0,0,0,0,10576.036405723906
PR,de R$ 6.001/mês a R$ 8.000/mês,1.0,0.0,1.0,0,0,1,0,7000.5
MG,de R$ 4.001/mês a R$ 6.000/mês,1.0,0.0,0.0,0,0,0,0,5000.5
MG,de R$ 8.001/mês a R$ 12.000/mês,1.0,0.0,1.0,0,0,0,0,10000.5
SP,de R$ 6.001/mês a R$ 8.000/mês,1.0,0.0,1.0,0,0,0,0,7000.5
SP,de R$ 8.001/mês a R$ 12.000/mês,1.0,0.0,1.0,0,0,0,0,10000.5
PB,de R$ 3.001/mês a R$ 4.000/mês,1.0,0.0,1.0,0,0,0,0,3500.5
SP,de R$ 25.001/mês a R$ 30.000/mês,1.0,0.0,1.0,0,0,0,0,27500.5
CE,de R$ 8.001/mês a R$ 12.000/mês,1.0,0.0,1.0,0,0,0,0,10000.5
MG,Não informado,0.0,0.0,0.0,0,0,0,0,10576.036405723906
SP,Não informado,0.0,0.0,0.0,0,0,0,0,10576.036405723906
SP,de R$ 12.001/mês a R$ 16.000/mês,1.0,0.0,1.0,1,0,0,0,14000.5
NI,de R$ 16.001/mês a R$ 20.000/mês,1.0,0.0,0.0,0,0,0,0,18000.5
AL,de R$ 8.001/mês a R$ 12.000/mês,1.0,0.0,1.0,0,0,0,0,10000.5
SP,de R$ 1.001/mês a R$ 2.000/mês,0.0,0.0,0.0,0,0,0,0,1500.5
PE,de R$ 20.001/mês a R$ 25.000/mês,1.0,0.0,1.0,0,0,0,0,22500.5
DF,de R$ 3.001/mês a R$ 4.000/mês,1.0,0.0,1.0,0,0,0,0,3500.5
SC,de R$ 12.001/mês a R$ 16.000/mês,1.0,0.0,1.0,0,0,0,0,14000.5
PB,de R$ 4.001/mês a R$ 6.000/mês,1.0,0.0,0.0,0,0,0,0,5000.5
PR,de R$ 12.001/mês a R$ 16.000/mês,1.0,0.0,1.0,1,0,0,0,14000.5
MG,de R$ 16.001/mês a R$ 20.000/mês,1.0,0.0,1.0,0,0,0,0,18000.5
CE,de R$ 8.001/mês a R$ 12.000/mês,1.0,0.0,1.0,1,0,0,0,10000.5
SP,de R$ 3.001/mês a R$ 4.000/mês,0.0,0.0,0.0,0,0,1,0,3500.5
PR,de R$ 16.001/mês a R$ 20.000/mês,1.0,0.0,1.0,0,1,1,0,18000.5
SP,de R$ 16.001/mês a R$ 20.000/mês,1.0,0.0,1.0,0,0,0,0,18000.5
MG,de R$ 6.001/mês a R$ 8.000/mês,0.0,0.0,0.0,0,0,0,0,7000.5
PR,de R$ 8.001/mês a R$ 12.000/mês,1.0,0.0,1.0,0,0,0,0,10000.5
SP,de R$ 8.001/mês a R$ 12.000/mês,1.0,0.0,1.0,0,0,0,0,10000.5
SP,de R$ 8.001/mês a R$ 12.000/mês,1.0,0.0,1.0,0,0,0,1,10000.5
MG,de R$ 4.001/mês a R$ 6.000/mês,1.0,0.0,1.0,1,0,0,0,5000.5
MG,de R$ 3.001/mês a R$ 4.000/mês,1.0,0.0,0.0,0,0,0,0,3500.5
SC,Não informado,0.0,0.0,0.0,0,0,0,0,10576.036405723906
MG,de R$ 2.001/mês a R$ 3.000/mês,0.0,1.0,0.0,0,0,0,0,2500.5
RJ,de R$ 8.001/mês a R$ 12.000/mês,1.0,0.0,1.0,0,1,1,0,10000.5
NI,Acima de R$ 40.001/mês,0.0,0.0,0.0,0,0,0,0,50000.0
SP,de R$ 6.001/mês a R$ 8.000/mês,1.0,0.0,1.0,1,0,0,0,7000.5
MG,de R$ 12.001/mês a R$ 16.000/mês,0.0,0.0,0.0,0,0,0,0,14000.5
SP,de R$ 4.001/mês a R$ 6.000/mês,1.0,0.0,1.0,0,0,0,0,5000.5
RS,de R$ 8.001/mês a R$ 12.000/mês,0.0,0.0,0.0,0,0,0,0,10000.5
SP,de R$ 4.001/mês a R$ 6.000/mês,1.0,0.0,1.0,1,0,0,0,5000.5
PE,de R$ 6.001/mês a R$ 8.000/mês,0.0,0.0,0.0,0,0,0,0,7000.5
MG,de R$ 3.001/mês a R$ 4.000/mês,1.0,0.0,0.0,0,0,0,0,3500.5
SP,de R$ 6.001/mês a R$ 8.000/mês,1.0,0.0,0.0,0,0,0,0,7000.5
RS,de R$ 20.001/mês a R$ 25.000/mês,0.0,0.0,0.0,0,0,0,0,22500.5
SP,de R$ 6.001/mês a R$ 8.000/mês,1.0,0.0,0.0,0,0,0,0,7000.5
RJ,de R$ 8.001/mês a R$ 12.000/mês,1.0,0.0,1.0,0,0,1,0,10000.5
MG,de R$ 3.001/mês a R$ 4.000/mês,1.0,0.0,1.0,0,0,1,0,3500.5
PR,de R$ 20.001/mês a R$ 25.000/mês,0.0,0.0,0.0,0,0,0,0,22500.5
SP,de R$ 25.001/mês a R$ 30.000/mês,0.0,0.0,0.0,0,0,0,0,27500.5
RS,de R$ 6.001/mês a R$ 8.000/mês,0.0,0.0,0.0,0,0,0,0,7000.5
SP,de R$ 6.001/mês a R$ 8.000/mês,0.0,0.0,0.0,0,0,0,0,7000.5
PR,de R$ 12.001/mês a R$ 16.000/mês,1.0,0.0,1.0,0,0,0,0,14000.5
SP,de R$ 3.001/mês a R$ 4.000/mês,1.0,0.0,0.0,1,0,0,0,3500.5
SP,Não informado,0.0,0.0,0.0,0,0,0,0,10576.036405723906
SP,de R$ 8.001/mês a R$ 12.000/mês,1.0,0.0,0.0,0,0,0,0,10000.5
SP,de R$ 20.001/mês a R$ 25.000/mês,0.0,0.0,0.0,0,0,0,0,22500.5
MG,de R$ 6.001/mês a R$ 8.000/mês,1.0,0.0,1.0,0,0,1,0,7000.5
SP,de R$ 3.001/mês a R$ 4.000/mês,1.0,0.0,1.0,1,0,0,0,3500.5
RS,de R$ 6.001/mês a R$ 8.000/mês,1.0,0.0,1.0,0,0,0,0,7000.5
SC,de R$ 16.001/mês a R$ 20.000/mês,1.0,0.0,1.0,0,0,0,0,18000.5
SP,de R$ 6.001/mês a R$ 8.000/mês,1.0,0.0,1.0,0,0,0,0,7000.5
PR,de R$ 4.001/mês a R$ 6.000/mês,1.0,0.0,1.0,0,1,1,0,5000.5
ES,de R$ 4.001/mês a R$ 6.000/mês,1.0,0.0,1.0,0,0,0,0,5000.5
SC,de R$ 12.001/mês a R$ 16.000/mês,0.0,0.0,0.0,0,0,0,0,14000.5
SP,de R$ 8.001/mês a R$ 12.000/mês,1.0,0.0,1.0,1,0,0,0,10000.5
RS,de R$ 20.001/mês a R$ 25.000/mês,1.0,0.0,1.0,0,1,1,0,22500.5
DF,Não informado,0.0,0.0,0.0,0,0,0,0,10576.036405723906
PR,de R$ 16.001/mês a R$ 20.000/mês,1.0,0.0,1.0,1,0,0,0,18000.5
MT,de R$ 12.001/mês a R$ 16.000/mês,0.0,0.0,0.0,0,0,0,0,14000.5
SP,de R$ 8.001/mês a R$ 12.000/mês,1.0,0.0,1.0,0,0,0,0,10000.5
RJ,de R$ 2.001/mês a R$ 3.000/mês,0.0,0.0,0.0,0,0,0,0,2500.5
DF,de R$ 8.001/mês a R$ 12.000/mês,1.0,0.0,1.0,1,0,0,0,10000.5
RJ,de R$ 2.001/mês a R$ 3.000/mês,0.0,1.0,0.0,0,0,0,0,2500.5
SP,de R$ 25.001/mês a R$ 30.000/mês,0.0,0.0,0.0,0,0,0,0,27500.5
SP,de R$ 6.001/mês a R$ 8.000/mês,1.0,0.0,0.0,0,0,0,0,7000.5
PR,de R$ 3.001/mês a R$ 4.000/mês,0.0,0.0,1.0,1,0,0,0,3500.5
RJ,de R$ 8.001/mês a R$ 12.000/mês,1.0,0.0,1.0,0,0,0,0,10000.5
SP,de R$ 12.001/mês a R$ 16.000/mês,0.0,1.0,0.0,0,0,0,0,14000.5
PR,de R$ 6.001/mês a R$ 8.000/mês,0.0,0.0,0.0,0,0,0,0,7000.5
RJ,de R$ 2.001/mês a R$ 3.000/mês,0.0,0.0,1.0,0,0,0,0,2500.5
PI,de R$ 8.001/mês a R$ 12.000/mês,1.0,0.0,1.0,0,0,0,0,10000.5
RS,de R$ 8.001/mês a R$ 12.000/mês,1.0,0.0,1.0,0,0,0,0,10000.5
PR,de R$ 12.001/mês a R$ 16.000/mês,1.0,0.0,1.0,0,0,0,0,14000.5
RS,de R$ 6.001/mês a R$ 8.000/mês,0.0,1.0,0.0,0,0,0,0,7000.5
SE,de R$ 12.001/mês a R$ 16.000/mês,1.0,0.0,1.0,0,0,0,0,14000.5
CE,de R$ 8.001/mês a R$ 12.000/mês,1.0,0.0,1.0,0,0,0,0,10000.5
SP,de R$ 2.001/mês a R$ 3.000/mês,1.0,0.0,1.0,0,0,1,0,2500.5
RS,de R$ 4.001/mês a R$ 6.000/mês,1.0,0.0,1.0,0,0,0,0,5000.5
SP,de R$ 12.001/mês a R$ 16.000/mês,1.0,0.0,1.0,1,0,0,0,14000.5
SP,de R$ 30.001/mês a R$ 40.000/mês,0.0,0.0,0.0,0,0,0,0,35000.5
DF,de R$ 8.001/mês a R$ 12.000/mês,1.0,0.0,1.0,0,0,0,0,10000.5
RJ,Não informado,0.0,0.0,0.0,0,0,0,0,10576.036405723906
SC,de R$ 4.001/mês a R$ 6.000/mês,1.0,0.0,1.0,0,0,0,0,5000.5
SP,de R$ 8.001/mês a R$ 12.000/mês,1.0,0.0,1.0,0,0,0,0,10000.5
PR,de R$ 16.001/mês a R$ 20.000/mês,0.0,0.0,0.0,0,0,0,0,18000.5
SP,de R$ 6.001/mês a R$ 8.000/mês,0.0,0.0,1.0,0,0,0,0,7000.5
SP,de R$ 8.001/mês a R$ 12.000/mês,1.0,0.0,1.0,0,1,1,0,10000.5
BA,de R$ 6.001/mês a R$ 8.000/mês,1.0,0.0,1.0,0,0,0,0,7000.5
SP,de R$ 2.001/mês a R$ 3.000/mês,1.0,0.0,1.0,0,0,0,0,2500.5
SP,de R$ 16.001/mês a R$ 20.000/mês,1.0,0.0,1.0,0,0,0,0,18000.5
SP,de R$ 12.001/mês a R$ 16.000/mês,1.0,0.0,1.0,0,0,0,0,14000.5
PR,de R$ 3.001/mês a R$ 4.000/mês,0.0,1.0,0.0,0,0,0,0,3500.5
PB,de R$ 3.001/mês a R$ 4.000/mês,1.0,0.0,1.0,0,0,0,0,3500.5
ES,de R$ 12.001/mês a R$ 16.000/mês,1.0,0.0,1.0,1,0,0,0,14000.5
NI,de R$ 16.001/mês a R$ 20.000/mês,1.0,0.0,1.0,0,1,1,0,18000.5
SP,de R$ 12.001/mês a R$ 16.000/mês,0.0,0.0,0.0,0,0,0,0,14000.5
DF,Não informado,0.0,0.0,0.0,0,0,0,0,10576.036405723906
BA,Acima de R$ 40.001/mês,1.0,0.0,1.0,0,0,0,0,50000.0
PR,de R$ 2.001/mês a R$ 3.000/mês,1.0,0.0,1.0,0,0,0,0,2500.5
SP,de R$ 2.001/mês a R$ 3.000/mês,1.0,0.0,1.0,0,0,0,0,2500.5
SP,de R$ 2.001/mês a R$ 3.000/mês,1.0,0.0,1.0,0,0,0,0,2500.5
SP,de R$ 8.001/mês a R$ 12.000/mês,1.0,0.0,1.0,1,0,0,0,10000.5
SP,de R$ 16.001/mês a R$ 20.000/mês,0.0,0.0,0.0,0,0,0,0,18000.5
PR,de R$ 8.001/mês a R$ 12.000/mês,1.0,0.0,1.0,0,1,1,0,10000.5
BA,de R$ 8.001/mês a R$ 12.000/mês,1.0,0.0,1.0,0,0,0,0,10000.5
SP,Não informado,0.0,0.0,0.0,0,0,0,0,10576.036405723906
PR,de R$ 8.001/mês a R$ 12.000/mês,0.0,0.0,0.0,0,0,0,0,10000.5
SP,de R$ 3.001/mês a R$ 4.000/mês,0.0,1.0,0.0,0,0,0,0,3500.5
SP,de R$ 12.001/mês a R$ 16.000/mês,1.0,0.0,1.0,0,0,0,0,14000.5
SP,Não informado,0.0,0.0,0.0,0,0,0,0,10576.036405723906
RS,de R$ 4.001/mês a R$ 6.000/mês,1.0,0.0,1.0,0,0,0,0,5000.5
MG,Não informado,0.0,0.0,0.0,0,0,0,0,10576.036405723906
DF,de R$ 6.001/mês a R$ 8.000/mês,0.0,0.0,0.0,0,0,0,0,7000.5
SP,de R$ 12.001/mês a R$ 16.000/mês,0.0,0.0,0.0,0,0,0,0,14000.5
PE,de R$ 2.001/mês a R$ 3.000/mês,1.0,0.0,1.0,0,0,0,0,2500.5
RJ,de R$ 16.001/mês a R$ 20.000/mês,1.0,0.0,1.0,1,0,0,1,18000.5
SP,de R$ 4.001/mês a R$ 6.000/mês,1.0,0.0,1.0,0,0,0,0,5000.5
RS,de R$ 4.001/mês a R$ 6.000/mês,1.0,0.0,1.0,0,0,0,0,5000.5
SP,Não informado,0.0,0.0,0.0,0,0,0,0,10576.036405723906
SC,de R$ 8.001/mês a R$ 12.000/mês,1.0,0.0,1.0,0,0,0,0,10000.5
SP,de R$ 16.001/mês a R$ 20.000/mês,0.0,0.0,0.0,0,0,0,0,18000.5
GO,de R$ 8.001/mês a R$ 12.000/mês,1.0,0.0,1.0,0,0,0,0,10000.5
SP,de R$ 6.001/mês a R$ 8.000/mês,1.0,0.0,0.0,0,1,1,0,7000.5
SP,de R$ 3.001/mês a R$ 4.000/mês,1.0,0.0,0.0,0,0,0,0,3500.5
RS,de R$ 6.001/mês a R$ 8.000/mês,1.0,0.0,1.0,1,0,0,0,7000.5
AL,Não informado,0.0,0.0,0.0,0,0,0,0,10576.036405723906
MG,de R$ 20.001/mês a R$ 25.000/mês,0.0,0.0,0.0,0,0,0,0,22500.5
BA,Não informado,0.0,0.0,0.0,0,0,0,0,10576.036405723906
SP,de R$ 4.001/mês a R$ 6.000/mês,0.0,1.0,0.0,0,0,0,0,5000.5
SP,Não informado,0.0,0.0,0.0,0,0,0,0,10576.036405723906
PR,de R$ 4.001/mês a R$ 6.000/mês,1.0,0.0,1.0,0,0,0,0,5000.5
RJ,de R$ 25.001/mês a R$ 30.000/mês,1.0,0.0,1.0,0,0,0,0,27500.5
RJ,Não informado,0.0,0.0,0.0,0,0,0,0,10576.036405723906
PR,de R$ 6.001/mês a R$ 8.000/mês,1.0,0.0,1.0,0,0,1,0,7000.5
SP,de R$ 6.001/mês a R$ 8.000/mês,1.0,0.0,0.0,0,0,0,0,7000.5
DF,de R$ 2.001/mês a R$ 3.000/mês,1.0,0.0,1.0,0,0,0,0,2500.5
SP,de R$ 12.001/mês a R$ 16.000/mês,1.0,0.0,0.0,0,0,0,0,14000.5
RJ,de R$ 6.001/mês a R$ 8.000/mês,1.0,0.0,1.0,0,0,0,0,7000.5
SP,de R$ 8.001/mês a R$ 12.000/mês,1.0,0.0,1.0,0,0,0,0,10000.5
MG,de R$ 8.001/mês a R$ 12.000/mês,1.0,0.0,1.0,0,0,0,0,10000.5
RJ,de R$ 6.001/mês a R$ 8.000/mês,0.0,0.0,1.0,1,1,1,0,7000.5
PR,de R$ 8.001/mês a R$ 12.000/mês,0.0,0.0,0.0,0,0,0,0,10000.5
SP,de R$ 25.001/mês a R$ 30.000/mês,0.0,0.0,0.0,0,0,0,0,27500.5
PR,de R$ 8.001/mês a R$ 12.000/mês,0.0,0.0,0.0,0,0,0,0,10000.5
SP,Não informado,0.0,0.0,0.0,0,0,0,0,10576.036405723906
RJ,de R$ 4.001/mês a R$ 6.000/mês,1.0,0.0,0.0,0,0,0,0,5000.5
BA,de R$ 8.001/mês a R$ 12.000/mês,1.0,0.0,1.0,0,0,0,0,10000.5
PR,de R$ 16.001/mês a R$ 20.000/mês,0.0,0.0,0.0,0,0,0,0,18000.5
SC,de R$ 8.001/mês a R$ 12.000/mês,1.0,0.0,1.0,0,0,1,0,10000.5
SC,de R$ 6.001/mês a R$ 8.000/mês,1.0,0.0,0.0,0,0,0,0,7000.5
GO,de R$ 6.001/mês a R$ 8.000/mês,1.0,0.0,1.0,0,1,1,0,7000.5
SP,de R$ 16.001/mês a R$ 20.000/mês,1.0,0.0,1.0,1,0,1,0,18000.5
PR,de R$ 6.001/mês a R$ 8.000/mês,1.0,0.0,0.0,1,0,0,0,7000.5
MG,Não informado,0.0,0.0,0.0,0,0,0,0,10576.036405723906
SP,de R$ 12.001/mês a R$ 16.000/mês,1.0,0.0,1.0,0,0,0,0,14000.5
CE,de R$ 3.001/mês a R$ 4.000/mês,0.0,0.0,1.0,0,0,0,0,3500.5
RJ,de R$ 6.001/mês a R$ 8.000/mês,1.0,0.0,0.0,0,0,1,0,7000.5
SP,de R$ 12.001/mês a R$ 16.000/mês,1.0,0.0,1.0,0,0,0,0,14000.5
SP,Não informado,0.0,0.0,0.0,0,0,0,0,10576.036405723906
SP,de R$ 8.001/mês a R$ 12.000/mês,0.0,0.0,0.0,0,0,0,0,10000.5
RS,de R$ 3.001/mês a R$ 4.000/mês,0.0,1.0,0.0,1,0,0,0,3500.5
MG,de R$ 6.001/mês a R$ 8.000/mês,1.0,0.0,1.0,1,0,0,0,7000.5
SP,de R$ 8.001/mês a R$ 12.000/mês,1.0,0.0,0.0,0,0,0,0,10000.5
RN,Não informado,0.0,0.0,0.0,0,0,0,0,10576.036405723906
SP,de R$ 12.001/mês a R$ 16.000/mês,1.0,0.0,1.0,1,0,0,0,14000.5
SP,de R$ 12.001/mês a R$ 16.000/mês,1.0,0.0,1.0,1,0,0,0,14000.5
BA,de R$ 4.001/mês a R$ 6.000/mês,1.0,1.0,0.0,0,0,0,0,5000.5
SP,de R$ 12.001/mês a R$ 16.000/mês,1.0,0.0,0.0,1,0,0,0,14000.5
RS,de R$ 8.001/mês a R$ 12.000/mês,1.0,0.0,1.0,1,0,1,0,10000.5
ES,Não informado,0.0,0.0,0.0,0,0,0,0,10576.036405723906
BA,Não informado,0.0,0.0,0.0,0,0,0,0,10576.036405723906
SC,de R$ 12.001/mês a R$ 16.000/mês,0.0,1.0,0.0,0,0,0,0,14000.5
SP,de R$ 8.001/mês a R$ 12.000/mês,1.0,0.0,1.0,0,0,0,0,10000.5
PE,de R$ 2.001/mês a R$ 3.000/mês,1.0,0.0,0.0,1,0,0,0,2500.5
CE,de R$ 4.001/mês a R$ 6.000/mês,1.0,0.0,0.0,0,0,0,0,5000.5
SP,de R$ 4.001/mês a R$ 6.000/mês,0.0,0.0,0.0,0,0,0,0,5000.5
PR,de R$ 16.001/mês a R$ 20.000/mês,1.0,0.0,0.0,0,0,0,0,18000.5
RJ,de R$ 4.001/mês a R$ 6.000/mês,1.0,0.0,1.0,0,0,0,0,5000.5
SP,de R$ 12.001/mês a R$ 16.000/mês,0.0,0.0,1.0,0,0,0,0,14000.5
ES,Não informado,0.0,0.0,0.0,0,0,0,0,10576.036405723906
CE,de R$ 12.001/mês a R$ 16.000/mês,1.0,0.0,1.0,0,0,1,0,14000.5
SE,de R$ 8.001/mês a R$ 12.000/mês,0.0,0.0,1.0,0,0,0,0,10000.5
RJ,de R$ 4.001/mês a R$ 6.000/mês,1.0,0.0,0.0,0,0,0,0,5000.5
SC,de R$ 4.001/mês a R$ 6.000/mês,1.0,0.0,1.0,0,0,0,0,5000.5
SP,de R$ 16.001/mês a R$ 20.000/mês,0.0,0.0,0.0,0,0,0,0,18000.5
PA,de R$ 4.001/mês a R$ 6.000/mês,1.0,0.0,1.0,0,0,0,0,5000.5
RJ,de R$ 1.001/mês a R$ 2.000/mês,1.0,0.0,0.0,0,0,1,0,1500.5
SP,de R$ 3.001/mês a R$ 4.000/mês,1.0,0.0,0.0,0,0,0,0,3500.5
PE,de R$ 2.001/mês a R$ 3.000/mês,1.0,0.0,0.0,0,0,0,0,2500.5
RJ,de R$ 4.001/mês a R$ 6.000/mês,1.0,0.0,1.0,0,0,0,0,5000.5
MG,de R$ 12.001/mês a R$ 16.000/mês,0.0,0.0,0.0,0,0,0,0,14000.5
RS,Não informado,0.0,0.0,0.0,0,0,0,0,10576.036405723906
MG,de R$ 6.001/mês a R$ 8.000/mês,1.0,0.0,0.0,0,1,1,0,7000.5
GO,de R$ 6.001/mês a R$ 8.000/mês,1.0,0.0,1.0,0,0,0,0,7000.5
RN,Não informado,0.0,0.0,0.0,0,0,0,0,10576.036405723906
BA,de R$ 4.001/mês a R$ 6.000/mês,1.0,0.0,1.0,0,0,0,0,5000.5
PR,de R$ 6.001/mês a R$ 8.000/mês,0.0,0.0,0.0,0,0,0,0,7000.5
NI,de R$ 3.001/mês a R$ 4.000/mês,0.0,1.0,0.0,0,0,0,0,3500.5
RS,de R$ 3.001/mês a R$ 4.000/mês,0.0,0.0,1.0,0,0,0,0,3500.5
SP,de R$ 4.001/mês a R$ 6.000/mês,0.0,1.0,0.0,0,0,0,0,5000.5
SP,de R$ 16.001/mês a R$ 20.000/mês,0.0,0.0,0.0,0,0,0,0,18000.5
SC,de R$ 2.001/mês a R$ 3.000/mês,1.0,0.0,1.0,1,0,0,0,2500.5
PR,de R$ 1.001/mês a R$ 2.000/mês,1.0,0.0,1.0,1,0,0,0,1500.5
RJ,de R$ 8.001/mês a R$ 12.000/mês,1.0,0.0,1.0,0,0,0,0,10000.5
PR,de R$ 6.001/mês a R$ 8.000/mês,1.0,0.0,0.0,0,0,1,0,7000.5
MG,de R$ 12.001/mês a R$ 16.000/mês,1.0,0.0,0.0,0,1,1,0,14000.5
SP,de R$ 8.001/mês a R$ 12.000/mês,0.0,0.0,0.0,0,0,0,0,10000.5
SP,Não informado,0.0,0.0,0.0,0,0,0,0,10576.036405723906
SP,de R$ 30.001/mês a R$ 40.000/mês,0.0,0.0,0.0,0,0,0,0,35000.5
NI,de R$ 12.001/mês a R$ 16.000/mês,0.0,0.0,0.0,0,0,0,0,14000.5
SP,de R$ 8.001/mês a R$ 12.000/mês,1.0,0.0,0.0,0,0,0,0,10000.5
MG,de R$ 2.001/mês a R$ 3.000/mês,1.0,0.0,1.0,0,0,0,0,2500.5
SP,de R$ 4.001/mês a R$ 6.000/mês,0.0,0.0,0.0,0,0,0,0,5000.5
MG,Não informado,0.0,0.0,0.0,0,0,0,0,10576.036405723906
SC,de R$ 8.001/mês a R$ 12.000/mês,1.0,0.0,1.0,0,0,0,0,10000.5
SP,de R$ 8.001/mês a R$ 12.000/mês,1.0,0.0,1.0,0,0,0,0,10000.5
SP,de R$ 16.001/mês a R$ 20.000/mês,0.0,0.0,0.0,0,0,0,0,18000.5
AM,de R$ 6.001/mês a R$ 8.000/mês,0.0,0.0,1.0,0,0,0,0,7000.5
SP,de R$ 12.001/mês a R$ 16.000/mês,1.0,0.0,1.0,0,0,0,0,14000.5
SP,de R$ 12.001/mês a R$ 16.000/mês,1.0,0.0,1.0,0,0,0,0,14000.5
RS,de R$ 16.001/mês a R$ 20.000/mês,0.0,0.0,0.0,0,0,0,0,18000.5
PR,de R$ 4.001/mês a R$ 6.000/mês,1.0,0.0,1.0,1,0,0,0,5000.5
PE,de R$ 1.001/mês a R$ 2.000/mês,0.0,0.0,0.0,1,0,0,0,1500.5
MS,de R$ 2.001/mês a R$ 3.000/mês,0.0,1.0,0.0,0,0,0,0,2500.5
PI,Não informado,0.0,0.0,0.0,0,0,0,0,10576.036405723906
PR,de R$ 4.001/mês a R$ 6.000/mês,1.0,0.0,1.0,1,1,1,0,5000.5
RJ,de R$ 6.001/mês a R$ 8.000/mês,1.0,0.0,0.0,0,0,0,0,7000.5
SP,de R$ 6.001/mês a R$ 8.000/mês,1.0,0.0,0.0,0,0,0,0,7000.5
SP,de R$ 6.001/mês a R$ 8.000/mês,0.0,0.0,0.0,0,0,0,0,7000.5
SC,de R$ 6.001/mês a R$ 8.000/mês,1.0,0.0,0.0,0,0,0,0,7000.5
DF,de R$ 6.001/mês a R$ 8.000/mês,0.0,0.0,0.0,0,0,0,0,7000.5
MG,de R$ 4.001/mês a R$ 6.000/mês,1.0,0.0,1.0,0,1,1,0,5000.5
SP,de R$ 20.001/mês a R$ 25.000/mês,0.0,0.0,0.0,0,0,0,0,22500.5
SP,de R$ 8.001/mês a R$ 12.000/mês,0.0,0.0,0.0,0,0,0,0,10000.5
MG,de R$ 6.001/mês a R$ 8.000/mês,1.0,0.0,1.0,0,0,0,0,7000.5
GO,de R$ 6.001/mês a R$ 8.000/mês,1.0,0.0,1.0,0,0,0,0,7000.5
BA,Não informado,0.0,0.0,0.0,0,0,0,0,10576.036405723906
SC,de R$ 1.001/mês a R$ 2.000/mês,1.0,0.0,0.0,0,1,1,0,1500.5
MG,de R$ 4.001/mês a R$ 6.000/mês,1.0,0.0,1.0,0,0,0,0,5000.5
SP,de R$ 2.001/mês a R$ 3.000/mês,1.0,0.0,1.0,0,0,0,0,2500.5
GO,Não informado,0.0,0.0,0.0,0,0,0,0,10576.036405723906
MG,de R$ 8.001/mês a R$ 12.000/mês,0.0,0.0,1.0,0,0,0,0,10000.5
ES,de R$ 2.001/mês a R$ 3.000/mês,1.0,0.0,1.0,0,0,0,0,2500.5
SP,de R$ 6.001/mês a R$ 8.000/mês,1.0,0.0,1.0,0,0,0,0,7000.5
SP,de R$ 8.001/mês a R$ 12.000/mês,1.0,0.0,1.0,1,0,0,1,10000.5
DF,de R$ 12.001/mês a R$ 16.000/mês,1.0,0.0,1.0,0,0,0,0,14000.5
SP,de R$ 8.001/mês a R$ 12.000/mês,1.0,0.0,1.0,1,0,0,0,10000.5
SP,de R$ 30.001/mês a R$ 40.000/mês,0.0,0.0,0.0,0,0,0,0,35000.5
SP,Não informado,0.0,0.0,0.0,0,0,0,0,10576.036405723906
SP,de R$ 8.001/mês a R$ 12.000/mês,0.0,0.0,0.0,0,0,0,0,10000.5
SP,de R$ 25.001/mês a R$ 30.000/mês,0.0,0.0,0.0,0,0,0,0,27500.5
RJ,de R$ 4.001/mês a R$ 6.000/mês,0.0,0.0,0.0,0,0,0,0,5000.5
PR,de R$ 3.001/mês a R$ 4.000/mês,1.0,0.0,1.0,0,0,0,0,3500.5
PR,de R$ 8.001/mês a R$ 12.000/mês,1.0,0.0,1.0,1,0,1,0,10000.5
BA,de R$ 6.001/mês a R$ 8.000/mês,1.0,0.0,0.0,0,0,0,0,7000.5
SP,de R$ 8.001/mês a R$ 12.000/mês,1.0,0.0,1.0,0,1,1,0,10000.5
SP,de R$ 8.001/mês a R$ 12.000/mês,1.0,0.0,1.0,1,0,0,0,10000.5
RS,de R$ 6.001/mês a R$ 8.000/mês,1.0,0.0,0.0,0,0,0,0,7000.5
NI,Não informado,0.0,0.0,0.0,0,0,0,0,10576.036405723906
PR,de R$ 4.001/mês a R$ 6.000/mês,0.0,1.0,0.0,0,0,0,0,5000.5
SP,de R$ 8.001/mês a R$ 12.000/mês,1.0,0.0,0.0,0,0,0,0,10000.5
SP,de R$ 6.001/mês a R$ 8.000/mês,1.0,0.0,1.0,1,1,1,0,7000.5
AL,de R$ 3.001/mês a R$ 4.000/mês,1.0,0.0,1.0,0,0,0,0,3500.5
SP,de R$ 1.001/mês a R$ 2.000/mês,0.0,0.0,0.0,0,1,1,0,1500.5
ES,de R$ 4.001/mês a R$ 6.000/mês,1.0,0.0,1.0,0,0,0,0,5000.5
MG,de R$ 6.001/mês a R$ 8.000/mês,1.0,0.0,1.0,1,0,0,0,7000.5
SP,de R$ 12.001/mês a R$ 16.000/mês,1.0,0.0,1.0,0,0,0,0,14000.5
PE,de R$ 3.001/mês a R$ 4.000/mês,0.0,1.0,0.0,0,0,0,0,3500.5
SP,de R$ 4.001/mês a R$ 6.000/mês,1.0,0.0,1.0,0,0,0,0,5000.5
SP,de R$ 16.001/mês a R$ 20.000/mês,0.0,0.0,0.0,0,0,0,0,18000.5
MA,de R$ 6.001/mês a R$ 8.000/mês,0.0,1.0,0.0,0,0,0,0,7000.5
SP,de R$ 4.001/mês a R$ 6.000/mês,1.0,0.0,1.0,0,0,0,0,5000.5
SP,de R$ 8.001/mês a R$ 12.000/mês,0.0,0.0,1.0,0,0,0,0,10000.5
SP,de R$ 8.001/mês a R$ 12.000/mês,0.0,0.0,0.0,0,0,0,0,10000.5
RJ,Não informado,0.0,0.0,0.0,0,0,0,0,10576.036405723906
SP,de R$ 8.001/mês a R$ 12.000/mês,1.0,0.0,1.0,0,0,0,0,10000.5
BA,de R$ 12.001/mês a R$ 16.000/mês,1.0,0.0,1.0,0,0,0,0,14000.5
RJ,de R$ 4.001/mês a R$ 6.000/mês,0.0,0.0,0.0,0,0,0,0,5000.5
SP,de R$ 12.001/mês a R$ 16.000/mês,1.0,0.0,1.0,0,0,0,0,14000.5
AL,de R$ 6.001/mês a R$ 8.000/mês,1.0,0.0,0.0,0,0,0,0,7000.5
SP,de R$ 16.001/mês a R$ 20.000/mês,0.0,0.0,0.0,0,0,0,0,18000.5
SP,de R$ 8.001/mês a R$ 12.000/mês,1.0,0.0,1.0,0,0,1,0,10000.5
MG,de R$ 2.001/mês a R$ 3.000/mês,0.0,0.0,1.0,0,0,0,0,2500.5
SP,de R$ 6.001/mês a R$ 8.000/mês,1.0,0.0,1.0,0,0,0,0,7000.5
BA,de R$ 6.001/mês a R$ 8.000/mês,1.0,0.0,0.0,0,0,0,0,7000.5
MG,de R$ 12.001/mês a R$ 16.000/mês,1.0,0.0,1.0,1,0,0,0,14000.5
MG,de R$ 4.001/mês a R$ 6.000/mês,1.0,0.0,1.0,0,0,0,0,5000.5
SP,de R$ 8.001/mês a R$ 12.000/mês,1.0,0.0,1.0,0,0,0,0,10000.5
ES,Não informado,0.0,0.0,0.0,0,0,0,0,10576.036405723906
MG,Não informado,0.0,0.0,0.0,0,0,0,0,10576.036405723906
MG,de R$ 4.001/mês a R$ 6.000/mês,0.0,0.0,0.0,0,0,0,0,5000.5
DF,de R$ 6.001/mês a R$ 8.000/mês,1.0,0.0,1.0,0,0,0,0,7000.5
SP,de R$ 8.001/mês a R$ 12.000/mês,0.0,0.0,0.0,0,0,0,0,10000.5
SP,de R$ 20.001/mês a R$ 25.000/mês,0.0,0.0,0.0,0,0,0,0,22500.5
MG,de R$ 4.001/mês a R$ 6.000/mês,1.0,0.0,1.0,0,0,0,0,5000.5
SP,de R$ 4.001/mês a R$ 6.000/mês,0.0,1.0,0.0,0,0,0,0,5000.5
SP,de R$ 20.001/mês a R$ 25.000/mês,0.0,0.0,0.0,0,0,0,0,22500.5
SP,de R$ 25.001/mês a R$ 30.000/mês,0.0,0.0,0.0,0,0,0,0,27500.5
RS,de R$ 6.001/mês a R$ 8.000/mês,1.0,0.0,1.0,0,0,0,0,7000.5
SP,de R$ 4.001/mês a R$ 6.000/mês,1.0,0.0,1.0,0,0,0,0,5000.5
MG,de R$ 8.001/mês a R$ 12.000/mês,1.0,0.0,1.0,0,0,1,0,10000.5
RS,de R$ 4.001/mês a R$ 6.000/mês,1.0,0.0,1.0,0,0,0,0,5000.5
NI,de R$ 8.001/mês a R$ 12.000/mês,1.0,0.0,1.0,0,1,1,0,10000.5
RS,de R$ 6.001/mês a R$ 8.000/mês,1.0,0.0,0.0,1,0,0,0,7000.5
RS,Não informado,0.0,0.0,0.0,0,0,0,0,10576.036405723906
GO,de R$ 4.001/mês a R$ 6.000/mês,0.0,1.0,0.0,0,0,0,0,5000.5
SC,de R$ 8.001/mês a R$ 12.000/mês,1.0,0.0,1.0,0,0,0,0,10000.5
SP,de R$ 8.001/mês a R$ 12.000/mês,0.0,1.0,0.0,0,0,0,0,10000.5
RS,de R$ 20.001/mês a R$ 25.000/mês,0.0,0.0,0.0,0,0,0,0,22500.5
DF,de R$ 16.001/mês a R$ 20.000/mês,0.0,0.0,0.0,0,0,0,0,18000.5
MG,de R$ 4.001/mês a R$ 6.000/mês,1.0,0.0,0.0,0,0,0,0,5000.5
SC,Não informado,0.0,0.0,0.0,0,0,0,0,10576.036405723906
ES,de R$ 8.001/mês a R$ 12.000/mês,1.0,0.0,1.0,0,0,0,0,10000.5
PR,de R$ 8.001/mês a R$ 12.000/mês,1.0,0.0,1.0,0,0,0,0,10000.5
SP,de R$ 8.001/mês a R$ 12.000/mês,1.0,0.0,1.0,0,1,1,1,10000.5
SP,de R$ 6.001/mês a R$ 8.000/mês,1.0,0.0,1.0,1,0,0,0,7000.5
MG,de R$ 12.001/mês a R$ 16.000/mês,1.0,0.0,1.0,0,0,0,0,14000.5
SP,de R$ 3.001/mês a R$ 4.000/mês,1.0,0.0,1.0,0,0,0,0,3500.5
RJ,de R$ 4.001/mês a R$ 6.000/mês,1.0,0.0,1.0,0,0,0,0,5000.5
RJ,de R$ 2.001/mês a R$ 3.000/mês,1.0,0.0,1.0,0,1,0,0,2500.5
DF,de R$ 20.001/mês a R$ 25.000/mês,1.0,0.0,1.0,1,0,0,0,22500.5
SP,de R$ 6.001/mês a R$ 8.000/mês,1.0,0.0,1.0,0,0,0,0,7000.5
SP,de R$ 4.001/mês a R$ 6.000/mês,1.0,0.0,1.0,0,0,0,0,5000.5
PA,de R$ 6.001/mês a R$ 8.000/mês,1.0,0.0,1.0,0,0,0,0,7000.5
MG,Não informado,0.0,0.0,0.0,0,0,0,0,10576.036405723906
SP,de R$ 8.001/mês a R$ 12.000/mês,1.0,0.0,1.0,1,0,0,0,10000.5
SC,de R$ 8.001/mês a R$ 12.000/mês,1.0,0.0,0.0,0,0,1,1,10000.5
NI,de R$ 8.001/mês a R$ 12.000/mês,1.0,0.0,1.0,1,1,1,1,10000.5
SP,de R$ 8.001/mês a R$ 12.000/mês,1.0,0.0,1.0,0,0,0,0,10000.5
SP,Não informado,0.0,0.0,0.0,0,0,0,0,10576.036405723906
MG,de R$ 3.001/mês a R$ 4.000/mês,1.0,0.0,1.0,0,0,1,0,3500.5
BA,de R$ 4.001/mês a R$ 6.000/mês,1.0,0.0,1.0,0,0,0,0,5000.5
SP,de R$ 4.001/mês a R$ 6.000/mês,1.0,0.0,0.0,1,0,0,0,5000.5
ES,de R$ 2.001/mês a R$ 3.000/mês,1.0,0.0,1.0,0,0,0,0,2500.5
MG,de R$ 6.001/mês a R$ 8.000/mês,1.0,0.0,0.0,0,0,0,0,7000.5
SP,de R$ 3.001/mês a R$ 4.000/mês,0.0,0.0,1.0,0,0,0,0,3500.5
AL,de R$ 6.001/mês a R$ 8.000/mês,1.0,0.0,1.0,0,0,0,0,7000.5
SP,de R$ 8.001/mês a R$ 12.000/mês,1.0,0.0,1.0,1,0,0,0,10000.5
ES,de R$ 2.001/mês a R$ 3.000/mês,1.0,0.0,1.0,0,0,0,0,2500.5
SP,Não informado,0.0,0.0,0.0,0,0,0,0,10576.036405723906
PI,Não informado,0.0,0.0,0.0,0,0,0,0,10576.036405723906
RS,de R$ 2.001/mês a R$ 3.000/mês,0.0,0.0,1.0,0,0,0,0,2500.5
MT,de R$ 6.001/mês a R$ 8.000/mês,1.0,0.0,1.0,0,0,0,0,7000.5
PE,de R$ 3.001/mês a R$ 4.000/mês,0.0,0.0,0.0,0,0,0,0,3500.5
DF,de R$ 12.001/mês a R$ 16.000/mês,1.0,0.0,0.0,1,0,0,0,14000.5
RS,de R$ 6.001/mês a R$ 8.000/mês,0.0,1.0,0.0,0,0,0,0,7000.5
BA,de R$ 8.001/mês a R$ 12.000/mês,1.0,0.0,1.0,1,0,0,0,10000.5
SP,de R$ 4.001/mês a R$ 6.000/mês,1.0,0.0,0.0,0,0,0,0,5000.5
SP,de R$ 4.001/mês a R$ 6.000/mês,0.0,0.0,1.0,0,0,1,0,5000.5
PB,de R$ 4.001/mês a R$ 6.000/mês,0.0,0.0,1.0,0,0,0,0,5000.5
SP,de R$ 8.001/mês a R$ 12.000/mês,1.0,0.0,0.0,0,0,0,0,10000.5
MG,de R$ 4.001/mês a R$ 6.000/mês,0.0,0.0,0.0,0,0,0,0,5000.5
PB,Não informado,0.0,0.0,0.0,0,0,0,0,10576.036405723906
PR,de R$ 4.001/mês a R$ 6.000/mês,1.0,0.0,1.0,0,0,0,0,5000.5
MG,de R$ 8.001/mês a R$ 12.000/mês,1.0,0.0,1.0,1,0,0,0,10000.5
DF,de R$ 16.001/mês a R$ 20.000/mês,0.0,0.0,0.0,0,0,0,0,18000.5
BA,de R$ 8.001/mês a R$ 12.000/mês,1.0,0.0,1.0,1,0,0,0,10000.5
SP,de R$ 12.001/mês a R$ 16.000/mês,0.0,0.0,0.0,0,0,0,0,14000.5
SC,de R$ 6.001/mês a R$ 8.000/mês,1.0,0.0,0.0,0,0,0,0,7000.5
MG,de R$ 2.001/mês a R$ 3.000/mês,0.0,1.0,0.0,0,0,0,0,2500.5
RJ,de R$ 8.001/mês a R$ 12.000/mês,0.0,0.0,0.0,1,0,0,0,10000.5
BA,de R$ 2.001/mês a R$ 3.000/mês,0.0,0.0,0.0,0,0,1,0,2500.5
SP,de R$ 12.001/mês a R$ 16.000/mês,1.0,0.0,1.0,0,0,0,0,14000.5
SC,de R$ 4.001/mês a R$ 6.000/mês,0.0,1.0,0.0,0,0,0,0,5000.5
CE,de R$ 1.001/mês a R$ 2.000/mês,1.0,0.0,1.0,0,0,0,0,1500.5
SP,de R$ 4.001/mês a R$ 6.000/mês,0.0,0.0,0.0,0,0,0,0,5000.5
RS,de R$ 6.001/mês a R$ 8.000/mês,1.0,0.0,1.0,1,0,0,0,7000.5
CE,de R$ 3.001/mês a R$ 4.000/mês,0.0,0.0,0.0,0,0,0,0,3500.5
SP,de R$ 12.001/mês a R$ 16.000/mês,1.0,0.0,0.0,1,0,0,0,14000.5
SP,de R$ 8.001/mês a R$ 12.000/mês,1.0,0.0,1.0,0,0,0,0,10000.5
DF,de R$ 4.001/mês a R$ 6.000/mês,1.0,0.0,1.0,0,0,0,0,5000.5
SP,de R$ 4.001/mês a R$ 6.000/mês,1.0,0.0,1.0,0,0,0,0,5000.5
SP,de R$ 4.001/mês a R$ 6.000/mês,1.0,0.0,1.0,0,0,0,0,5000.5
MG,de R$ 25.001/mês a R$ 30.000/mês,1.0,0.0,1.0,0,0,1,0,27500.5
SP,de R$ 12.001/mês a R$ 16.000/mês,1.0,0.0,1.0,1,0,1,0,14000.5
RS,Acima de R$ 40.001/mês,1.0,0.0,0.0,0,0,0,0,50000.0
MG,de R$ 8.001/mês a R$ 12.000/mês,1.0,0.0,1.0,1,0,0,0,10000.5
MG,de R$ 2.001/mês a R$ 3.000/mês,1.0,0.0,1.0,1,0,0,0,2500.5
SP,de R$ 16.001/mês a R$ 20.000/mês,0.0,0.0,0.0,0,0,0,0,18000.5
SP,de R$ 2.001/mês a R$ 3.000/mês,0.0,0.0,1.0,1,0,0,0,2500.5
MG,de R$ 4.001/mês a R$ 6.000/mês,1.0,0.0,1.0,1,0,0,0,5000.5
SP,de R$ 12.001/mês a R$ 16.000/mês,1.0,0.0,1.0,0,0,0,0,14000.5
SP,de R$ 8.001/mês a R$ 12.000/mês,1.0,0.0,1.0,1,0,0,0,10000.5
SP,Acima de R$ 40.001/mês,0.0,0.0,0.0,0,0,0,0,50000.0
RJ,de R$ 12.001/mês a R$ 16.000/mês,1.0,0.0,1.0,0,0,0,0,14000.5
SP,Não informado,0.0,0.0,0.0,0,0,0,0,10576.036405723906
PR,de R$ 3.001/mês a R$ 4.000/mês,1.0,0.0,1.0,0,0,0,0,3500.5
MG,Não informado,0.0,0.0,0.0,0,0,0,0,10576.036405723906
SP,de R$ 2.001/mês a R$ 3.000/mês,0.0,0.0,0.0,0,0,0,0,2500.5
PE,de R$ 1.001/mês a R$ 2.000/mês,1.0,0.0,1.0,0,0,0,0,1500.5
SP,de R$ 12.001/mês a R$ 16.000/mês,1.0,0.0,1.0,0,0,0,0,14000.5
MG,de R$ 6.001/mês a R$ 8.000/mês,1.0,0.0,0.0,0,0,0,0,7000.5
SC,de R$ 8.001/mês a R$ 12.000/mês,1.0,0.0,1.0,0,0,0,0,10000.5
PR,de R$ 12.001/mês a R$ 16.000/mês,1.0,0.0,1.0,0,0,1,0,14000.5
SP,de R$ 8.001/mês a R$ 12.000/mês,1.0,0.0,0.0,0,0,1,0,10000.5
RS,de R$ 16.001/mês a R$ 20.000/mês,0.0,0.0,0.0,0,0,0,0,18000.5
SP,de R$ 12.001/mês a R$ 16.000/mês,1.0,0.0,1.0,0,0,1,0,14000.5
SP,de R$ 6.001/mês a R$ 8.000/mês,0.0,0.0,0.0,0,0,0,0,7000.5
NI,de R$ 6.001/mês a R$ 8.000/mês,1.0,0.0,1.0,0,0,0,0,7000.5
PE,de R$ 3.001/mês a R$ 4.000/mês,1.0,0.0,1.0,0,0,0,0,3500.5
SP,de R$ 16.001/mês a R$ 20.000/mês,1.0,0.0,1.0,0,0,0,0,18000.5
SP,de R$ 16.001/mês a R$ 20.000/mês,1.0,0.0,1.0,0,0,0,0,18000.5
PR,de R$ 4.001/mês a R$ 6.000/mês,0.0,1.0,0.0,0,0,0,0,5000.5
SC,de R$ 20.001/mês a R$ 25.000/mês,1.0,0.0,1.0,1,1,1,1,22500.5
SP,Não informado,0.0,0.0,0.0,0,0,0,0,10576.036405723906
SP,de R$ 6.001/mês a R$ 8.000/mês,1.0,0.0,1.0,0,0,0,0,7000.5
NI,de R$ 8.001/mês a R$ 12.000/mês,1.0,0.0,1.0,0,0,0,0,10000.5
MG,de R$ 12.001/mês a R$ 16.000/mês,0.0,0.0,1.0,1,0,0,0,14000.5
SP,de R$ 8.001/mês a R$ 12.000/mês,0.0,0.0,0.0,0,0,0,0,10000.5
SP,de R$ 4.001/mês a R$ 6.000/mês,1.0,0.0,1.0,0,0,0,0,5000.5
GO,de R$ 8.001/mês a R$ 12.000/mês,1.0,0.0,0.0,0,1,1,0,10000.5
MT,de R$ 4.001/mês a R$ 6.000/mês,1.0,0.0,1.0,0,0,1,0,5000.5
MG,de R$ 8.001/mês a R$ 12.000/mês,1.0,0.0,1.0,0,0,0,0,10000.5
AL,de R$ 25.001/mês a R$ 30.000/mês,1.0,0.0,1.0,0,0,0,0,27500.5
RJ,Não informado,0.0,0.0,0.0,0,0,0,0,10576.036405723906
SP,de R$ 4.001/mês a R$ 6.000/mês,0.0,1.0,0.0,0,0,0,0,5000.5
SP,de R$ 8.001/mês a R$ 12.000/mês,1.0,0.0,1.0,0,0,0,0,10000.5
PE,Não informado,0.0,0.0,0.0,0,0,0,0,10576.036405723906
SP,de R$ 4.001/mês a R$ 6.000/mês,1.0,0.0,1.0,0,0,0,0,5000.5
SC,de R$ 16.001/mês a R$ 20.000/mês,0.0,0.0,0.0,0,0,0,0,18000.5
SP,de R$ 3.001/mês a R$ 4.000/mês,1.0,0.0,1.0,0,0,0,0,3500.5
SP,de R$ 12.001/mês a R$ 16.000/mês,1.0,0.0,1.0,0,0,0,0,14000.5
RJ,de R$ 8.001/mês a R$ 12.000/mês,1.0,0.0,1.0,0,0,0,0,10000.5
RN,de R$ 1.001/mês a R$ 2.000/mês,1.0,0.0,1.0,0,0,0,0,1500.5
SP,de R$ 8.001/mês a R$ 12.000/mês,1.0,0.0,1.0,1,0,0,0,10000.5
SC,de R$ 6.001/mês a R$ 8.000/mês,1.0,0.0,1.0,0,0,0,0,7000.5
SP,Não informado,0.0,0.0,0.0,0,0,0,0,10576.036405723906
PR,de R$ 4.001/mês a R$ 6.000/mês,1.0,0.0,0.0,0,0,0,0,5000.5
SP,Não informado,0.0,0.0,0.0,0,0,0,0,10576.036405723906
MG,de R$ 20.001/mês a R$ 25.000/mês,0.0,0.0,0.0,0,0,0,0,22500.5
CE,Não informado,0.0,0.0,0.0,0,0,0,0,10576.036405723906
SP,de R$ 12.001/mês a R$ 16.000/mês,0.0,0.0,0.0,0,0,0,0,14000.5
PE,Não informado,0.0,0.0,0.0,0,0,0,0,10576.036405723906
RS,de R$ 8.001/mês a R$ 12.000/mês,1.0,0.0,1.0,0,0,0,0,10000.5
SP,Menos de R$ 1.000/mês,0.0,0.0,1.0,0,0,1,0,500.0
DF,Não informado,0.0,0.0,0.0,0,0,0,0,10576.036405723906
RJ,de R$ 1.001/mês a R$ 2.000/mês,1.0,0.0,0.0,0,0,0,0,1500.5
RS,de R$ 4.001/mês a R$ 6.000/mês,1.0,0.0,1.0,0,1,0,0,5000.5
MG,Menos de R$ 1.000/mês,0.0,1.0,0.0,0,0,0,0,500.0
SC,Não informado,0.0,0.0,0.0,0,0,0,0,10576.036405723906
RJ,de R$ 16.001/mês a R$ 20.000/mês,1.0,0.0,0.0,1,0,0,0,18000.5
NI,Não informado,0.0,0.0,0.0,0,0,0,0,10576.036405723906
SP,Não informado,0.0,0.0,0.0,0,0,0,0,10576.036405723906
SP,de R$ 6.001/mês a R$ 8.000/mês,1.0,0.0,1.0,1,0,1,0,7000.5
SP,de R$ 25.001/mês a R$ 30.000/mês,0.0,0.0,0.0,0,0,0,0,27500.5
PB,de R$ 12.001/mês a R$ 16.000/mês,0.0,0.0,0.0,0,0,0,0,14000.5
PA,Não informado,0.0,0.0,0.0,0,0,0,0,10576.036405723906
SP,de R$ 3.001/mês a R$ 4.000/mês,1.0,0.0,1.0,0,0,1,0,3500.5
SP,de R$ 8.001/mês a R$ 12.000/mês,0.0,0.0,0.0,0,0,0,0,10000.5
DF,de R$ 25.001/mês a R$ 30.000/mês,1.0,0.0,0.0,1,0,0,0,27500.5
BA,de R$ 8.001/mês a R$ 12.000/mês,1.0,0.0,1.0,0,0,0,0,10000.5
RJ,de R$ 16.001/mês a R$ 20.000/mês,1.0,0.0,1.0,1,1,1,0,18000.5
MG,de R$ 8.001/mês a R$ 12.000/mês,1.0,0.0,1.0,0,0,0,0,10000.5
SP,de R$ 16.001/mês a R$ 20.000/mês,1.0,0.0,1.0,0,1,1,0,18000.5
SP,Não informado,0.0,0.0,0.0,0,0,0,0,10576.036405723906
SC,de R$ 8.001/mês a R$ 12.000/mês,1.0,0.0,1.0,0,1,1,0,10000.5
SP,de R$ 8.001/mês a R$ 12.000/mês,1.0,0.0,1.0,0,1,1,0,10000.5
MG,de R$ 12.001/mês a R$ 16.000/mês,0.0,0.0,0.0,0,0,0,0,14000.5
PR,de R$ 1.001/mês a R$ 2.000/mês,0.0,0.0,0.0,1,0,0,0,1500.5
SP,de R$ 8.001/mês a R$ 12.000/mês,1.0,0.0,0.0,0,0,0,0,10000.5
PE,de R$ 1.001/mês a R$ 2.000/mês,1.0,0.0,0.0,0,1,1,0,1500.5
SP,de R$ 4.001/mês a R$ 6.000/mês,1.0,0.0,1.0,0,0,0,0,5000.5
SP,de R$ 8.001/mês a R$ 12.000/mês,1.0,0.0,1.0,1,0,0,0,10000.5
SC,de R$ 8.001/mês a R$ 12.000/mês,1.0,0.0,1.0,1,0,0,0,10000.5
RJ,de R$ 4.001/mês a R$ 6.000/mês,1.0,0.0,1.0,0,0,0,0,5000.5
RJ,de R$ 1.001/mês a R$ 2.000/mês,1.0,0.0,1.0,0,0,0,0,1500.5
SP,de R$ 25.001/mês a R$ 30.000/mês,1.0,0.0,0.0,1,0,0,0,27500.5
AL,de R$ 1.001/mês a R$ 2.000/mês,0.0,1.0,0.0,0,0,0,0,1500.5
RJ,de R$ 8.001/mês a R$ 12.000/mês,0.0,0.0,1.0,0,0,0,0,10000.5
SP,de R$ 20.001/mês a R$ 25.000/mês,0.0,0.0,0.0,0,0,0,0,22500.5
GO,Não informado,0.0,0.0,0.0,0,0,0,0,10576.036405723906
SP,Menos de R$ 1.000/mês,0.0,1.0,1.0,0,0,0,0,500.0
RS,de R$ 6.001/mês a R$ 8.000/mês,1.0,0.0,1.0,0,0,0,0,7000.5
RS,de R$ 6.001/mês a R$ 8.000/mês,1.0,0.0,1.0,1,0,0,0,7000.5
RJ,de R$ 16.001/mês a R$ 20.000/mês,0.0,0.0,0.0,0,0,0,0,18000.5
SC,de R$ 12.001/mês a R$ 16.000/mês,1.0,0.0,1.0,0,1,1,0,14000.5
PE,de R$ 8.001/mês a R$ 12.000/mês,1.0,0.0,1.0,0,0,1,0,10000.5
SP,de R$ 8.001/mês a R$ 12.000/mês,1.0,0.0,1.0,0,0,0,0,10000.5
SP,de R$ 12.001/mês a R$ 16.000/mês,1.0,0.0,1.0,0,0,0,0,14000.5
RJ,de R$ 8.001/mês a R$ 12.000/mês,1.0,0.0,0.0,0,1,1,0,10000.5
SP,de R$ 8.001/mês a R$ 12.000/mês,1.0,0.0,1.0,0,0,0,0,10000.5
SP,de R$ 1.001/mês a R$ 2.000/mês,0.0,1.0,0.0,0,0,0,0,1500.5
SP,de R$ 8.001/mês a R$ 12.000/mês,1.0,0.0,1.0,1,0,0,0,10000.5
SP,Não informado,0.0,0.0,0.0,0,0,0,0,10576.036405723906
PE,Não informado,0.0,0.0,0.0,0,0,0,0,10576.036405723906
RJ,de R$ 4.001/mês a R$ 6.000/mês,1.0,0.0,1.0,0,0,0,0,5000.5
RJ,de R$ 8.001/mês a R$ 12.000/mês,1.0,0.0,1.0,1,0,0,0,10000.5
PE,Não informado,0.0,0.0,0.0,0,0,0,0,10576.036405723906
SP,Não informado,0.0,0.0,0.0,0,0,0,0,10576.036405723906
RS,Não informado,0.0,0.0,0.0,0,0,0,0,10576.036405723906
RS,Não informado,0.0,0.0,0.0,0,0,0,0,10576.036405723906
CE,de R$ 3.001/mês a R$ 4.000/mês,0.0,0.0,0.0,0,0,1,0,3500.5
RJ,de R$ 12.001/mês a R$ 16.000/mês,1.0,0.0,1.0,0,0,0,0,14000.5
RJ,de R$ 6.001/mês a R$ 8.000/mês,1.0,0.0,1.0,0,0,0,0,7000.5
PR,de R$ 8.001/mês a R$ 12.000/mês,1.0,0.0,1.0,1,0,0,0,10000.5
SP,de R$ 12.001/mês a R$ 16.000/mês,0.0,0.0,1.0,0,0,0,0,14000.5
SP,de R$ 8.001/mês a R$ 12.000/mês,1.0,0.0,1.0,0,1,1,0,10000.5
MG,Não informado,0.0,0.0,0.0,0,0,0,0,10576.036405723906
SP,de R$ 16.001/mês a R$ 20.000/mês,1.0,0.0,1.0,1,0,0,0,18000.5
SP,de R$ 12.001/mês a R$ 16.000/mês,0.0,0.0,0.0,0,0,0,0,14000.5
RS,de R$ 8.001/mês a R$ 12.000/mês,0.0,0.0,0.0,0,0,0,0,10000.5
SP,de R$ 6.001/mês a R$ 8.000/mês,1.0,0.0,1.0,0,0,1,0,7000.5
SP,de R$ 6.001/mês a R$ 8.000/mês,1.0,0.0,1.0,0,0,0,0,7000.5
SC,de R$ 16.001/mês a R$ 20.000/mês,1.0,0.0,1.0,0,0,0,0,18000.5
PE,de R$ 12.001/mês a R$ 16.000/mês,0.0,0.0,0.0,0,0,0,0,14000.5
SP,de R$ 3.001/mês a R$ 4.000/mês,1.0,0.0,1.0,0,0,0,0,3500.5
RS,de R$ 16.001/mês a R$ 20.000/mês,0.0,0.0,0.0,0,0,0,0,18000.5
MG,de R$ 4.001/mês a R$ 6.000/mês,0.0,1.0,0.0,0,0,0,0,5000.5
DF,de R$ 16.001/mês a R$ 20.000/mês,0.0,0.0,1.0,0,0,0,0,18000.5
RN,de R$ 6.001/mês a R$ 8.000/mês,1.0,0.0,1.0,0,1,1,0,7000.5
MG,de R$ 6.001/mês a R$ 8.000/mês,1.0,0.0,1.0,0,0,0,1,7000.5
CE,de R$ 8.001/mês a R$ 12.000/mês,1.0,0.0,1.0,1,0,0,1,10000.5
SP,de R$ 8.001/mês a R$ 12.000/mês,1.0,0.0,1.0,0,1,1,1,10000.5
DF,de R$ 12.001/mês a R$ 16.000/mês,1.0,0.0,1.0,0,0,0,0,14000.5
SP,de R$ 25.001/mês a R$ 30.000/mês,0.0,0.0,0.0,0,0,0,0,27500.5
SP,de R$ 6.001/mês a R$ 8.000/mês,1.0,0.0,1.0,0,1,1,0,7000.5
SP,de R$ 1.001/mês a R$ 2.000/mês,0.0,0.0,1.0,0,0,0,0,1500.5
MG,de R$ 8.001/mês a R$ 12.000/mês,1.0,0.0,0.0,0,0,0,0,10000.5
MG,de R$ 2.001/mês a R$ 3.000/mês,1.0,0.0,0.0,0,0,0,0,2500.5
SC,de R$ 8.001/mês a R$ 12.000/mês,0.0,0.0,1.0,0,0,1,0,10000.5
NI,de R$ 16.001/mês a R$ 20.000/mês,1.0,0.0,1.0,1,1,1,1,18000.5
NI,Acima de R$ 40.001/mês,1.0,0.0,1.0,0,1,1,0,50000.0
MG,de R$ 4.001/mês a R$ 6.000/mês,1.0,0.0,1.0,0,0,0,0,5000.5
SP,de R$ 8.001/mês a R$ 12.000/mês,0.0,0.0,1.0,0,0,0,0,10000.5
SP,de R$ 6.001/mês a R$ 8.000/mês,0.0,0.0,1.0,0,0,0,1,7000.5
DF,Não informado,0.0,0.0,0.0,0,0,0,0,10576.036405723906
MG,de R$ 6.001/mês a R$ 8.000/mês,1.0,0.0,1.0,0,0,1,0,7000.5
CE,de R$ 6.001/mês a R$ 8.000/mês,1.0,0.0,0.0,0,0,0,0,7000.5
SP,de R$ 4.001/mês a R$ 6.000/mês,1.0,0.0,1.0,0,0,1,0,5000.5
PR,de R$ 2.001/mês a R$ 3.000/mês,1.0,0.0,1.0,0,0,1,1,2500.5
SP,Não informado,0.0,0.0,0.0,0,0,0,0,10576.036405723906
MG,de R$ 1.001/mês a R$ 2.000/mês,0.0,0.0,0.0,0,1,1,0,1500.5
MG,de R$ 12.001/mês a R$ 16.000/mês,1.0,0.0,1.0,0,0,0,0,14000.5
SP,de R$ 12.001/mês a R$ 16.000/mês,1.0,0.0,1.0,0,0,0,0,14000.5
MG,de R$ 6.001/mês a R$ 8.000/mês,0.0,0.0,0.0,0,0,0,0,7000.5
MS,de R$ 4.001/mês a R$ 6.000/mês,0.0,1.0,1.0,0,0,0,0,5000.5
RJ,Não informado,0.0,0.0,0.0,0,0,0,0,10576.036405723906
MG,de R$ 4.001/mês a R$ 6.000/mês,1.0,0.0,1.0,0,0,0,0,5000.5
MG,Não informado,0.0,0.0,0.0,0,0,0,0,10576.036405723906
PA,de R$ 3.001/mês a R$ 4.000/mês,1.0,0.0,1.0,1,0,0,0,3500.5
CE,de R$ 4.001/mês a R$ 6.000/mês,1.0,0.0,1.0,0,0,0,0,5000.5
ES,de R$ 6.001/mês a R$ 8.000/mês,1.0,0.0,1.0,0,0,1,1,7000.5
ES,de R$ 8.001/mês a R$ 12.000/mês,1.0,0.0,1.0,0,0,0,0,10000.5
SP,de R$ 4.001/mês a R$ 6.000/mês,0.0,0.0,1.0,0,0,0,0,5000.5
RS,de R$ 4.001/mês a R$ 6.000/mês,1.0,0.0,1.0,0,0,0,0,5000.5
SP,de R$ 8.001/mês a R$ 12.000/mês,1.0,0.0,1.0,0,0,1,0,10000.5
PR,Não informado,0.0,0.0,0.0,0,0,0,0,10576.036405723906
MG,de R$ 4.001/mês a R$ 6.000/mês,0.0,0.0,1.0,0,0,0,0,5000.5
SP,de R$ 6.001/mês a R$ 8.000/mês,1.0,0.0,0.0,0,0,0,0,7000.5
RJ,de R$ 8.001/mês a R$ 12.000/mês,1.0,0.0,1.0,1,0,0,0,10000.5
SP,de R$ 16.001/mês a R$ 20.000/mês,1.0,0.0,1.0,1,0,0,0,18000.5
PR,de R$ 4.001/mês a R$ 6.000/mês,1.0,0.0,1.0,0,0,0,0,5000.5
SP,de R$ 8.001/mês a R$ 12.000/mês,1.0,0.0,1.0,0,0,0,0,10000.5
PA,de R$ 8.001/mês a R$ 12.000/mês,0.0,0.0,0.0,0,0,0,0,10000.5
MG,de R$ 4.001/mês a R$ 6.000/mês,1.0,0.0,1.0,0,0,0,0,5000.5
SP,de R$ 3.001/mês a R$ 4.000/mês,1.0,0.0,1.0,0,0,0,0,3500.5
MG,Não informado,0.0,0.0,0.0,0,0,0,0,10576.036405723906
GO,de R$ 1.001/mês a R$ 2.000/mês,1.0,0.0,1.0,0,0,0,0,1500.5
PR,de R$ 12.001/mês a R$ 16.000/mês,0.0,0.0,0.0,0,0,0,0,14000.5
MG,de R$ 3.001/mês a R$ 4.000/mês,1.0,0.0,1.0,0,0,0,0,3500.5
SP,de R$ 6.001/mês a R$ 8.000/mês,1.0,0.0,1.0,1,0,0,0,7000.5
MG,de R$ 6.001/mês a R$ 8.000/mês,1.0,0.0,1.0,0,0,0,0,7000.5
PR,de R$ 8.001/mês a R$ 12.000/mês,1.0,0.0,1.0,0,0,0,0,10000.5
SP,de R$ 25.001/mês a R$ 30.000/mês,0.0,0.0,0.0,0,0,0,0,27500.5
PR,de R$ 4.001/mês a R$ 6.000/mês,0.0,1.0,0.0,0,0,0,0,5000.5
MG,de R$ 12.001/mês a R$ 16.000/mês,1.0,0.0,1.0,0,0,0,0,14000.5
SP,de R$ 20.001/mês a R$ 25.000/mês,1.0,0.0,1.0,1,1,1,0,22500.5
SP,de R$ 6.001/mês a R$ 8.000/mês,0.0,0.0,0.0,0,0,0,0,7000.5
AP,de R$ 6.001/mês a R$ 8.000/mês,0.0,0.0,1.0,0,0,0,0,7000.5
PA,de R$ 8.001/mês a R$ 12.000/mês,1.0,0.0,1.0,0,0,0,0,10000.5
RJ,de R$ 8.001/mês a R$ 12.000/mês,1.0,0.0,1.0,1,0,0,0,10000.5
SP,de R$ 4.001/mês a R$ 6.000/mês,1.0,0.0,1.0,0,0,0,0,5000.5
SP,de R$ 30.001/mês a R$ 40.000/mês,0.0,0.0,0.0,0,0,0,0,35000.5
SC,de R$ 8.001/mês a R$ 12.000/mês,1.0,0.0,1.0,0,0,0,0,10000.5
SP,de R$ 30.001/mês a R$ 40.000/mês,0.0,0.0,0.0,0,0,0,0,35000.5
SP,de R$ 12.001/mês a R$ 16.000/mês,0.0,0.0,1.0,0,0,0,0,14000.5
ES,de R$ 4.001/mês a R$ 6.000/mês,1.0,0.0,1.0,0,0,0,0,5000.5
CE,Não informado,0.0,0.0,0.0,0,0,0,0,10576.036405723906
PR,Não informado,0.0,0.0,0.0,0,0,0,0,10576.036405723906
SP,de R$ 8.001/mês a R$ 12.000/mês,1.0,0.0,1.0,0,1,1,0,10000.5
RS,Não informado,0.0,0.0,0.0,0,0,0,0,10576.036405723906
SC,de R$ 12.001/mês a R$ 16.000/mês,1.0,0.0,1.0,0,0,0,0,14000.5
ES,de R$ 20.001/mês a R$ 25.000/mês,0.0,0.0,0.0,0,0,0,0,22500.5
ES,Não informado,0.0,0.0,0.0,0,0,0,0,10576.036405723906
RS,de R$ 6.001/mês a R$ 8.000/mês,1.0,0.0,1.0,0,0,0,0,7000.5
SP,de R$ 12.001/mês a R$ 16.000/mês,1.0,0.0,1.0,0,0,0,0,14000.5
CE,de R$ 4.001/mês a R$ 6.000/mês,1.0,0.0,0.0,0,0,0,0,5000.5
ES,de R$ 6.001/mês a R$ 8.000/mês,1.0,0.0,1.0,0,0,0,0,7000.5
SP,de R$ 16.001/mês a R$ 20.000/mês,1.0,0.0,1.0,1,0,0,0,18000.5
SP,de R$ 12.001/mês a R$ 16.000/mês,0.0,0.0,0.0,0,0,0,0,14000.5
MG,de R$ 8.001/mês a R$ 12.000/mês,1.0,0.0,1.0,0,0,1,0,10000.5
RN,de R$ 6.001/mês a R$ 8.000/mês,1.0,0.0,1.0,0,0,0,0,7000.5
RS,Não informado,0.0,0.0,0.0,0,0,0,0,10576.036405723906
DF,de R$ 16.001/mês a R$ 20.000/mês,1.0,0.0,1.0,1,0,0,0,18000.5
RJ,de R$ 4.001/mês a R$ 6.000/mês,0.0,0.0,0.0,0,0,0,0,5000.5
PR,de R$ 6.001/mês a R$ 8.000/mês,0.0,0.0,0.0,0,1,1,0,7000.5
RS,Não informado,0.0,0.0,0.0,0,0,0,0,10576.036405723906
SP,de R$ 6.001/mês a R$ 8.000/mês,1.0,0.0,1.0,0,0,0,0,7000.5
BA,de R$ 6.001/mês a R$ 8.000/mês,1.0,0.0,1.0,0,0,0,0,7000.5
SP,de R$ 30.001/mês a R$ 40.000/mês,0.0,0.0,0.0,0,0,0,0,35000.5
PR,Não informado,0.0,0.0,0.0,0,0,0,0,10576.036405723906
PB,Acima de R$ 40.001/mês,1.0,0.0,1.0,0,0,1,0,50000.0
MG,de R$ 3.001/mês a R$ 4.000/mês,1.0,0.0,1.0,1,0,0,0,3500.5
MT,de R$ 2.001/mês a R$ 3.000/mês,1.0,0.0,1.0,0,0,0,0,2500.5
SP,de R$ 4.001/mês a R$ 6.000/mês,0.0,1.0,0.0,0,0,0,0,5000.5
AL,de R$ 8.001/mês a R$ 12.000/mês,1.0,0.0,1.0,0,0,0,0,10000.5
SP,de R$ 3.001/mês a R$ 4.000/mês,1.0,0.0,1.0,0,0,1,0,3500.5
CE,de R$ 12.001/mês a R$ 16.000/mês,1.0,0.0,1.0,0,0,0,0,14000.5
ES,de R$ 12.001/mês a R$ 16.000/mês,1.0,0.0,1.0,0,0,0,0,14000.5
SP,de R$ 12.001/mês a R$ 16.000/mês,0.0,0.0,0.0,0,0,0,0,14000.5
SP,de R$ 6.001/mês a R$ 8.000/mês,1.0,0.0,1.0,0,0,0,0,7000.5
CE,de R$ 8.001/mês a R$ 12.000/mês,1.0,0.0,1.0,1,0,0,0,10000.5
CE,Não informado,0.0,0.0,0.0,0,0,0,0,10576.036405723906
GO,Não informado,0.0,0.0,0.0,0,0,0,0,10576.036405723906
ES,de R$ 6.001/mês a R$ 8.000/mês,1.0,0.0,0.0,0,0,0,0,7000.5
SP,Não informado,0.0,0.0,0.0,0,0,0,0,10576.036405723906
SP,de R$ 8.001/mês a R$ 12.000/mês,1.0,0.0,1.0,0,0,0,0,10000.5
RJ,de R$ 4.001/mês a R$ 6.000/mês,1.0,0.0,1.0,1,0,0,0,5000.5
SP,de R$ 6.001/mês a R$ 8.000/mês,1.0,0.0,1.0,0,0,0,0,7000.5
SP,de R$ 16.001/mês a R$ 20.000/mês,1.0,0.0,0.0,0,0,0,0,18000.5
SP,de R$ 12.001/mês a R$ 16.000/mês,0.0,1.0,0.0,0,0,0,0,14000.5
CE,Não informado,0.0,0.0,0.0,0,0,0,0,10576.036405723906
DF,de R$ 12.001/mês a R$ 16.000/mês,1.0,0.0,1.0,0,0,1,0,14000.5
CE,Não informado,0.0,0.0,0.0,0,0,0,0,10576.036405723906
SP,de R$ 12.001/mês a R$ 16.000/mês,1.0,0.0,1.0,0,0,1,0,14000.5
MG,de R$ 2.001/mês a R$ 3.000/mês,0.0,1.0,0.0,0,0,0,0,2500.5
MG,de R$ 6.001/mês a R$ 8.000/mês,1.0,0.0,0.0,0,0,0,0,7000.5
RJ,de R$ 1.001/mês a R$ 2.000/mês,0.0,1.0,0.0,0,0,0,0,1500.5
SP,de R$ 6.001/mês a R$ 8.000/mês,1.0,0.0,1.0,0,0,0,0,7000.5
MG,de R$ 12.001/mês a R$ 16.000/mês,1.0,0.0,1.0,1,0,0,0,14000.5
SP,de R$ 12.001/mês a R$ 16.000/mês,1.0,0.0,0.0,0,0,0,0,14000.5
SP,de R$ 16.001/mês a R$ 20.000/mês,0.0,0.0,0.0,0,0,0,0,18000.5
SP,de R$ 6.001/mês a R$ 8.000/mês,1.0,0.0,0.0,0,0,0,0,7000.5
MG,de R$ 1.001/mês a R$ 2.000/mês,0.0,1.0,0.0,0,0,0,0,1500.5
GO,de R$ 12.001/mês a R$ 16.000/mês,1.0,0.0,1.0,0,1,1,0,14000.5
SP,de R$ 8.001/mês a R$ 12.000/mês,1.0,0.0,1.0,1,0,0,0,10000.5
NI,de R$ 1.001/mês a R$ 2.000/mês,1.0,0.0,0.0,0,0,0,0,1500.5
SP,Acima de R$ 40.001/mês,0.0,1.0,0.0,0,0,0,0,50000.0
AM,de R$ 3.001/mês a R$ 4.000/mês,1.0,0.0,0.0,0,0,0,0,3500.5
RJ,de R$ 4.001/mês a R$ 6.000/mês,1.0,0.0,1.0,0,0,0,0,5000.5
PR,de R$ 8.001/mês a R$ 12.000/mês,1.0,0.0,1.0,0,0,0,0,10000.5
DF,de R$ 12.001/mês a R$ 16.000/mês,0.0,0.0,0.0,0,0,0,0,14000.5
SP,de R$ 8.001/mês a R$ 12.000/mês,1.0,0.0,1.0,0,0,0,0,10000.5
RJ,de R$ 8.001/mês a R$ 12.000/mês,1.0,0.0,1.0,0,0,1,0,10000.5
SP,de R$ 12.001/mês a R$ 16.000/mês,1.0,0.0,1.0,0,0,0,0,14000.5
SP,de R$ 12.001/mês a R$ 16.000/mês,1.0,0.0,1.0,0,1,1,0,14000.5
SP,Não informado,0.0,0.0,0.0,0,0,0,0,10576.036405723906
SP,de R$ 8.001/mês a R$ 12.000/mês,1.0,0.0,1.0,0,0,0,0,10000.5
SP,de R$ 8.001/mês a R$ 12.000/mês,1.0,0.0,1.0,1,0,0,0,10000.5
RJ,de R$ 2.001/mês a R$ 3.000/mês,0.0,1.0,0.0,0,0,0,0,2500.5
PB,de R$ 6.001/mês a R$ 8.000/mês,0.0,0.0,1.0,1,0,0,0,7000.5
PR,de R$ 6.001/mês a R$ 8.000/mês,0.0,0.0,0.0,0,0,0,0,7000.5
SP,de R$ 12.001/mês a R$ 16.000/mês,0.0,0.0,0.0,0,0,0,0,14000.5
SP,de R$ 4.001/mês a R$ 6.000/mês,0.0,1.0,0.0,0,0,0,0,5000.5
SP,de R$ 25.001/mês a R$ 30.000/mês,0.0,0.0,0.0,0,0,0,0,27500.5
MA,de R$ 1.001/mês a R$ 2.000/mês,0.0,0.0,1.0,0,0,0,0,1500.5
SP,de R$ 8.001/mês a R$ 12.000/mês,1.0,0.0,0.0,0,0,0,0,10000.5
CE,de R$ 1.001/mês a R$ 2.000/mês,0.0,0.0,0.0,0,0,0,0,1500.5
PR,de R$ 3.001/mês a R$ 4.000/mês,1.0,0.0,0.0,0,0,0,0,3500.5
BA,de R$ 6.001/mês a R$ 8.000/mês,0.0,1.0,0.0,0,0,0,0,7000.5
SP,de R$ 4.001/mês a R$ 6.000/mês,1.0,0.0,1.0,0,0,0,0,5000.5
SC,de R$ 12.001/mês a R$ 16.000/mês,1.0,0.0,1.0,1,0,0,0,14000.5
MG,de R$ 2.001/mês a R$ 3.000/mês,1.0,0.0,0.0,0,0,0,1,2500.5
RS,de R$ 6.001/mês a R$ 8.000/mês,1.0,0.0,1.0,0,0,0,0,7000.5
SP,de R$ 6.001/mês a R$ 8.000/mês,1.0,0.0,1.0,0,0,0,0,7000.5
ES,de R$ 16.001/mês a R$ 20.000/mês,1.0,0.0,1.0,0,0,0,0,18000.5
SP,de R$ 8.001/mês a R$ 12.000/mês,1.0,0.0,0.0,0,0,0,0,10000.5
SP,de R$ 6.001/mês a R$ 8.000/mês,1.0,0.0,0.0,0,0,0,0,7000.5
ES,Não informado,0.0,0.0,0.0,0,0,0,0,10576.036405723906
RJ,de R$ 4.001/mês a R$ 6.000/mês,1.0,0.0,1.0,0,0,0,0,5000.5
SP,de R$ 6.001/mês a R$ 8.000/mês,1.0,0.0,1.0,0,0,0,0,7000.5
DF,de R$ 20.001/mês a R$ 25.000/mês,0.0,0.0,0.0,0,0,0,0,22500.5
RS,de R$ 12.001/mês a R$ 16.000/mês,1.0,0.0,1.0,0,0,0,0,14000.5
SP,de R$ 6.001/mês a R$ 8.000/mês,1.0,0.0,1.0,0,0,0,0,7000.5
DF,Não informado,0.0,0.0,0.0,0,0,0,0,10576.036405723906
RS,de R$ 8.001/mês a R$ 12.000/mês,0.0,0.0,1.0,0,0,0,0,10000.5
RS,de R$ 4.001/mês a R$ 6.000/mês,1.0,0.0,1.0,1,0,1,0,5000.5
SE,de R$ 3.001/mês a R$ 4.000/mês,0.0,1.0,0.0,0,0,0,0,3500.5
SP,de R$ 12.001/mês a R$ 16.000/mês,1.0,0.0,1.0,0,0,0,0,14000.5
RJ,de R$ 8.001/mês a R$ 12.000/mês,0.0,0.0,0.0,0,0,0,0,10000.5
MG,de R$ 2.001/mês a R$ 3.000/mês,1.0,0.0,1.0,0,0,0,0,2500.5
RJ,de R$ 4.001/mês a R$ 6.000/mês,0.0,0.0,0.0,1,0,0,0,5000.5
SP,Não informado,0.0,0.0,0.0,0,0,0,0,10576.036405723906
SP,de R$ 30.001/mês a R$ 40.000/mês,0.0,0.0,0.0,0,0,0,0,35000.5
BA,de R$ 4.001/mês a R$ 6.000/mês,1.0,0.0,1.0,0,0,0,0,5000.5
SP,de R$ 2.001/mês a R$ 3.000/mês,1.0,0.0,1.0,1,0,0,0,2500.5
DF,de R$ 20.001/mês a R$ 25.000/mês,1.0,0.0,1.0,1,0,1,0,22500.5
SC,de R$ 25.001/mês a R$ 30.000/mês,1.0,0.0,1.0,0,0,0,0,27500.5
SP,de R$ 8.001/mês a R$ 12.000/mês,0.0,0.0,0.0,0,0,0,0,10000.5
SC,de R$ 8.001/mês a R$ 12.000/mês,1.0,0.0,1.0,0,0,0,0,10000.5
CE,de R$ 8.001/mês a R$ 12.000/mês,0.0,0.0,0.0,0,0,0,0,10000.5
PE,de R$ 8.001/mês a R$ 12.000/mês,1.0,0.0,1.0,0,0,0,0,10000.5
PR,de R$ 4.001/mês a R$ 6.000/mês,1.0,0.0,1.0,0,0,0,0,5000.5
MG,Não informado,0.0,0.0,0.0,0,0,0,0,10576.036405723906
SP,de R$ 16.001/mês a R$ 20.000/mês,0.0,0.0,0.0,0,0,0,0,18000.5
SP,de R$ 8.001/mês a R$ 12.000/mês,1.0,0.0,1.0,0,0,0,0,10000.5
MG,Não informado,0.0,0.0,0.0,0,0,0,0,10576.036405723906
DF,de R$ 16.001/mês a R$ 20.000/mês,0.0,0.0,0.0,0,0,0,0,18000.5
SP,de R$ 4.001/mês a R$ 6.000/mês,1.0,0.0,1.0,0,0,0,0,5000.5
BA,de R$ 8.001/mês a R$ 12.000/mês,1.0,0.0,1.0,0,0,0,0,10000.5
SP,de R$ 3.001/mês a R$ 4.000/mês,1.0,0.0,1.0,0,0,0,0,3500.5
PB,de R$ 16.001/mês a R$ 20.000/mês,1.0,0.0,1.0,0,0,0,0,18000.5
PE,Não informado,0.0,0.0,0.0,0,0,0,0,10576.036405723906
AM,de R$ 4.001/mês a R$ 6.000/mês,0.0,1.0,0.0,0,0,0,0,5000.5
RJ,de R$ 2.001/mês a R$ 3.000/mês,1.0,0.0,1.0,0,0,0,0,2500.5
SP,de R$ 20.001/mês a R$ 25.000/mês,1.0,0.0,1.0,1,0,0,0,22500.5
SP,de R$ 8.001/mês a R$ 12.000/mês,0.0,0.0,1.0,0,1,1,0,10000.5
PR,de R$ 6.001/mês a R$ 8.000/mês,1.0,0.0,1.0,0,0,1,0,7000.5
SP,de R$ 8.001/mês a R$ 12.000/mês,1.0,0.0,1.0,0,0,1,0,10000.5
RJ,Não informado,0.0,0.0,0.0,0,0,0,0,10576.036405723906
SP,de R$ 4.001/mês a R$ 6.000/mês,0.0,0.0,0.0,0,0,0,0,5000.5
NI,de R$ 8.001/mês a R$ 12.000/mês,1.0,0.0,1.0,0,0,1,0,10000.5
ES,de R$ 2.001/mês a R$ 3.000/mês,1.0,0.0,1.0,1,0,0,0,2500.5
SP,de R$ 2.001/mês a R$ 3.000/mês,1.0,0.0,0.0,1,0,0,0,2500.5
RS,de R$ 8.001/mês a R$ 12.000/mês,1.0,0.0,1.0,0,0,0,0,10000.5
SP,de R$ 1.001/mês a R$ 2.000/mês,0.0,0.0,1.0,0,0,0,1,1500.5
SC,Não informado,0.0,0.0,0.0,0,0,0,0,10576.036405723906
RS,de R$ 12.001/mês a R$ 16.000/mês,0.0,0.0,1.0,0,0,0,0,14000.5
MG,de R$ 8.001/mês a R$ 12.000/mês,1.0,0.0,1.0,0,0,0,0,10000.5
BA,de R$ 8.001/mês a R$ 12.000/mês,1.0,0.0,0.0,0,0,0,0,10000.5
PR,de R$ 30.001/mês a R$ 40.000/mês,0.0,0.0,0.0,0,0,0,0,35000.5
SP,de R$ 6.001/mês a R$ 8.000/mês,1.0,0.0,1.0,1,0,0,0,7000.5
PE,de R$ 4.001/mês a R$ 6.000/mês,1.0,0.0,1.0,0,0,0,0,5000.5
RJ,de R$ 25.001/mês a R$ 30.000/mês,0.0,0.0,0.0,0,0,0,0,27500.5
SP,de R$ 2.001/mês a R$ 3.000/mês,0.0,1.0,0.0,0,0,0,0,2500.5
MG,de R$ 4.001/mês a R$ 6.000/mês,0.0,1.0,0.0,0,0,0,0,5000.5
NI,de R$ 25.001/mês a R$ 30.000/mês,1.0,0.0,1.0,0,0,0,0,27500.5
SP,de R$ 6.001/mês a R$ 8.000/mês,1.0,0.0,0.0,0,0,0,0,7000.5
RS,de R$ 4.001/mês a R$ 6.000/mês,1.0,0.0,1.0,1,0,0,0,5000.5
SP,Não informado,0.0,0.0,0.0,0,0,0,0,10576.036405723906
SP,de R$ 8.001/mês a R$ 12.000/mês,1.0,0.0,1.0,0,0,0,0,10000.5
DF,de R$ 12.001/mês a R$ 16.000/mês,1.0,0.0,1.0,0,1,1,0,14000.5
SP,de R$ 1.001/mês a R$ 2.000/mês,0.0,1.0,0.0,0,0,0,0,1500.5
BA,de R$ 8.001/mês a R$ 12.000/mês,0.0,0.0,0.0,0,0,0,0,10000.5
SC,de R$ 6.001/mês a R$ 8.000/mês,1.0,0.0,1.0,0,0,0,0,7000.5
PR,de R$ 6.001/mês a R$ 8.000/mês,1.0,0.0,1.0,1,0,1,0,7000.5
RJ,de R$ 30.001/mês a R$ 40.000/mês,0.0,0.0,0.0,0,0,0,0,35000.5
SP,de R$ 8.001/mês a R$ 12.000/mês,0.0,0.0,0.0,0,0,0,0,10000.5
PR,de R$ 25.001/mês a R$ 30.000/mês,0.0,0.0,0.0,0,0,0,0,27500.5
RJ,de R$ 20.001/mês a R$ 25.000/mês,0.0,0.0,0.0,0,0,0,0,22500.5
RJ,de R$ 4.001/mês a R$ 6.000/mês,1.0,0.0,1.0,0,0,0,0,5000.5
MS,de R$ 8.001/mês a R$ 12.000/mês,0.0,0.0,0.0,0,0,0,0,10000.5
SP,de R$ 8.001/mês a R$ 12.000/mês,1.0,0.0,0.0,0,0,0,0,10000.5
PR,de R$ 16.001/mês a R$ 20.000/mês,0.0,0.0,0.0,0,0,0,0,18000.5
SP,de R$ 20.001/mês a R$ 25.000/mês,1.0,0.0,1.0,0,0,1,1,22500.5
PE,de R$ 12.001/mês a R$ 16.000/mês,1.0,0.0,1.0,0,0,0,0,14000.5
SP,de R$ 16.001/mês a R$ 20.000/mês,0.0,0.0,0.0,0,0,0,0,18000.5
PB,de R$ 8.001/mês a R$ 12.000/mês,1.0,0.0,1.0,1,0,0,0,10000.5
SP,de R$ 16.001/mês a R$ 20.000/mês,1.0,0.0,1.0,0,0,0,0,18000.5
SP,de R$ 1.001/mês a R$ 2.000/mês,1.0,0.0,1.0,1,0,0,0,1500.5
SP,de R$ 16.001/mês a R$ 20.000/mês,1.0,0.0,1.0,0,0,0,0,18000.5
RS,de R$ 8.001/mês a R$ 12.000/mês,1.0,0.0,1.0,0,0,0,0,10000.5
SP,de R$ 1.001/mês a R$ 2.000/mês,1.0,0.0,1.0,0,0,1,0,1500.5
SP,de R$ 8.001/mês a R$ 12.000/mês,0.0,0.0,0.0,0,0,0,0,10000.5
SP,de R$ 4.001/mês a R$ 6.000/mês,1.0,0.0,1.0,0,0,0,0,5000.5
SP,de R$ 3.001/mês a R$ 4.000/mês,1.0,0.0,0.0,0,0,1,0,3500.5
MG,de R$ 2.001/mês a R$ 3.000/mês,1.0,0.0,1.0,1,0,0,0,2500.5
TO,de R$ 1.001/mês a R$ 2.000/mês,0.0,0.0,0.0,0,0,0,0,1500.5
RJ,de R$ 8.001/mês a R$ 12.000/mês,1.0,0.0,1.0,0,0,0,0,10000.5
SP,Não informado,0.0,0.0,0.0,0,0,0,0,10576.036405723906
SP,de R$ 16.001/mês a R$ 20.000/mês,0.0,0.0,0.0,0,0,0,0,18000.5
MS,de R$ 4.001/mês a R$ 6.000/mês,1.0,0.0,1.0,0,0,0,0,5000.5
SP,Não informado,0.0,0.0,0.0,0,0,0,0,10576.036405723906
SP,Não informado,0.0,0.0,0.0,0,0,0,0,10576.036405723906
PI,de R$ 12.001/mês a R$ 16.000/mês,0.0,0.0,0.0,0,0,0,0,14000.5
GO,de R$ 3.001/mês a R$ 4.000/mês,1.0,0.0,1.0,0,0,0,0,3500.5
BA,Não informado,0.0,0.0,0.0,0,0,0,0,10576.036405723906
PR,de R$ 4.001/mês a R$ 6.000/mês,1.0,0.0,1.0,0,0,0,0,5000.5
RS,Não informado,0.0,0.0,0.0,0,0,0,0,10576.036405723906
SP,de R$ 16.001/mês a R$ 20.000/mês,0.0,0.0,0.0,0,0,0,0,18000.5
DF,de R$ 12.001/mês a R$ 16.000/mês,0.0,0.0,0.0,0,0,0,0,14000.5
SP,de R$ 8.001/mês a R$ 12.000/mês,0.0,0.0,0.0,0,0,0,0,10000.5
NI,de R$ 12.001/mês a R$ 16.000/mês,1.0,0.0,1.0,0,0,0,0,14000.5
MT,de R$ 16.001/mês a R$ 20.000/mês,0.0,0.0,0.0,0,0,0,0,18000.5
CE,Não informado,0.0,0.0,0.0,0,0,0,0,10576.036405723906
SC,de R$ 12.001/mês a R$ 16.000/mês,1.0,0.0,1.0,0,0,1,0,14000.5
SP,de R$ 8.001/mês a R$ 12.000/mês,1.0,0.0,1.0,1,0,1,0,10000.5
SP,de R$ 3.001/mês a R$ 4.000/mês,0.0,0.0,0.0,0,0,0,0,3500.5
SP,de R$ 6.001/mês a R$ 8.000/mês,1.0,0.0,1.0,0,0,0,0,7000.5
SP,de R$ 4.001/mês a R$ 6.000/mês,1.0,0.0,0.0,0,0,1,0,5000.5
SP,de R$ 8.001/mês a R$ 12.000/mês,1.0,0.0,1.0,0,0,0,0,10000.5
DF,de R$ 8.001/mês a R$ 12.000/mês,1.0,0.0,1.0,0,1,1,1,10000.5
SP,de R$ 2.001/mês a R$ 3.000/mês,1.0,0.0,1.0,1,0,1,0,2500.5
SP,de R$ 6.001/mês a R$ 8.000/mês,1.0,0.0,1.0,0,0,0,0,7000.5
PR,de R$ 16.001/mês a R$ 20.000/mês,1.0,0.0,1.0,0,0,0,0,18000.5
SP,de R$ 12.001/mês a R$ 16.000/mês,1.0,0.0,1.0,0,0,0,0,14000.5
SP,de R$ 4.001/mês a R$ 6.000/mês,1.0,0.0,1.0,0,0,0,0,5000.5
SP,de R$ 16.001/mês a R$ 20.000/mês,0.0,0.0,0.0,0,0,0,0,18000.5
BA,de R$ 4.001/mês a R$ 6.000/mês,1.0,0.0,0.0,1,0,0,0,5000.5
RN,de R$ 30.001/mês a R$ 40.000/mês,1.0,0.0,1.0,1,0,0,0,35000.5
PR,de R$ 4.001/mês a R$ 6.000/mês,1.0,0.0,1.0,0,1,1,0,5000.5
SP,de R$ 16.001/mês a R$ 20.000/mês,0.0,0.0,0.0,0,0,0,0,18000.5
MG,de R$ 8.001/mês a R$ 12.000/mês,0.0,0.0,0.0,0,0,0,0,10000.5
SP,de R$ 2.001/mês a R$ 3.000/mês,1.0,0.0,1.0,0,0,0,0,2500.5
PR,de R$ 6.001/mês a R$ 8.000/mês,1.0,0.0,1.0,0,0,0,0,7000.5
PR,de R$ 3.001/mês a R$ 4.000/mês,1.0,0.0,1.0,0,0,0,0,3500.5
NI,de R$ 20.001/mês a R$ 25.000/mês,1.0,0.0,1.0,0,0,0,0,22500.5
MG,de R$ 16.001/mês a R$ 20.000/mês,1.0,0.0,1.0,0,0,0,0,18000.5
SP,de R$ 8.001/mês a R$ 12.000/mês,0.0,0.0,1.0,1,0,0,0,10000.5
RS,de R$ 4.001/mês a R$ 6.000/mês,1.0,0.0,1.0,0,0,0,0,5000.5
BA,de R$ 1.001/mês a R$ 2.000/mês,0.0,0.0,1.0,0,0,0,0,1500.5
MG,de R$ 6.001/mês a R$ 8.000/mês,0.0,0.0,0.0,0,0,0,0,7000.5
SP,de R$ 12.001/mês a R$ 16.000/mês,1.0,0.0,1.0,0,0,0,0,14000.5
SP,de R$ 4.001/mês a R$ 6.000/mês,0.0,0.0,0.0,0,1,1,0,5000.5
SP,de R$ 20.001/mês a R$ 25.000/mês,0.0,0.0,0.0,0,0,0,0,22500.5
SP,de R$ 6.001/mês a R$ 8.000/mês,1.0,0.0,1.0,0,0,0,0,7000.5
SP,de R$ 2.001/mês a R$ 3.000/mês,1.0,0.0,1.0,0,0,0,0,2500.5
PR,de R$ 8.001/mês a R$ 12.000/mês,0.0,0.0,0.0,0,0,0,0,10000.5
RJ,de R$ 3.001/mês a R$ 4.000/mês,1.0,0.0,1.0,0,0,1,0,3500.5
SP,de R$ 1.001/mês a R$ 2.000/mês,1.0,0.0,1.0,0,1,0,0,1500.5
BA,de R$ 1.001/mês a R$ 2.000/mês,0.0,1.0,0.0,0,0,0,0,1500.5
SC,de R$ 4.001/mês a R$ 6.000/mês,0.0,0.0,1.0,0,0,0,0,5000.5
PR,de R$ 8.001/mês a R$ 12.000/mês,1.0,0.0,0.0,0,0,0,0,10000.5
PE,de R$ 8.001/mês a R$ 12.000/mês,1.0,0.0,1.0,0,0,0,0,10000.5
PR,de R$ 3.001/mês a R$ 4.000/mês,0.0,0.0,1.0,0,0,0,0,3500.5
SP,de R$ 16.001/mês a R$ 20.000/mês,0.0,0.0,0.0,0,0,0,0,18000.5
SP,de R$ 4.001/mês a R$ 6.000/mês,1.0,0.0,0.0,0,0,0,0,5000.5
SP,de R$ 1.001/mês a R$ 2.000/mês,1.0,0.0,1.0,0,0,0,0,1500.5
SP,de R$ 12.001/mês a R$ 16.000/mês,1.0,0.0,1.0,1,0,0,0,14000.5
SP,de R$ 30.001/mês a R$ 40.000/mês,1.0,0.0,1.0,0,0,0,0,35000.5
SP,de R$ 6.001/mês a R$ 8.000/mês,1.0,0.0,1.0,0,0,0,0,7000.5
RJ,de R$ 12.001/mês a R$ 16.000/mês,1.0,0.0,1.0,0,0,0,0,14000.5
SP,de R$ 2.001/mês a R$ 3.000/mês,1.0,0.0,1.0,0,0,0,0,2500.5
SP,de R$ 12.001/mês a R$ 16.000/mês,1.0,0.0,0.0,0,0,1,0,14000.5
MG,de R$ 8.001/mês a R$ 12.000/mês,1.0,0.0,1.0,0,0,0,0,10000.5
SP,de R$ 4.001/mês a R$ 6.000/mês,0.0,1.0,0.0,0,0,0,0,5000.5
RS,de R$ 1.001/mês a R$ 2.000/mês,1.0,0.0,1.0,0,0,0,0,1500.5
SP,de R$ 8.001/mês a R$ 12.000/mês,0.0,0.0,0.0,0,0,0,0,10000.5
PR,de R$ 4.001/mês a R$ 6.000/mês,1.0,0.0,0.0,0,0,0,0,5000.5
SP,Não informado,0.0,0.0,0.0,0,0,0,0,10576.036405723906
SP,de R$ 4.001/mês a R$ 6.000/mês,1.0,0.0,0.0,0,0,0,0,5000.5
SP,de R$ 25.001/mês a R$ 30.000/mês,0.0,0.0,1.0,0,0,0,0,27500.5
SP,de R$ 2.001/mês a R$ 3.000/mês,1.0,0.0,0.0,0,0,0,0,2500.5
MS,de R$ 1.001/mês a R$ 2.000/mês,1.0,0.0,0.0,1,0,0,0,1500.5
SP,de R$ 12.001/mês a R$ 16.000/mês,0.0,0.0,0.0,0,0,0,0,14000.5
MG,de R$ 2.001/mês a R$ 3.000/mês,1.0,0.0,1.0,1,0,1,1,2500.5
MS,de R$ 8.001/mês a R$ 12.000/mês,1.0,0.0,0.0,0,0,0,0,10000.5
BA,Não informado,0.0,0.0,0.0,0,0,0,0,10576.036405723906
AM,de R$ 3.001/mês a R$ 4.000/mês,0.0,1.0,0.0,0,0,0,0,3500.5
DF,de R$ 20.001/mês a R$ 25.000/mês,0.0,0.0,0.0,0,0,0,0,22500.5
SP,de R$ 16.001/mês a R$ 20.000/mês,0.0,0.0,0.0,0,0,0,0,18000.5
SP,de R$ 8.001/mês a R$ 12.000/mês,1.0,0.0,0.0,0,0,0,0,10000.5
SP,de R$ 6.001/mês a R$ 8.000/mês,1.0,0.0,1.0,0,0,0,0,7000.5
SP,de R$ 16.001/mês a R$ 20.000/mês,0.0,0.0,0.0,0,0,0,0,18000.5
ES,de R$ 6.001/mês a R$ 8.000/mês,1.0,0.0,1.0,0,0,0,0,7000.5
MG,de R$ 8.001/mês a R$ 12.000/mês,1.0,0.0,1.0,1,0,0,0,10000.5
MG,de R$ 8.001/mês a R$ 12.000/mês,1.0,0.0,0.0,0,0,1,0,10000.5
SP,de R$ 6.001/mês a R$ 8.000/mês,0.0,0.0,0.0,0,0,0,0,7000.5
PR,de R$ 1.001/mês a R$ 2.000/mês,1.0,0.0,1.0,0,0,0,0,1500.5
SP,de R$ 16.001/mês a R$ 20.000/mês,1.0,0.0,1.0,0,0,0,0,18000.5
SC,Acima de R$ 40.001/mês,0.0,0.0,0.0,0,0,0,0,50000.0
MG,Acima de R$ 40.001/mês,0.0,0.0,0.0,0,0,0,0,50000.0
SP,de R$ 12.001/mês a R$ 16.000/mês,1.0,0.0,1.0,0,0,0,0,14000.5
NI,Acima de R$ 40.001/mês,1.0,0.0,1.0,0,0,0,0,50000.0
RS,de R$ 8.001/mês a R$ 12.000/mês,1.0,0.0,1.0,1,0,0,0,10000.5
RJ,de R$ 3.001/mês a R$ 4.000/mês,1.0,0.0,1.0,0,0,1,0,3500.5
SP,de R$ 4.001/mês a R$ 6.000/mês,0.0,0.0,1.0,0,0,0,0,5000.5
SP,de R$ 4.001/mês a R$ 6.000/mês,1.0,0.0,1.0,0,0,1,0,5000.5
SP,de R$ 4.001/mês a R$ 6.000/mês,1.0,0.0,1.0,0,0,0,0,5000.5
GO,de R$ 4.001/mês a R$ 6.000/mês,1.0,0.0,1.0,0,0,0,0,5000.5
SP,de R$ 12.001/mês a R$ 16.000/mês,1.0,0.0,1.0,0,0,0,0,14000.5
SP,de R$ 4.001/mês a R$ 6.000/mês,1.0,0.0,1.0,0,0,0,0,5000.5
MT,de R$ 16.001/mês a R$ 20.000/mês,1.0,0.0,0.0,1,0,0,0,18000.5
SP,de R$ 12.001/mês a R$ 16.000/mês,1.0,0.0,0.0,1,0,0,0,14000.5
SP,de R$ 4.001/mês a R$ 6.000/mês,1.0,0.0,0.0,0,0,0,0,5000.5
RJ,de R$ 2.001/mês a R$ 3.000/mês,0.0,0.0,0.0,0,0,0,0,2500.5
SP,de R$ 8.001/mês a R$ 12.000/mês,1.0,0.0,1.0,0,0,0,0,10000.5
RS,Não informado,0.0,0.0,0.0,0,0,0,0,10576.036405723906
DF,de R$ 16.001/mês a R$ 20.000/mês,0.0,0.0,1.0,1,0,0,0,18000.5
RJ,de R$ 8.001/mês a R$ 12.000/mês,1.0,0.0,0.0,0,1,1,0,10000.5
SP,de R$ 20.001/mês a R$ 25.000/mês,1.0,0.0,1.0,0,0,0,0,22500.5
DF,de R$ 8.001/mês a R$ 12.000/mês,1.0,0.0,1.0,0,0,1,0,10000.5
MG,de R$ 8.001/mês a R$ 12.000/mês,0.0,0.0,0.0,0,0,0,0,10000.5
SC,de R$ 3.001/mês a R$ 4.000/mês,1.0,0.0,0.0,0,0,0,0,3500.5
SP,de R$ 8.001/mês a R$ 12.000/mês,1.0,0.0,1.0,0,0,0,0,10000.5
BA,de R$ 12.001/mês a R$ 16.000/mês,1.0,0.0,0.0,0,0,0,0,14000.5
SP,de R$ 1.001/mês a R$ 2.000/mês,0.0,0.0,0.0,0,0,1,0,1500.5
SP,de R$ 12.001/mês a R$ 16.000/mês,1.0,0.0,0.0,1,0,0,0,14000.5
SP,de R$ 16.001/mês a R$ 20.000/mês,0.0,0.0,0.0,0,0,0,0,18000.5
MG,de R$ 4.001/mês a R$ 6.000/mês,1.0,0.0,1.0,0,0,0,0,5000.5
NI,de R$ 12.001/mês a R$ 16.000/mês,1.0,0.0,1.0,1,0,0,0,14000.5
MG,de R$ 16.001/mês a R$ 20.000/mês,1.0,0.0,1.0,0,0,0,0,18000.5
BA,Não informado,0.0,0.0,0.0,0,0,0,0,10576.036405723906
SP,de R$ 12.001/mês a R$ 16.000/mês,0.0,0.0,0.0,0,0,0,0,14000.5
SP,Acima de R$ 40.001/mês,0.0,0.0,0.0,0,0,0,0,50000.0
NI,Não informado,0.0,0.0,0.0,0,0,0,0,10576.036405723906
PE,de R$ 2.001/mês a R$ 3.000/mês,1.0,0.0,0.0,0,0,0,0,2500.5
SP,de R$ 1.001/mês a R$ 2.000/mês,0.0,1.0,0.0,0,0,0,0,1500.5
SP,de R$ 30.001/mês a R$ 40.000/mês,0.0,0.0,1.0,0,0,0,0,35000.5
RS,de R$ 3.001/mês a R$ 4.000/mês,0.0,0.0,0.0,0,0,0,0,3500.5
RS,de R$ 20.001/mês a R$ 25.000/mês,0.0,0.0,0.0,0,0,0,0,22500.5
PR,de R$ 20.001/mês a R$ 25.000/mês,0.0,0.0,0.0,0,0,0,0,22500.5
SP,de R$ 12.001/mês a R$ 16.000/mês,0.0,0.0,1.0,0,0,0,0,14000.5
SP,de R$ 12.001/mês a R$ 16.000/mês,1.0,0.0,1.0,1,0,0,0,14000.5
CE,de R$ 6.001/mês a R$ 8.000/mês,0.0,0.0,1.0,0,0,0,0,7000.5
SP,de R$ 20.001/mês a R$ 25.000/mês,1.0,0.0,1.0,0,0,0,0,22500.5
SP,Acima de R$ 40.001/mês,0.0,0.0,0.0,0,0,0,0,50000.0
SP,de R$ 4.001/mês a R$ 6.000/mês,1.0,0.0,1.0,0,0,0,0,5000.5
MG,de R$ 6.001/mês a R$ 8.000/mês,1.0,0.0,1.0,1,0,0,0,7000.5
SP,de R$ 8.001/mês a R$ 12.000/mês,1.0,0.0,1.0,0,0,0,0,10000.5
SP,de R$ 8.001/mês a R$ 12.000/mês,0.0,0.0,1.0,0,0,0,0,10000.5
SP,Não informado,0.0,0.0,0.0,0,0,0,0,10576.036405723906
PR,de R$ 8.001/mês a R$ 12.000/mês,1.0,0.0,1.0,0,0,0,0,10000.5
SP,de R$ 12.001/mês a R$ 16.000/mês,1.0,0.0,1.0,1,0,0,0,14000.5
SP,de R$ 6.001/mês a R$ 8.000/mês,1.0,0.0,1.0,1,0,0,0,7000.5
SP,de R$ 6.001/mês a R$ 8.000/mês,0.0,1.0,0.0,0,0,0,0,7000.5
SP,Acima de R$ 40.001/mês,0.0,0.0,0.0,0,0,0,0,50000.0
NI,Não informado,0.0,0.0,0.0,0,0,0,0,10576.036405723906
PR,de R$ 1.001/mês a R$ 2.000/mês,1.0,0.0,0.0,0,0,0,0,1500.5
SP,de R$ 2.001/mês a R$ 3.000/mês,1.0,0.0,1.0,0,0,1,0,2500.5
PI,de R$ 2.001/mês a R$ 3.000/mês,1.0,0.0,0.0,0,0,0,0,2500.5
RJ,de R$ 8.001/mês a R$ 12.000/mês,0.0,0.0,0.0,0,0,0,0,10000.5
RJ,de R$ 8.001/mês a R$ 12.000/mês,1.0,0.0,1.0,1,0,0,1,10000.5
PR,de R$ 12.001/mês a R$ 16.000/mês,1.0,0.0,0.0,0,0,0,0,14000.5
RN,de R$ 3.001/mês a R$ 4.000/mês,1.0,0.0,1.0,0,1,1,0,3500.5
PR,Não informado,0.0,0.0,0.0,0,0,0,0,10576.036405723906
MG,de R$ 8.001/mês a R$ 12.000/mês,1.0,0.0,1.0,0,0,0,0,10000.5
SC,de R$ 4.001/mês a R$ 6.000/mês,0.0,0.0,0.0,0,0,0,0,5000.5
MG,de R$ 16.001/mês a R$ 20.000/mês,0.0,0.0,0.0,0,0,0,0,18000.5
CE,de R$ 3.001/mês a R$ 4.000/mês,1.0,0.0,0.0,0,0,0,0,3500.5
RJ,de R$ 6.001/mês a R$ 8.000/mês,1.0,0.0,1.0,0,0,0,0,7000.5
RJ,de R$ 6.001/mês a R$ 8.000/mês,1.0,0.0,0.0,0,0,0,0,7000.5
MA,Não informado,0.0,0.0,0.0,0,0,0,0,10576.036405723906
SP,de R$ 16.001/mês a R$ 20.000/mês,1.0,0.0,1.0,0,0,0,0,18000.5
MT,Não informado,0.0,0.0,0.0,0,0,0,0,10576.036405723906
MG,de R$ 8.001/mês a R$ 12.000/mês,1.0,0.0,1.0,0,0,0,0,10000.5
PR,de R$ 8.001/mês a R$ 12.000/mês,1.0,0.0,0.0,0,0,0,0,10000.5
MG,de R$ 8.001/mês a R$ 12.000/mês,0.0,0.0,0.0,0,0,0,0,10000.5
SP,de R$ 4.001/mês a R$ 6.000/mês,1.0,0.0,1.0,0,0,0,0,5000.5
SP,de R$ 12.001/mês a R$ 16.000/mês,1.0,0.0,1.0,0,0,0,0,14000.5
RJ,de R$ 4.001/mês a R$ 6.000/mês,1.0,0.0,1.0,0,0,0,0,5000.5
SP,de R$ 6.001/mês a R$ 8.000/mês,1.0,0.0,0.0,1,0,0,0,7000.5
SP,de R$ 16.001/mês a R$ 20.000/mês,0.0,0.0,0.0,0,0,0,0,18000.5
CE,de R$ 12.001/mês a R$ 16.000/mês,0.0,0.0,0.0,0,0,0,0,14000.5
MT,de R$ 6.001/mês a R$ 8.000/mês,1.0,0.0,1.0,0,0,0,0,7000.5
MG,de R$ 3.001/mês a R$ 4.000/mês,1.0,0.0,1.0,1,0,0,0,3500.5
ES,de R$ 3.001/mês a R$ 4.000/mês,1.0,0.0,1.0,0,0,1,0,3500.5
SP,de R$ 2.001/mês a R$ 3.000/mês,0.0,1.0,0.0,0,0,0,0,2500.5
SP,de R$ 6.001/mês a R$ 8.000/mês,1.0,0.0,0.0,0,0,0,0,7000.5
SP,de R$ 12.001/mês a R$ 16.000/mês,1.0,0.0,1.0,1,0,0,0,14000.5
MG,de R$ 2.001/mês a R$ 3.000/mês,1.0,0.0,1.0,1,0,0,0,2500.5
MG,de R$ 25.001/mês a R$ 30.000/mês,1.0,0.0,0.0,0,0,0,0,27500.5
PR,de R$ 2.001/mês a R$ 3.000/mês,0.0,1.0,0.0,0,1,1,0,2500.5
PR,de R$ 8.001/mês a R$ 12.000/mês,0.0,0.0,1.0,1,0,0,0,10000.5
SE,Não informado,0.0,0.0,0.0,0,0,0,0,10576.036405723906
NI,Não informado,0.0,0.0,0.0,0,0,0,0,10576.036405723906
RJ,de R$ 8.001/mês a R$ 12.000/mês,1.0,0.0,0.0,0,0,0,0,10000.5
SP,de R$ 20.001/mês a R$ 25.000/mês,0.0,0.0,0.0,0,0,0,0,22500.5
MG,de R$ 4.001/mês a R$ 6.000/mês,1.0,0.0,1.0,1,0,0,0,5000.5
SP,de R$ 4.001/mês a R$ 6.000/mês,0.0,0.0,1.0,0,0,0,0,5000.5
RJ,de R$ 20.001/mês a R$ 25.000/mês,1.0,0.0,1.0,0,0,0,0,22500.5
MG,de R$ 6.001/mês a R$ 8.000/mês,1.0,0.0,1.0,0,0,0,0,7000.5
MG,de R$ 1.001/mês a R$ 2.000/mês,0.0,0.0,1.0,0,0,0,0,1500.5
PR,de R$ 12.001/mês a R$ 16.000/mês,1.0,0.0,1.0,1,0,0,1,14000.5
SP,de R$ 12.001/mês a R$ 16.000/mês,1.0,0.0,1.0,0,0,0,0,14000.5
CE,Não informado,0.0,0.0,0.0,0,0,0,0,10576.036405723906
SP,de R$ 30.001/mês a R$ 40.000/mês,1.0,0.0,1.0,0,1,1,0,35000.5
MG,de R$ 3.001/mês a R$ 4.000/mês,1.0,0.0,0.0,0,0,0,0,3500.5
SP,Não informado,0.0,0.0,0.0,0,0,0,0,10576.036405723906
SP,Não informado,0.0,0.0,0.0,0,0,0,0,10576.036405723906
SP,de R$ 4.001/mês a R$ 6.000/mês,1.0,0.0,0.0,0,1,1,0,5000.5
SP,de R$ 12.001/mês a R$ 16.000/mês,0.0,0.0,0.0,0,0,0,0,14000.5
SP,de R$ 30.001/mês a R$ 40.000/mês,1.0,0.0,1.0,1,0,0,0,35000.5
SP,Não informado,0.0,0.0,0.0,0,0,0,0,10576.036405723906
SC,Não informado,0.0,0.0,0.0,0,0,0,0,10576.036405723906
MG,de R$ 4.001/mês a R$ 6.000/mês,0.0,1.0,0.0,0,0,0,0,5000.5
SC,de R$ 12.001/mês a R$ 16.000/mês,1.0,0.0,1.0,0,0,0,0,14000.5
SP,Não informado,0.0,0.0,0.0,0,0,0,0,10576.036405723906
NI,de R$ 6.001/mês a R$ 8.000/mês,1.0,0.0,1.0,0,0,1,0,7000.5
SP,Acima de R$ 40.001/mês,1.0,0.0,1.0,1,0,1,1,50000.0
SP,de R$ 16.001/mês a R$ 20.000/mês,0.0,0.0,0.0,0,0,0,0,18000.5
GO,de R$ 8.001/mês a R$ 12.000/mês,1.0,0.0,1.0,0,0,0,0,10000.5
SP,de R$ 8.001/mês a R$ 12.000/mês,1.0,0.0,1.0,0,0,0,0,10000.5
SP,de R$ 16.001/mês a R$ 20.000/mês,1.0,0.0,1.0,1,0,1,0,18000.5
NI,de R$ 8.001/mês a R$ 12.000/mês,1.0,0.0,1.0,1,0,0,0,10000.5
MG,de R$ 3.001/mês a R$ 4.000/mês,1.0,0.0,1.0,0,0,0,0,3500.5
RS,de R$ 8.001/mês a R$ 12.000/mês,1.0,0.0,0.0,0,0,0,0,10000.5
SE,de R$ 8.001/mês a R$ 12.000/mês,1.0,0.0,1.0,0,0,0,0,10000.5
MG,Acima de R$ 40.001/mês,0.0,0.0,0.0,0,0,0,0,50000.0
SP,de R$ 12.001/mês a R$ 16.000/mês,1.0,0.0,1.0,0,0,0,0,14000.5
BA,de R$ 8.001/mês a R$ 12.000/mês,1.0,0.0,1.0,0,0,1,0,10000.5
SP,de R$ 8.001/mês a R$ 12.000/mês,0.0,0.0,0.0,0,0,0,0,10000.5
NI,Acima de R$ 40.001/mês,0.0,0.0,0.0,0,0,0,0,50000.0
SP,de R$ 8.001/mês a R$ 12.000/mês,1.0,0.0,1.0,1,0,0,0,10000.5
AM,de R$ 4.001/mês a R$ 6.000/mês,0.0,0.0,1.0,0,0,0,0,5000.5
RJ,de R$ 12.001/mês a R$ 16.000/mês,0.0,0.0,0.0,0,0,0,0,14000.5
SP,de R$ 4.001/mês a R$ 6.000/mês,0.0,1.0,0.0,0,0,0,0,5000.5
MG,de R$ 3.001/mês a R$ 4.000/mês,0.0,0.0,0.0,0,0,1,0,3500.5
DF,de R$ 16.001/mês a R$ 20.000/mês,1.0,0.0,1.0,0,0,0,0,18000.5
RN,Não informado,0.0,0.0,0.0,0,0,0,0,10576.036405723906
GO,de R$ 4.001/mês a R$ 6.000/mês,1.0,0.0,0.0,0,0,0,0,5000.5
PR,Não informado,0.0,0.0,0.0,0,0,0,0,10576.036405723906
SP,de R$ 8.001/mês a R$ 12.000/mês,0.0,0.0,1.0,1,0,0,0,10000.5
PR,de R$ 3.001/mês a R$ 4.000/mês,1.0,0.0,0.0,0,0,0,0,3500.5
SP,de R$ 4.001/mês a R$ 6.000/mês,0.0,1.0,0.0,0,0,0,0,5000.5
SP,de R$ 6.001/mês a R$ 8.000/mês,1.0,0.0,1.0,0,0,0,0,7000.5
SP,de R$ 4.001/mês a R$ 6.000/mês,1.0,0.0,1.0,1,0,0,0,5000.5
SP,de R$ 12.001/mês a R$ 16.000/mês,1.0,0.0,1.0,0,0,0,0,14000.5
CE,de R$ 8.001/mês a R$ 12.000/mês,1.0,0.0,1.0,0,0,0,0,10000.5
SP,de R$ 3.001/mês a R$ 4.000/mês,1.0,0.0,1.0,1,0,0,0,3500.5
GO,de R$ 16.001/mês a R$ 20.000/mês,1.0,0.0,1.0,0,0,0,0,18000.5
CE,de R$ 4.001/mês a R$ 6.000/mês,1.0,0.0,0.0,0,0,0,0,5000.5
CE,de R$ 2.001/mês a R$ 3.000/mês,1.0,0.0,0.0,0,0,0,0,2500.5
MG,de R$ 8.001/mês a R$ 12.000/mês,1.0,0.0,1.0,1,0,0,0,10000.5
PR,de R$ 1.001/mês a R$ 2.000/mês,0.0,0.0,1.0,0,0,0,0,1500.5
PR,de R$ 16.001/mês a R$ 20.000/mês,0.0,0.0,0.0,0,0,0,0,18000.5
SP,de R$ 8.001/mês a R$ 12.000/mês,1.0,0.0,1.0,0,0,0,0,10000.5
MG,de R$ 20.001/mês a R$ 25.000/mês,0.0,0.0,0.0,0,0,0,0,22500.5
RS,Não informado,0.0,0.0,0.0,0,0,0,0,10576.036405723906
SP,Não informado,0.0,0.0,0.0,0,0,0,0,10576.036405723906
GO,de R$ 20.001/mês a R$ 25.000/mês,0.0,0.0,0.0,0,0,0,0,22500.5
SP,de R$ 3.001/mês a R$ 4.000/mês,0.0,1.0,0.0,0,0,0,0,3500.5
SP,de R$ 20.001/mês a R$ 25.000/mês,0.0,0.0,0.0,0,0,0,0,22500.5
SP,Acima de R$ 40.001/mês,0.0,0.0,0.0,0,0,0,0,50000.0
NI,de R$ 16.001/mês a R$ 20.000/mês,0.0,0.0,0.0,0,0,0,0,18000.5
MG,de R$ 25.001/mês a R$ 30.000/mês,0.0,0.0,0.0,0,0,0,0,27500.5
SP,de R$ 25.001/mês a R$ 30.000/mês,0.0,0.0,0.0,0,0,0,0,27500.5
RJ,de R$ 2.001/mês a R$ 3.000/mês,0.0,0.0,0.0,0,0,1,1,2500.5
SP,de R$ 8.001/mês a R$ 12.000/mês,1.0,0.0,1.0,0,0,0,0,10000.5
NI,de R$ 12.001/mês a R$ 16.000/mês,1.0,0.0,1.0,0,0,0,0,14000.5
SP,de R$ 8.001/mês a R$ 12.000/mês,1.0,0.0,1.0,0,0,0,0,10000.5
SP,de R$ 12.001/mês a R$ 16.000/mês,0.0,0.0,1.0,0,0,0,0,14000.5
GO,de R$ 1.001/mês a R$ 2.000/mês,1.0,0.0,1.0,1,0,0,0,1500.5
PB,Não informado,0.0,0.0,0.0,0,0,0,0,10576.036405723906
SP,de R$ 20.001/mês a R$ 25.000/mês,1.0,0.0,1.0,0,0,0,0,22500.5
MG,de R$ 25.001/mês a R$ 30.000/mês,0.0,0.0,0.0,0,0,0,0,27500.5
BA,de R$ 6.001/mês a R$ 8.000/mês,1.0,0.0,1.0,0,0,0,0,7000.5
PR,de R$ 12.001/mês a R$ 16.000/mês,1.0,0.0,1.0,0,0,0,0,14000.5
PB,de R$ 4.001/mês a R$ 6.000/mês,1.0,0.0,1.0,0,0,0,0,5000.5
SP,de R$ 8.001/mês a R$ 12.000/mês,0.0,1.0,0.0,0,0,0,0,10000.5
SP,de R$ 8.001/mês a R$ 12.000/mês,1.0,0.0,1.0,0,0,0,0,10000.5
ES,de R$ 3.001/mês a R$ 4.000/mês,1.0,0.0,1.0,0,0,0,0,3500.5
PA,de R$ 8.001/mês a R$ 12.000/mês,0.0,0.0,0.0,0,0,0,0,10000.5
SP,de R$ 6.001/mês a R$ 8.000/mês,1.0,0.0,1.0,1,0,0,0,7000.5
SP,de R$ 16.001/mês a R$ 20.000/mês,0.0,0.0,0.0,0,0,0,0,18000.5
PR,Não informado,0.0,0.0,0.0,0,0,0,0,10576.036405723906
PR,de R$ 16.001/mês a R$ 20.000/mês,1.0,0.0,1.0,0,1,1,0,18000.5
SP,de R$ 1.001/mês a R$ 2.000/mês,1.0,0.0,1.0,0,0,0,0,1500.5
RS,Não informado,0.0,0.0,0.0,0,0,0,0,10576.036405723906
SP,de R$ 4.001/mês a R$ 6.000/mês,1.0,0.0,1.0,1,0,0,0,5000.5
SP,de R$ 4.001/mês a R$ 6.000/mês,1.0,0.0,0.0,0,0,0,0,5000.5
RJ,de R$ 3.001/mês a R$ 4.000/mês,1.0,0.0,1.0,0,0,1,0,3500.5
SP,de R$ 6.001/mês a R$ 8.000/mês,1.0,0.0,1.0,1,0,0,0,7000.5
SP,de R$ 4.001/mês a R$ 6.000/mês,0.0,0.0,0.0,0,0,0,0,5000.5
MG,de R$ 12.001/mês a R$ 16.000/mês,0.0,0.0,0.0,0,0,0,0,14000.5
PR,de R$ 8.001/mês a R$ 12.000/mês,1.0,0.0,1.0,0,0,0,0,10000.5
SP,de R$ 8.001/mês a R$ 12.000/mês,1.0,0.0,1.0,0,1,1,0,10000.5
MG,de R$ 8.001/mês a R$ 12.000/mês,1.0,0.0,1.0,0,0,0,0,10000.5
RJ,de R$ 1.001/mês a R$ 2.000/mês,1.0,0.0,1.0,1,0,0,0,1500.5
SC,de R$ 8.001/mês a R$ 12.000/mês,0.0,0.0,0.0,0,0,0,0,10000.5
PI,de R$ 8.001/mês a R$ 12.000/mês,1.0,0.0,1.0,1,0,0,0,10000.5
PE,de R$ 8.001/mês a R$ 12.000/mês,1.0,0.0,1.0,0,0,0,0,10000.5
SP,de R$ 8.001/mês a R$ 12.000/mês,1.0,0.0,1.0,0,0,0,0,10000.5
RJ,de R$ 8.001/mês a R$ 12.000/mês,1.0,0.0,1.0,0,1,1,0,10000.5
PR,de R$ 4.001/mês a R$ 6.000/mês,1.0,0.0,1.0,0,0,0,0,5000.5
SP,de R$ 30.001/mês a R$ 40.000/mês,1.0,0.0,1.0,0,0,0,0,35000.5
MT,de R$ 6.001/mês a R$ 8.000/mês,1.0,0.0,1.0,0,0,0,0,7000.5
RJ,de R$ 2.001/mês a R$ 3.000/mês,1.0,0.0,1.0,0,1,1,0,2500.5
CE,de R$ 4.001/mês a R$ 6.000/mês,1.0,0.0,1.0,0,1,1,0,5000.5
RJ,de R$ 8.001/mês a R$ 12.000/mês,1.0,0.0,1.0,0,0,0,0,10000.5
SP,de R$ 8.001/mês a R$ 12.000/mês,0.0,0.0,0.0,0,0,0,0,10000.5
PR,de R$ 1.001/mês a R$ 2.000/mês,0.0,1.0,0.0,0,0,0,0,1500.5
SP,de R$ 4.001/mês a R$ 6.000/mês,1.0,0.0,1.0,0,0,0,0,5000.5
SP,de R$ 1.001/mês a R$ 2.000/mês,0.0,0.0,0.0,0,0,1,0,1500.5
SP,de R$ 3.001/mês a R$ 4.000/mês,1.0,0.0,1.0,0,0,0,0,3500.5
SP,de R$ 6.001/mês a R$ 8.000/mês,0.0,0.0,0.0,0,0,0,0,7000.5
NI,de R$ 30.001/mês a R$ 40.000/mês,1.0,0.0,1.0,1,0,0,0,35000.5
PR,de R$ 8.001/mês a R$ 12.000/mês,0.0,0.0,0.0,0,0,0,0,10000.5
DF,de R$ 8.001/mês a R$ 12.000/mês,0.0,0.0,0.0,0,0,0,0,10000.5
SP,de R$ 12.001/mês a R$ 16.000/mês,0.0,0.0,0.0,0,0,0,0,14000.5
PR,de R$ 2.001/mês a R$ 3.000/mês,0.0,1.0,0.0,0,0,0,0,2500.5
MG,de R$ 12.001/mês a R$ 16.000/mês,1.0,0.0,1.0,0,0,0,0,14000.5
SC,de R$ 4.001/mês a R$ 6.000/mês,0.0,1.0,0.0,0,0,0,0,5000.5
SP,de R$ 3.001/mês a R$ 4.000/mês,0.0,1.0,0.0,0,0,0,0,3500.5
RS,de R$ 4.001/mês a R$ 6.000/mês,1.0,0.0,1.0,0,1,1,0,5000.5
SC,de R$ 4.001/mês a R$ 6.000/mês,1.0,0.0,0.0,0,0,0,0,5000.5
PR,de R$ 4.001/mês a R$ 6.000/mês,0.0,1.0,0.0,0,0,0,0,5000.5
SP,de R$ 12.001/mês a R$ 16.000/mês,0.0,0.0,0.0,0,0,0,0,14000.5
RJ,de R$ 6.001/mês a R$ 8.000/mês,1.0,0.0,1.0,0,0,0,0,7000.5
SP,de R$ 8.001/mês a R$ 12.000/mês,1.0,0.0,1.0,0,0,0,0,10000.5
SP,Não informado,0.0,0.0,0.0,0,0,0,0,10576.036405723906
CE,de R$ 12.001/mês a R$ 16.000/mês,0.0,0.0,0.0,0,0,0,0,14000.5
SP,de R$ 8.001/mês a R$ 12.000/mês,0.0,0.0,0.0,0,0,0,0,10000.5
RS,de R$ 6.001/mês a R$ 8.000/mês,1.0,0.0,1.0,1,1,1,0,7000.5
MG,de R$ 8.001/mês a R$ 12.000/mês,1.0,0.0,0.0,0,0,0,0,10000.5
RS,de R$ 8.001/mês a R$ 12.000/mês,1.0,0.0,0.0,0,0,0,0,10000.5
ES,de R$ 1.001/mês a R$ 2.000/mês,1.0,0.0,1.0,0,0,0,0,1500.5
PR,de R$ 3.001/mês a R$ 4.000/mês,0.0,1.0,0.0,0,0,0,0,3500.5
SP,de R$ 25.001/mês a R$ 30.000/mês,0.0,0.0,0.0,0,0,0,0,27500.5
PR,Não informado,0.0,0.0,0.0,0,0,0,0,10576.036405723906
SP,de R$ 3.001/mês a R$ 4.000/mês,1.0,0.0,0.0,0,0,0,0,3500.5
RJ,de R$ 6.001/mês a R$ 8.000/mês,1.0,0.0,1.0,0,0,1,0,7000.5
NI,de R$ 8.001/mês a R$ 12.000/mês,1.0,0.0,1.0,0,0,0,0,10000.5
MG,de R$ 12.001/mês a R$ 16.000/mês,1.0,0.0,1.0,0,0,0,0,14000.5
CE,de R$ 4.001/mês a R$ 6.000/mês,1.0,0.0,1.0,0,0,0,0,5000.5
RS,de R$ 2.001/mês a R$ 3.000/mês,0.0,0.0,0.0,0,0,0,0,2500.5
MG,de R$ 6.001/mês a R$ 8.000/mês,1.0,0.0,1.0,0,0,0,0,7000.5
SP,de R$ 4.001/mês a R$ 6.000/mês,0.0,0.0,1.0,0,0,1,0,5000.5
ES,de R$ 6.001/mês a R$ 8.000/mês,1.0,0.0,0.0,0,0,0,0,7000.5
SP,de R$ 4.001/mês a R$ 6.000/mês,1.0,0.0,0.0,0,0,0,0,5000.5
RJ,de R$ 16.001/mês a R$ 20.000/mês,0.0,0.0,0.0,0,0,0,0,18000.5
ES,de R$ 3.001/mês a R$ 4.000/mês,1.0,0.0,1.0,0,1,0,0,3500.5
PR,de R$ 30.001/mês a R$ 40.000/mês,1.0,0.0,1.0,0,0,0,0,35000.5
SP,de R$ 30.001/mês a R$ 40.000/mês,0.0,0.0,0.0,0,0,0,0,35000.5
SP,de R$ 12.001/mês a R$ 16.000/mês,1.0,0.0,1.0,0,0,0,0,14000.5
ES,de R$ 16.001/mês a R$ 20.000/mês,0.0,0.0,0.0,0,0,0,0,18000.5
SP,Não informado,0.0,0.0,0.0,0,0,0,0,10576.036405723906
MG,de R$ 16.001/mês a R$ 20.000/mês,1.0,0.0,1.0,0,0,0,0,18000.5
PR,de R$ 4.001/mês a R$ 6.000/mês,1.0,0.0,1.0,0,0,0,0,5000.5
SP,de R$ 12.001/mês a R$ 16.000/mês,0.0,0.0,0.0,0,0,0,0,14000.5
RJ,de R$ 6.001/mês a R$ 8.000/mês,1.0,0.0,1.0,0,0,0,0,7000.5
RS,Menos de R$ 1.000/mês,1.0,0.0,1.0,0,0,0,0,500.0
CE,de R$ 20.001/mês a R$ 25.000/mês,0.0,0.0,0.0,0,0,0,0,22500.5
SP,de R$ 25.001/mês a R$ 30.000/mês,0.0,0.0,0.0,0,0,0,0,27500.5
SC,de R$ 3.001/mês a R$ 4.000/mês,1.0,0.0,0.0,0,0,0,0,3500.5
PR,de R$ 12.001/mês a R$ 16.000/mês,1.0,0.0,1.0,0,0,0,0,14000.5
SP,de R$ 2.001/mês a R$ 3.000/mês,0.0,0.0,0.0,0,0,0,0,2500.5
SC,Acima de R$ 40.001/mês,1.0,0.0,1.0,1,1,1,0,50000.0
MG,de R$ 4.001/mês a R$ 6.000/mês,0.0,0.0,0.0,0,0,0,0,5000.5
MG,Não informado,0.0,0.0,0.0,0,0,0,0,10576.036405723906
SP,de R$ 8.001/mês a R$ 12.000/mês,1.0,0.0,1.0,1,0,1,0,10000.5
PR,de R$ 8.001/mês a R$ 12.000/mês,1.0,0.0,1.0,0,0,0,0,10000.5
GO,de R$ 2.001/mês a R$ 3.000/mês,1.0,0.0,1.0,0,0,1,0,2500.5
CE,de R$ 8.001/mês a R$ 12.000/mês,1.0,0.0,1.0,0,0,0,0,10000.5
PB,Não informado,0.0,0.0,0.0,0,0,0,0,10576.036405723906
SP,de R$ 3.001/mês a R$ 4.000/mês,1.0,0.0,1.0,0,0,0,0,3500.5
DF,Não informado,0.0,0.0,0.0,0,0,0,0,10576.036405723906
MG,de R$ 2.001/mês a R$ 3.000/mês,0.0,1.0,0.0,0,0,0,0,2500.5
SP,de R$ 8.001/mês a R$ 12.000/mês,1.0,0.0,1.0,1,0,1,0,10000.5
MG,de R$ 25.001/mês a R$ 30.000/mês,0.0,0.0,0.0,0,0,0,0,27500.5
SP,de R$ 4.001/mês a R$ 6.000/mês,1.0,0.0,1.0,0,0,1,0,5000.5
SP,de R$ 2.001/mês a R$ 3.000/mês,0.0,0.0,1.0,0,1,1,0,2500.5
SP,de R$ 8.001/mês a R$ 12.000/mês,1.0,0.0,0.0,1,0,0,0,10000.5
PR,de R$ 6.001/mês a R$ 8.000/mês,1.0,0.0,0.0,0,0,0,0,7000.5
PE,de R$ 2.001/mês a R$ 3.000/mês,1.0,0.0,1.0,0,0,0,0,2500.5
ES,de R$ 8.001/mês a R$ 12.000/mês,1.0,0.0,1.0,1,0,0,0,10000.5
NI,de R$ 30.001/mês a R$ 40.000/mês,1.0,0.0,1.0,0,0,0,0,35000.5
SP,de R$ 8.001/mês a R$ 12.000/mês,1.0,0.0,0.0,0,0,0,0,10000.5
SP,de R$ 8.001/mês a R$ 12.000/mês,1.0,0.0,1.0,1,0,0,0,10000.5
SP,de R$ 6.001/mês a R$ 8.000/mês,0.0,1.0,0.0,0,0,0,0,7000.5
SP,de R$ 6.001/mês a R$ 8.000/mês,1.0,0.0,1.0,0,0,0,0,7000.5
SP,de R$ 30.001/mês a R$ 40.000/mês,0.0,0.0,0.0,0,0,0,0,35000.5
SP,de R$ 3.001/mês a R$ 4.000/mês,1.0,0.0,1.0,1,0,0,0,3500.5
MA,de R$ 8.001/mês a R$ 12.000/mês,1.0,0.0,1.0,0,0,0,0,10000.5
SP,de R$ 8.001/mês a R$ 12.000/mês,1.0,0.0,1.0,0,0,0,0,10000.5
PB,de R$ 4.001/mês a R$ 6.000/mês,0.0,0.0,0.0,0,0,0,0,5000.5
MS,de R$ 6.001/mês a R$ 8.000/mês,1.0,0.0,1.0,1,0,0,0,7000.5
MG,de R$ 1.001/mês a R$ 2.000/mês,0.0,0.0,0.0,0,0,0,0,1500.5
SP,de R$ 16.001/mês a R$ 20.000/mês,1.0,0.0,0.0,0,0,0,0,18000.5
BA,Não informado,0.0,0.0,0.0,0,0,0,0,10576.036405723906
TO,Não informado,0.0,0.0,0.0,0,0,0,0,10576.036405723906
SP,de R$ 6.001/mês a R$ 8.000/mês,1.0,0.0,0.0,0,0,0,0,7000.5
SP,de R$ 12.001/mês a R$ 16.000/mês,1.0,0.0,1.0,1,0,1,0,14000.5
SP,Não informado,0.0,0.0,0.0,0,0,0,0,10576.036405723906
SP,de R$ 6.001/mês a R$ 8.000/mês,1.0,0.0,1.0,0,0,0,0,7000.5
PE,de R$ 4.001/mês a R$ 6.000/mês,1.0,0.0,1.0,0,1,1,0,5000.5
SP,de R$ 25.001/mês a R$ 30.000/mês,0.0,0.0,0.0,0,0,0,0,27500.5
CE,de R$ 8.001/mês a R$ 12.000/mês,1.0,0.0,1.0,0,0,0,0,10000.5
SP,de R$ 4.001/mês a R$ 6.000/mês,1.0,0.0,1.0,0,0,0,0,5000.5
SP,de R$ 16.001/mês a R$ 20.000/mês,0.0,0.0,0.0,0,0,0,0,18000.5
SP,de R$ 12.001/mês a R$ 16.000/mês,1.0,0.0,1.0,0,0,0,0,14000.5
SP,de R$ 20.001/mês a R$ 25.000/mês,0.0,0.0,0.0,0,0,0,0,22500.5
PE,de R$ 4.001/mês a R$ 6.000/mês,1.0,0.0,1.0,1,0,0,0,5000.5
SP,Não informado,0.0,0.0,0.0,0,0,0,0,10576.036405723906
SP,de R$ 8.001/mês a R$ 12.000/mês,1.0,0.0,0.0,0,0,0,0,10000.5
SP,Não informado,0.0,0.0,0.0,0,0,0,0,10576.036405723906
MG,de R$ 2.001/mês a R$ 3.000/mês,1.0,0.0,1.0,0,1,1,0,2500.5
NI,Não informado,0.0,0.0,0.0,0,0,0,0,10576.036405723906
MG,de R$ 1.001/mês a R$ 2.000/mês,1.0,0.0,1.0,0,0,0,0,1500.5
DF,de R$ 6.001/mês a R$ 8.000/mês,1.0,0.0,1.0,0,0,0,0,7000.5
SP,Acima de R$ 40.001/mês,0.0,0.0,0.0,0,0,0,0,50000.0
SP,de R$ 4.001/mês a R$ 6.000/mês,1.0,0.0,1.0,0,0,1,0,5000.5
SP,de R$ 25.001/mês a R$ 30.000/mês,0.0,0.0,0.0,0,0,0,0,27500.5
SP,de R$ 2.001/mês a R$ 3.000/mês,1.0,0.0,1.0,0,0,0,0,2500.5
SP,de R$ 8.001/mês a R$ 12.000/mês,1.0,0.0,1.0,0,0,0,0,10000.5
BA,de R$ 2.001/mês a R$ 3.000/mês,0.0,0.0,0.0,0,0,0,0,2500.5
SE,de R$ 3.001/mês a R$ 4.000/mês,0.0,1.0,0.0,0,0,0,0,3500.5
MT,de R$ 4.001/mês a R$ 6.000/mês,1.0,0.0,1.0,0,0,1,0,5000.5
SP,de R$ 12.001/mês a R$ 16.000/mês,1.0,0.0,1.0,0,0,0,0,14000.5
SP,de R$ 12.001/mês a R$ 16.000/mês,0.0,0.0,0.0,0,0,0,0,14000.5
RJ,de R$ 8.001/mês a R$ 12.000/mês,1.0,0.0,1.0,0,0,1,0,10000.5
SP,de R$ 6.001/mês a R$ 8.000/mês,1.0,0.0,1.0,0,0,1,0,7000.5
SP,de R$ 2.001/mês a R$ 3.000/mês,1.0,0.0,1.0,0,0,0,0,2500.5
RS,de R$ 6.001/mês a R$ 8.000/mês,0.0,1.0,0.0,0,0,0,0,7000.5
SC,de R$ 8.001/mês a R$ 12.000/mês,1.0,0.0,0.0,0,0,0,0,10000.5
SP,de R$ 16.001/mês a R$ 20.000/mês,0.0,0.0,1.0,0,0,0,0,18000.5
SC,de R$ 3.001/mês a R$ 4.000/mês,1.0,0.0,1.0,0,0,0,0,3500.5
PE,de R$ 3.001/mês a R$ 4.000/mês,1.0,0.0,1.0,0,0,0,0,3500.5
PR,Não informado,0.0,0.0,0.0,0,0,0,0,10576.036405723906
DF,de R$ 6.001/mês a R$ 8.000/mês,0.0,0.0,1.0,0,0,0,0,7000.5
RJ,de R$ 8.001/mês a R$ 12.000/mês,1.0,0.0,1.0,0,0,0,0,10000.5
SP,de R$ 8.001/mês a R$ 12.000/mês,0.0,0.0,0.0,0,0,0,0,10000.5
SP,de R$ 8.001/mês a R$ 12.000/mês,1.0,0.0,1.0,1,0,0,0,10000.5
SP,de R$ 6.001/mês a R$ 8.000/mês,1.0,0.0,1.0,0,0,0,0,7000.5
CE,de R$ 8.001/mês a R$ 12.000/mês,1.0,0.0,1.0,1,0,0,0,10000.5
RS,de R$ 20.001/mês a R$ 25.000/mês,1.0,0.0,1.0,0,0,0,0,22500.5
RN,Não informado,0.0,0.0,0.0,0,0,0,0,10576.036405723906
SP,de R$ 12.001/mês a R$ 16.000/mês,1.0,0.0,1.0,0,0,0,0,14000.5
SP,de R$ 4.001/mês a R$ 6.000/mês,1.0,0.0,1.0,1,0,0,0,5000.5
RJ,de R$ 1.001/mês a R$ 2.000/mês,1.0,0.0,1.0,0,0,0,0,1500.5
SP,de R$ 3.001/mês a R$ 4.000/mês,1.0,0.0,0.0,0,0,0,0,3500.5
DF,de R$ 6.001/mês a R$ 8.000/mês,1.0,0.0,0.0,0,0,0,0,7000.5
MG,de R$ 6.001/mês a R$ 8.000/mês,1.0,0.0,1.0,0,0,0,0,7000.5
RJ,de R$ 3.001/mês a R$ 4.000/mês,0.0,0.0,0.0,0,0,0,0,3500.5
SP,de R$ 4.001/mês a R$ 6.000/mês,0.0,1.0,0.0,0,0,0,0,5000.5
NI,de R$ 3.001/mês a R$ 4.000/mês,0.0,0.0,0.0,0,0,0,1,3500.5
SP,de R$ 8.001/mês a R$ 12.000/mês,1.0,0.0,1.0,0,1,1,0,10000.5
RJ,de R$ 6.001/mês a R$ 8.000/mês,1.0,0.0,1.0,0,0,0,0,7000.5
SC,de R$ 2.001/mês a R$ 3.000/mês,1.0,0.0,1.0,0,0,0,0,2500.5
MG,de R$ 8.001/mês a R$ 12.000/mês,1.0,0.0,1.0,0,0,0,0,10000.5
SP,de R$ 4.001/mês a R$ 6.000/mês,1.0,0.0,1.0,0,0,0,0,5000.5
SP,de R$ 16.001/mês a R$ 20.000/mês,0.0,0.0,0.0,0,0,0,0,18000.5
SP,de R$ 6.001/mês a R$ 8.000/mês,0.0,0.0,1.0,0,0,0,0,7000.5
RJ,de R$ 4.001/mês a R$ 6.000/mês,0.0,0.0,0.0,0,0,0,0,5000.5
SP,de R$ 12.001/mês a R$ 16.000/mês,1.0,0.0,1.0,1,0,0,0,14000.5
SP,de R$ 2.001/mês a R$ 3.000/mês,0.0,1.0,0.0,0,0,0,0,2500.5
SP,de R$ 12.001/mês a R$ 16.000/mês,1.0,0.0,1.0,0,1,1,0,14000.5
MG,de R$ 12.001/mês a R$ 16.000/mês,1.0,0.0,0.0,1,0,0,0,14000.5
SP,de R$ 8.001/mês a R$ 12.000/mês,1.0,0.0,1.0,0,0,0,0,10000.5
SP,de R$ 8.001/mês a R$ 12.000/mês,1.0,0.0,1.0,0,0,0,0,10000.5
DF,de R$ 8.001/mês a R$ 12.000/mês,1.0,0.0,1.0,0,1,1,0,10000.5
MG,de R$ 1.001/mês a R$ 2.000/mês,1.0,0.0,1.0,1,1,1,1,1500.5
RJ,de R$ 1.001/mês a R$ 2.000/mês,1.0,0.0,1.0,0,0,0,0,1500.5
SP,de R$ 20.001/mês a R$ 25.000/mês,1.0,0.0,1.0,1,0,0,0,22500.5
PR,de R$ 2.001/mês a R$ 3.000/mês,1.0,0.0,1.0,0,0,0,0,2500.5
RS,Não informado,0.0,0.0,0.0,0,0,0,0,10576.036405723906
SP,de R$ 4.001/mês a R$ 6.000/mês,1.0,0.0,1.0,0,0,0,0,5000.5
SP,de R$ 6.001/mês a R$ 8.000/mês,1.0,0.0,1.0,0,0,0,1,7000.5
MG,de R$ 6.001/mês a R$ 8.000/mês,1.0,0.0,1.0,0,1,1,0,7000.5
MG,de R$ 1.001/mês a R$ 2.000/mês,1.0,0.0,1.0,0,0,0,0,1500.5
PE,de R$ 8.001/mês a R$ 12.000/mês,1.0,0.0,1.0,0,1,1,0,10000.5
DF,de R$ 1.001/mês a R$ 2.000/mês,1.0,0.0,1.0,0,0,0,0,1500.5
MT,de R$ 1.001/mês a R$ 2.000/mês,0.0,1.0,0.0,0,0,0,0,1500.5
PB,de R$ 12.001/mês a R$ 16.000/mês,0.0,0.0,0.0,0,0,0,0,14000.5
DF,de R$ 8.001/mês a R$ 12.000/mês,1.0,0.0,0.0,0,1,1,1,10000.5
MG,de R$ 6.001/mês a R$ 8.000/mês,1.0,0.0,0.0,0,0,1,0,7000.5
MG,de R$ 4.001/mês a R$ 6.000/mês,1.0,0.0,1.0,0,0,0,0,5000.5
PR,de R$ 8.001/mês a R$ 12.000/mês,1.0,0.0,1.0,0,0,0,0,10000.5
RJ,de R$ 20.001/mês a R$ 25.000/mês,0.0,0.0,0.0,0,0,0,0,22500.5
PR,de R$ 8.001/mês a R$ 12.000/mês,1.0,0.0,0.0,1,0,0,0,10000.5
SP,de R$ 4.001/mês a R$ 6.000/mês,0.0,0.0,0.0,0,0,0,0,5000.5
SP,de R$ 8.001/mês a R$ 12.000/mês,1.0,0.0,1.0,0,0,0,0,10000.5
MG,de R$ 3.001/mês a R$ 4.000/mês,1.0,0.0,1.0,0,0,0,0,3500.5
BA,de R$ 4.001/mês a R$ 6.000/mês,1.0,0.0,1.0,0,0,1,0,5000.5
RJ,de R$ 8.001/mês a R$ 12.000/mês,1.0,0.0,1.0,1,0,0,0,10000.5
RJ,Não informado,0.0,0.0,0.0,0,0,0,0,10576.036405723906
SP,de R$ 3.001/mês a R$ 4.000/mês,1.0,0.0,1.0,0,0,1,0,3500.5
PR,de R$ 4.001/mês a R$ 6.000/mês,1.0,0.0,1.0,0,0,0,0,5000.5
MS,de R$ 8.001/mês a R$ 12.000/mês,0.0,0.0,0.0,0,0,0,0,10000.5
MG,de R$ 8.001/mês a R$ 12.000/mês,0.0,0.0,1.0,1,0,0,1,10000.5
DF,de R$ 6.001/mês a R$ 8.000/mês,1.0,0.0,1.0,0,1,1,0,7000.5
SP,de R$ 4.001/mês a R$ 6.000/mês,1.0,0.0,1.0,0,0,0,0,5000.5
MS,de R$ 8.001/mês a R$ 12.000/mês,0.0,0.0,0.0,0,0,0,0,10000.5
SP,de R$ 30.001/mês a R$ 40.000/mês,0.0,0.0,0.0,0,0,0,0,35000.5
SC,Não informado,0.0,0.0,0.0,0,0,0,0,10576.036405723906
SP,de R$ 4.001/mês a R$ 6.000/mês,1.0,0.0,1.0,0,0,1,0,5000.5
SP,de R$ 25.001/mês a R$ 30.000/mês,1.0,0.0,1.0,1,0,0,0,27500.5
SP,de R$ 4.001/mês a R$ 6.000/mês,1.0,0.0,1.0,0,0,0,0,5000.5
SP,de R$ 6.001/mês a R$ 8.000/mês,1.0,0.0,0.0,0,0,0,0,7000.5
MT,de R$ 8.001/mês a R$ 12.000/mês,1.0,0.0,1.0,1,0,0,0,10000.5
BA,de R$ 3.001/mês a R$ 4.000/mês,0.0,0.0,0.0,1,0,0,0,3500.5
DF,de R$ 1.001/mês a R$ 2.000/mês,0.0,0.0,0.0,0,0,0,0,1500.5
MG,Não informado,0.0,0.0,0.0,0,0,0,0,10576.036405723906
PR,Não informado,0.0,0.0,0.0,0,0,0,0,10576.036405723906
SP,de R$ 8.001/mês a R$ 12.000/mês,1.0,0.0,1.0,0,0,0,0,10000.5
BA,de R$ 6.001/mês a R$ 8.000/mês,1.0,0.0,0.0,0,0,0,0,7000.5
RJ,de R$ 3.001/mês a R$ 4.000/mês,1.0,0.0,1.0,0,0,0,0,3500.5
SP,de R$ 6.001/mês a R$ 8.000/mês,1.0,0.0,1.0,0,0,0,0,7000.5
MG,de R$ 12.001/mês a R$ 16.000/mês,1.0,0.0,1.0,1,1,1,0,14000.5
PR,de R$ 8.001/mês a R$ 12.000/mês,1.0,0.0,1.0,0,0,0,0,10000.5
BA,de R$ 3.001/mês a R$ 4.000/mês,0.0,0.0,0.0,0,0,0,0,3500.5
MS,de R$ 6.001/mês a R$ 8.000/mês,1.0,0.0,1.0,0,0,0,0,7000.5
SP,de R$ 6.001/mês a R$ 8.000/mês,1.0,0.0,1.0,0,0,0,0,7000.5
PA,de R$ 2.001/mês a R$ 3.000/mês,1.0,0.0,1.0,0,0,0,0,2500.5
SP,de R$ 12.001/mês a R$ 16.000/mês,0.0,0.0,0.0,0,0,0,0,14000.5
SP,de R$ 8.001/mês a R$ 12.000/mês,1.0,0.0,1.0,0,1,1,0,10000.5
SP,de R$ 1.001/mês a R$ 2.000/mês,1.0,0.0,1.0,1,0,0,0,1500.5
SP,de R$ 3.001/mês a R$ 4.000/mês,1.0,0.0,1.0,1,0,0,0,3500.5
SP,de R$ 25.001/mês a R$ 30.000/mês,1.0,0.0,1.0,0,1,1,0,27500.5
SP,de R$ 4.001/mês a R$ 6.000/mês,1.0,0.0,1.0,0,0,0,0,5000.5
CE,de R$ 12.001/mês a R$ 16.000/mês,1.0,0.0,1.0,0,0,0,0,14000.5
SC,de R$ 4.001/mês a R$ 6.000/mês,1.0,0.0,1.0,0,0,0,0,5000.5
NI,Não informado,0.0,0.0,0.0,0,0,0,0,10576.036405723906
RS,de R$ 12.001/mês a R$ 16.000/mês,1.0,0.0,1.0,0,0,0,0,14000.5
RS,de R$ 16.001/mês a R$ 20.000/mês,0.0,0.0,0.0,0,0,0,0,18000.5
SP,de R$ 16.001/mês a R$ 20.000/mês,0.0,0.0,0.0,0,0,0,0,18000.5
MG,Não informado,0.0,0.0,0.0,0,0,0,0,10576.036405723906
SP,de R$ 6.001/mês a R$ 8.000/mês,1.0,0.0,1.0,0,0,0,0,7000.5
RJ,de R$ 12.001/mês a R$ 16.000/mês,1.0,0.0,1.0,1,0,0,0,14000.5
RS,de R$ 8.001/mês a R$ 12.000/mês,0.0,1.0,0.0,0,0,0,0,10000.5
RJ,de R$ 6.001/mês a R$ 8.000/mês,0.0,1.0,0.0,0,0,0,0,7000.5
SP,de R$ 12.001/mês a R$ 16.000/mês,1.0,0.0,1.0,0,1,1,0,14000.5
SP,de R$ 12.001/mês a R$ 16.000/mês,1.0,0.0,1.0,0,0,0,0,14000.5
MG,de R$ 101/mês a R$ 2.000/mês,1.0,0.0,1.0,0,0,0,0,10576.036405723906
RJ,de R$ 8.001/mês a R$ 12.000/mês,1.0,0.0,0.0,0,0,0,0,10000.5
SP,de R$ 3.001/mês a R$ 4.000/mês,1.0,0.0,1.0,0,1,1,0,3500.5
SP,de R$ 2.001/mês a R$ 3.000/mês,0.0,1.0,0.0,0,0,0,0,2500.5
SP,Não informado,0.0,0.0,0.0,0,0,0,0,10576.036405723906
PE,de R$ 12.001/mês a R$ 16.000/mês,1.0,0.0,1.0,0,0,0,0,14000.5
SP,Não informado,0.0,0.0,0.0,0,0,0,0,10576.036405723906
SP,de R$ 30.001/mês a R$ 40.000/mês,1.0,0.0,1.0,1,1,1,0,35000.5
SP,de R$ 6.001/mês a R$ 8.000/mês,1.0,0.0,0.0,0,0,0,0,7000.5
RJ,de R$ 8.001/mês a R$ 12.000/mês,1.0,0.0,1.0,0,1,1,0,10000.5
GO,de R$ 4.001/mês a R$ 6.000/mês,0.0,1.0,0.0,0,0,0,0,5000.5
SP,de R$ 12.001/mês a R$ 16.000/mês,1.0,0.0,1.0,0,1,1,0,14000.5
RS,de R$ 4.001/mês a R$ 6.000/mês,1.0,0.0,0.0,0,0,0,0,5000.5
SP,Não informado,0.0,0.0,0.0,0,0,0,0,10576.036405723906
SP,Não informado,0.0,0.0,0.0,0,0,0,0,10576.036405723906
PE,de R$ 2.001/mês a R$ 3.000/mês,1.0,0.0,0.0,0,0,0,0,2500.5
PB,de R$ 6.001/mês a R$ 8.000/mês,1.0,0.0,1.0,0,0,0,0,7000.5
SP,de R$ 20.001/mês a R$ 25.000/mês,1.0,0.0,1.0,1,0,0,0,22500.5
SP,de R$ 4.001/mês a R$ 6.000/mês,1.0,0.0,1.0,0,0,0,0,5000.5
RS,de R$ 3.001/mês a R$ 4.000/mês,1.0,0.0,0.0,0,0,0,0,3500.5
GO,de R$ 3.001/mês a R$ 4.000/mês,1.0,0.0,1.0,0,0,0,0,3500.5
SP,de R$ 12.001/mês a R$ 16.000/mês,0.0,0.0,0.0,0,0,0,0,14000.5
SP,de R$ 4.001/mês a R$ 6.000/mês,1.0,0.0,1.0,0,0,0,0,5000.5
PE,de R$ 6.001/mês a R$ 8.000/mês,1.0,0.0,1.0,0,0,0,0,7000.5
RS,de R$ 8.001/mês a R$ 12.000/mês,1.0,0.0,1.0,0,0,0,0,10000.5
PE,de R$ 4.001/mês a R$ 6.000/mês,1.0,0.0,1.0,0,0,0,0,5000.5
SP,de R$ 6.001/mês a R$ 8.000/mês,1.0,0.0,1.0,0,0,0,0,7000.5
MT,de R$ 2.001/mês a R$ 3.000/mês,1.0,0.0,1.0,0,0,0,0,2500.5
SC,de R$ 3.001/mês a R$ 4.000/mês,1.0,0.0,0.0,0,0,0,0,3500.5
SP,de R$ 8.001/mês a R$ 12.000/mês,1.0,0.0,1.0,0,0,0,0,10000.5
SP,de R$ 8.001/mês a R$ 12.000/mês,1.0,0.0,1.0,0,0,1,0,10000.5
GO,de R$ 2.001/mês a R$ 3.000/mês,1.0,0.0,1.0,1,0,0,0,2500.5
RS,de R$ 20.001/mês a R$ 25.000/mês,0.0,0.0,0.0,0,0,0,0,22500.5
MG,de R$ 12.001/mês a R$ 16.000/mês,0.0,0.0,1.0,0,0,0,0,14000.5
DF,de R$ 25.001/mês a R$ 30.000/mês,1.0,0.0,1.0,0,0,0,0,27500.5
SP,de R$ 16.001/mês a R$ 20.000/mês,1.0,0.0,1.0,1,0,0,0,18000.5
DF,de R$ 6.001/mês a R$ 8.000/mês,0.0,0.0,1.0,0,0,0,0,7000.5
SP,de R$ 3.001/mês a R$ 4.000/mês,1.0,0.0,1.0,0,0,0,0,3500.5
SP,de R$ 12.001/mês a R$ 16.000/mês,0.0,0.0,0.0,0,0,0,0,14000.5
CE,de R$ 8.001/mês a R$ 12.000/mês,1.0,0.0,1.0,0,0,1,0,10000.5
SP,de R$ 12.001/mês a R$ 16.000/mês,1.0,0.0,0.0,0,0,0,0,14000.5
SC,de R$ 4.001/mês a R$ 6.000/mês,1.0,0.0,1.0,0,0,0,0,5000.5
MS,de R$ 4.001/mês a R$ 6.000/mês,1.0,0.0,1.0,0,0,0,0,5000.5
SP,de R$ 16.001/mês a R$ 20.000/mês,0.0,0.0,0.0,0,0,0,0,18000.5
RJ,de R$ 8.001/mês a R$ 12.000/mês,1.0,0.0,1.0,0,0,0,0,10000.5
SP,de R$ 30.001/mês a R$ 40.000/mês,0.0,0.0,0.0,0,0,0,0,35000.5
SP,de R$ 8.001/mês a R$ 12.000/mês,1.0,0.0,1.0,0,0,0,0,10000.5
SP,Não informado,0.0,0.0,0.0,0,0,0,0,10576.036405723906
SP,Não informado,0.0,0.0,0.0,0,0,0,0,10576.036405723906
SP,Não informado,0.0,0.0,0.0,0,0,0,0,10576.036405723906
CE,Não informado,0.0,0.0,0.0,0,0,0,0,10576.036405723906
SP,Não informado,0.0,0.0,0.0,0,0,0,0,10576.036405723906
MS,de R$ 2.001/mês a R$ 3.000/mês,1.0,0.0,1.0,0,0,0,0,2500.5
CE,de R$ 3.001/mês a R$ 4.000/mês,1.0,0.0,0.0,0,0,0,0,3500.5
RS,de R$ 12.001/mês a R$ 16.000/mês,0.0,0.0,0.0,0,0,0,0,14000.5
DF,de R$ 8.001/mês a R$ 12.000/mês,1.0,0.0,0.0,0,0,0,0,10000.5
PA,de R$ 1.001/mês a R$ 2.000/mês,1.0,0.0,1.0,1,0,0,0,1500.5
SP,de R$ 16.001/mês a R$ 20.000/mês,1.0,0.0,0.0,0,0,0,0,18000.5
RS,de R$ 4.001/mês a R$ 6.000/mês,0.0,1.0,0.0,0,0,0,0,5000.5
SP,de R$ 8.001/mês a R$ 12.000/mês,1.0,0.0,1.0,0,1,1,0,10000.5
SC,de R$ 8.001/mês a R$ 12.000/mês,0.0,0.0,1.0,0,0,0,0,10000.5
MG,de R$ 12.001/mês a R$ 16.000/mês,1.0,0.0,1.0,0,0,0,0,14000.5
SP,de R$ 8.001/mês a R$ 12.000/mês,1.0,0.0,0.0,0,0,1,0,10000.5
MG,de R$ 8.001/mês a R$ 12.000/mês,1.0,0.0,1.0,0,0,0,0,10000.5
SP,de R$ 2.001/mês a R$ 3.000/mês,1.0,0.0,1.0,0,0,0,0,2500.5
AM,de R$ 6.001/mês a R$ 8.000/mês,1.0,0.0,1.0,0,0,0,0,7000.5
MG,de R$ 8.001/mês a R$ 12.000/mês,1.0,0.0,1.0,0,0,0,0,10000.5
RS,de R$ 3.001/mês a R$ 4.000/mês,1.0,0.0,1.0,0,0,1,0,3500.5
PR,de R$ 6.001/mês a R$ 8.000/mês,0.0,0.0,1.0,0,0,1,0,7000.5
PR,de R$ 2.001/mês a R$ 3.000/mês,0.0,1.0,0.0,0,0,0,0,2500.5
MG,de R$ 3.001/mês a R$ 4.000/mês,0.0,0.0,1.0,0,0,0,0,3500.5
SP,de R$ 3.001/mês a R$ 4.000/mês,1.0,0.0,1.0,0,0,0,0,3500.5
SP,Não informado,0.0,0.0,0.0,0,0,0,0,10576.036405723906
MG,de R$ 6.001/mês a R$ 8.000/mês,1.0,0.0,1.0,0,0,0,0,7000.5
ES,de R$ 8.001/mês a R$ 12.000/mês,1.0,0.0,1.0,0,0,0,0,10000.5
MG,de R$ 4.001/mês a R$ 6.000/mês,1.0,0.0,1.0,0,0,0,0,5000.5
SP,Não informado,0.0,0.0,0.0,0,0,0,0,10576.036405723906
NI,de R$ 25.001/mês a R$ 30.000/mês,0.0,0.0,0.0,0,0,0,0,27500.5
PR,de R$ 8.001/mês a R$ 12.000/mês,1.0,0.0,1.0,0,0,0,0,10000.5
MG,de R$ 2.001/mês a R$ 3.000/mês,1.0,0.0,1.0,0,0,0,0,2500.5
SP,de R$ 12.001/mês a R$ 16.000/mês,0.0,0.0,0.0,0,0,0,0,14000.5
RJ,de R$ 4.001/mês a R$ 6.000/mês,0.0,1.0,0.0,0,0,0,0,5000.5
PE,de R$ 12.001/mês a R$ 16.000/mês,1.0,0.0,1.0,0,0,0,0,14000.5
PE,de R$ 16.001/mês a R$ 20.000/mês,1.0,0.0,1.0,0,1,1,0,18000.5
SP,de R$ 4.001/mês a R$ 6.000/mês,1.0,0.0,1.0,0,1,1,0,5000.5
NI,de R$ 30.001/mês a R$ 40.000/mês,0.0,0.0,0.0,0,0,0,0,35000.5
PR,de R$ 4.001/mês a R$ 6.000/mês,0.0,0.0,1.0,0,0,0,0,5000.5
MG,de R$ 6.001/mês a R$ 8.000/mês,1.0,0.0,1.0,0,0,0,0,7000.5
RJ,de R$ 8.001/mês a R$ 12.000/mês,1.0,0.0,1.0,1,0,0,0,10000.5
SP,de R$ 8.001/mês a R$ 12.000/mês,0.0,1.0,0.0,0,0,0,0,10000.5
SP,Não informado,0.0,0.0,0.0,0,0,0,0,10576.036405723906
SP,Acima de R$ 40.001/mês,0.0,0.0,0.0,0,0,0,0,50000.0
MG,de R$ 12.001/mês a R$ 16.000/mês,1.0,0.0,1.0,0,0,0,0,14000.5
PR,de R$ 1.001/mês a R$ 2.000/mês,1.0,0.0,0.0,1,0,0,0,1500.5
RS,de R$ 12.001/mês a R$ 16.000/mês,0.0,0.0,0.0,0,0,0,0,14000.5
SP,de R$ 8.001/mês a R$ 12.000/mês,1.0,0.0,1.0,0,0,1,0,10000.5
SP,de R$ 12.001/mês a R$ 16.000/mês,1.0,0.0,1.0,0,0,0,0,14000.5
SC,de R$ 8.001/mês a R$ 12.000/mês,1.0,0.0,1.0,1,0,0,0,10000.5
MG,de R$ 8.001/mês a R$ 12.000/mês,0.0,0.0,0.0,0,0,0,0,10000.5
RJ,de R$ 4.001/mês a R$ 6.000/mês,1.0,0.0,1.0,1,0,0,0,5000.5
SP,Acima de R$ 40.001/mês,0.0,0.0,0.0,0,0,0,0,50000.0
SP,de R$ 3.001/mês a R$ 4.000/mês,0.0,1.0,0.0,0,0,0,0,3500.5
CE,de R$ 12.001/mês a R$ 16.000/mês,1.0,0.0,0.0,0,0,0,1,14000.5
RJ,de R$ 16.001/mês a R$ 20.000/mês,1.0,0.0,1.0,1,0,0,1,18000.5
SP,Não informado,0.0,0.0,0.0,0,0,0,0,10576.036405723906
NI,de R$ 1.001/mês a R$ 2.000/mês,1.0,0.0,0.0,0,0,0,0,1500.5
SP,de R$ 12.001/mês a R$ 16.000/mês,1.0,0.0,1.0,0,0,0,0,14000.5
SP,de R$ 8.001/mês a R$ 12.000/mês,0.0,0.0,0.0,0,0,0,0,10000.5
RN,de R$ 2.001/mês a R$ 3.000/mês,1.0,0.0,0.0,0,0,0,0,2500.5
DF,de R$ 12.001/mês a R$ 16.000/mês,1.0,0.0,1.0,0,0,0,0,14000.5
SP,Não informado,0.0,0.0,0.0,0,0,0,0,10576.036405723906
PR,de R$ 4.001/mês a R$ 6.000/mês,1.0,0.0,1.0,0,0,0,0,5000.5
SP,de R$ 8.001/mês a R$ 12.000/mês,1.0,0.0,1.0,0,0,0,0,10000.5
SP,Não informado,0.0,0.0,0.0,0,0,0,0,10576.036405723906
MG,de R$ 4.001/mês a R$ 6.000/mês,1.0,0.0,1.0,0,0,1,0,5000.5
AM,de R$ 25.001/mês a R$ 30.000/mês,0.0,0.0,0.0,0,0,0,0,27500.5
SP,de R$ 12.001/mês a R$ 16.000/mês,0.0,0.0,0.0,0,0,0,0,14000.5
SP,de R$ 8.001/mês a R$ 12.000/mês,0.0,0.0,1.0,1,0,0,0,10000.5
SP,de R$ 3.001/mês a R$ 4.000/mês,1.0,0.0,1.0,0,0,0,0,3500.5
SP,Não informado,0.0,0.0,0.0,0,0,0,0,10576.036405723906
SP,de R$ 8.001/mês a R$ 12.000/mês,1.0,0.0,1.0,1,0,0,0,10000.5
GO,de R$ 3.001/mês a R$ 4.000/mês,1.0,0.0,1.0,0,0,0,0,3500.5
SP,de R$ 4.001/mês a R$ 6.000/mês,1.0,0.0,1.0,0,0,1,0,5000.5
SP,de R$ 8.001/mês a R$ 12.000/mês,1.0,0.0,1.0,0,0,1,0,10000.5
RJ,de R$ 4.001/mês a R$ 6.000/mês,0.0,1.0,0.0,0,0,0,0,5000.5
MG,de R$ 8.001/mês a R$ 12.000/mês,1.0,0.0,1.0,0,0,0,0,10000.5
BA,Não informado,0.0,0.0,0.0,0,0,0,0,10576.036405723906
MG,de R$ 12.001/mês a R$ 16.000/mês,1.0,0.0,1.0,1,0,1,0,14000.5
SP,de R$ 1.001/mês a R$ 2.000/mês,1.0,0.0,1.0,0,0,0,0,1500.5
MG,de R$ 8.001/mês a R$ 12.000/mês,1.0,0.0,1.0,1,0,0,0,10000.5
SP,de R$ 4.001/mês a R$ 6.000/mês,1.0,0.0,0.0,0,0,0,0,5000.5
MS,de R$ 12.001/mês a R$ 16.000/mês,0.0,0.0,0.0,0,0,0,0,14000.5
MG,Não informado,0.0,0.0,0.0,0,0,0,0,10576.036405723906
RJ,de R$ 25.001/mês a R$ 30.000/mês,0.0,1.0,0.0,0,0,0,0,27500.5
CE,de R$ 16.001/mês a R$ 20.000/mês,1.0,0.0,1.0,0,0,0,0,18000.5
SP,de R$ 16.001/mês a R$ 20.000/mês,1.0,0.0,1.0,1,0,0,0,18000.5
MG,de R$ 1.001/mês a R$ 2.000/mês,1.0,0.0,1.0,0,0,0,0,1500.5
MG,de R$ 4.001/mês a R$ 6.000/mês,1.0,0.0,0.0,0,0,0,0,5000.5
SP,de R$ 16.001/mês a R$ 20.000/mês,0.0,0.0,0.0,0,0,0,0,18000.5
PR,de R$ 25.001/mês a R$ 30.000/mês,1.0,0.0,0.0,1,0,0,0,27500.5
NI,de R$ 4.001/mês a R$ 6.000/mês,1.0,0.0,1.0,0,0,0,0,5000.5
RJ,de R$ 8.001/mês a R$ 12.000/mês,0.0,0.0,0.0,0,0,0,0,10000.5
RS,de R$ 12.001/mês a R$ 16.000/mês,1.0,0.0,0.0,0,0,0,0,14000.5
SP,de R$ 4.001/mês a R$ 6.000/mês,1.0,0.0,1.0,1,0,0,0,5000.5
PR,de R$ 2.001/mês a R$ 3.000/mês,1.0,0.0,1.0,0,0,0,0,2500.5
SP,de R$ 6.001/mês a R$ 8.000/mês,1.0,0.0,1.0,0,0,0,0,7000.5
SP,de R$ 6.001/mês a R$ 8.000/mês,0.0,0.0,0.0,0,0,1,0,7000.5
PR,de R$ 16.001/mês a R$ 20.000/mês,0.0,0.0,0.0,0,0,0,0,18000.5
RS,de R$ 4.001/mês a R$ 6.000/mês,0.0,0.0,0.0,0,0,0,0,5000.5
SP,de R$ 12.001/mês a R$ 16.000/mês,0.0,0.0,0.0,0,0,0,0,14000.5
AL,de R$ 8.001/mês a R$ 12.000/mês,1.0,0.0,1.0,0,0,0,0,10000.5
RS,de R$ 12.001/mês a R$ 16.000/mês,0.0,0.0,0.0,0,0,0,0,14000.5
SP,de R$ 4.001/mês a R$ 6.000/mês,1.0,0.0,0.0,0,0,0,0,5000.5
SP,Não informado,0.0,0.0,0.0,0,0,0,0,10576.036405723906
PR,de R$ 12.001/mês a R$ 16.000/mês,1.0,0.0,1.0,0,0,0,0,14000.5
ES,Não informado,0.0,0.0,0.0,0,0,0,0,10576.036405723906
PE,de R$ 6.001/mês a R$ 8.000/mês,0.0,0.0,1.0,0,0,0,0,7000.5
SC,de R$ 4.001/mês a R$ 6.000/mês,1.0,0.0,1.0,0,0,0,0,5000.5
RJ,de R$ 8.001/mês a R$ 12.000/mês,1.0,0.0,0.0,0,0,0,0,10000.5
SC,de R$ 3.001/mês a R$ 4.000/mês,1.0,0.0,1.0,0,0,0,0,3500.5
SP,de R$ 8.001/mês a R$ 12.000/mês,1.0,0.0,1.0,0,1,1,0,10000.5
MG,de R$ 1.001/mês a R$ 2.000/mês,0.0,0.0,1.0,0,0,0,0,1500.5
SP,de R$ 8.001/mês a R$ 12.000/mês,1.0,0.0,1.0,0,0,1,0,10000.5
RJ,de R$ 1.001/mês a R$ 2.000/mês,0.0,1.0,0.0,0,0,0,0,1500.5
SP,de R$ 16.001/mês a R$ 20.000/mês,1.0,0.0,1.0,0,0,0,0,18000.5
PR,de R$ 8.001/mês a R$ 12.000/mês,1.0,0.0,1.0,0,0,0,0,10000.5
SP,de R$ 6.001/mês a R$ 8.000/mês,1.0,0.0,1.0,0,0,0,0,7000.5
DF,de R$ 16.001/mês a R$ 20.000/mês,0.0,0.0,0.0,0,0,0,0,18000.5
RJ,de R$ 8.001/mês a R$ 12.000/mês,1.0,0.0,1.0,0,0,0,0,10000.5
MG,de R$ 8.001/mês a R$ 12.000/mês,0.0,0.0,1.0,0,0,0,0,10000.5
SP,de R$ 12.001/mês a R$ 16.000/mês,0.0,0.0,0.0,0,0,0,0,14000.5
GO,de R$ 30.001/mês a R$ 40.000/mês,0.0,0.0,0.0,0,0,0,0,35000.5
RJ,de R$ 6.001/mês a R$ 8.000/mês,0.0,1.0,0.0,0,0,0,0,7000.5
RJ,de R$ 12.001/mês a R$ 16.000/mês,1.0,0.0,1.0,0,0,0,0,14000.5
MG,de R$ 6.001/mês a R$ 8.000/mês,1.0,0.0,0.0,0,0,0,0,7000.5
RJ,de R$ 16.001/mês a R$ 20.000/mês,1.0,0.0,1.0,0,0,1,0,18000.5
SP,de R$ 2.001/mês a R$ 3.000/mês,1.0,0.0,0.0,1,0,0,0,2500.5
DF,de R$ 12.001/mês a R$ 16.000/mês,0.0,0.0,0.0,0,0,0,0,14000.5
SP,de R$ 12.001/mês a R$ 16.000/mês,1.0,0.0,1.0,1,0,1,0,14000.5
SP,Não informado,0.0,0.0,0.0,0,0,0,0,10576.036405723906
SP,de R$ 1.001/mês a R$ 2.000/mês,1.0,0.0,1.0,1,0,0,0,1500.5
RS,de R$ 2.001/mês a R$ 3.000/mês,1.0,0.0,1.0,0,0,1,0,2500.5
SP,de R$ 6.001/mês a R$ 8.000/mês,1.0,0.0,0.0,0,1,1,0,7000.5
MG,de R$ 4.001/mês a R$ 6.000/mês,1.0,0.0,1.0,0,1,1,0,5000.5
SC,de R$ 8.001/mês a R$ 12.000/mês,1.0,0.0,0.0,0,0,0,0,10000.5
SP,de R$ 1.001/mês a R$ 2.000/mês,0.0,1.0,0.0,0,0,0,0,1500.5
CE,de R$ 3.001/mês a R$ 4.000/mês,1.0,0.0,1.0,0,0,1,0,3500.5
PA,de R$ 8.001/mês a R$ 12.000/mês,1.0,0.0,1.0,0,0,0,0,10000.5
RN,de R$ 4.001/mês a R$ 6.000/mês,1.0,0.0,1.0,0,0,0,0,5000.5
SC,de R$ 12.001/mês a R$ 16.000/mês,1.0,0.0,1.0,0,0,0,0,14000.5
SP,de R$ 6.001/mês a R$ 8.000/mês,1.0,0.0,1.0,0,0,0,0,7000.5
RJ,de R$ 30.001/mês a R$ 40.000/mês,1.0,0.0,1.0,0,0,0,0,35000.5
DF,de R$ 8.001/mês a R$ 12.000/mês,1.0,0.0,0.0,0,0,0,0,10000.5
RS,de R$ 2.001/mês a R$ 3.000/mês,1.0,0.0,1.0,1,0,0,0,2500.5
SP,de R$ 8.001/mês a R$ 12.000/mês,1.0,0.0,1.0,0,0,0,0,10000.5
SP,Não informado,0.0,0.0,0.0,0,0,0,0,10576.036405723906
SP,de R$ 4.001/mês a R$ 6.000/mês,1.0,0.0,1.0,0,0,0,0,5000.5
DF,de R$ 8.001/mês a R$ 12.000/mês,1.0,0.0,1.0,0,0,0,0,10000.5
SP,de R$ 8.001/mês a R$ 12.000/mês,1.0,0.0,1.0,0,0,0,0,10000.5
RN,de R$ 1.001/mês a R$ 2.000/mês,0.0,1.0,0.0,0,0,0,0,1500.5
SP,de R$ 30.001/mês a R$ 40.000/mês,1.0,0.0,1.0,0,0,0,0,35000.5
SP,de R$ 12.001/mês a R$ 16.000/mês,1.0,0.0,1.0,0,0,0,0,14000.5
PR,de R$ 6.001/mês a R$ 8.000/mês,1.0,0.0,1.0,0,0,0,0,7000.5
CE,Não informado,0.0,0.0,0.0,0,0,0,0,10576.036405723906
PE,de R$ 3.001/mês a R$ 4.000/mês,1.0,0.0,0.0,0,0,0,0,3500.5
SP,de R$ 2.001/mês a R$ 3.000/mês,1.0,0.0,1.0,0,0,0,0,2500.5
MG,de R$ 6.001/mês a R$ 8.000/mês,1.0,0.0,1.0,0,0,0,0,7000.5
SP,de R$ 25.001/mês a R$ 30.000/mês,0.0,0.0,0.0,0,0,0,0,27500.5
MG,de R$ 2.001/mês a R$ 3.000/mês,1.0,0.0,1.0,1,0,0,0,2500.5
RJ,de R$ 2.001/mês a R$ 3.000/mês,1.0,0.0,1.0,1,0,0,0,2500.5
SP,de R$ 4.001/mês a R$ 6.000/mês,1.0,0.0,1.0,0,0,0,0,5000.5
SP,de R$ 6.001/mês a R$ 8.000/mês,1.0,0.0,1.0,0,0,0,0,7000.5
SP,de R$ 6.001/mês a R$ 8.000/mês,1.0,0.0,1.0,1,0,0,0,7000.5
AM,de R$ 6.001/mês a R$ 8.000/mês,0.0,0.0,1.0,0,0,0,0,7000.5
NI,de R$ 25.001/mês a R$ 30.000/mês,1.0,0.0,0.0,0,1,0,0,27500.5
PR,de R$ 4.001/mês a R$ 6.000/mês,1.0,0.0,1.0,0,0,0,0,5000.5
MG,de R$ 4.001/mês a R$ 6.000/mês,1.0,0.0,1.0,1,0,0,0,5000.5
RS,de R$ 12.001/mês a R$ 16.000/mês,1.0,0.0,1.0,0,0,0,0,14000.5
NI,de R$ 30.001/mês a R$ 40.000/mês,0.0,0.0,0.0,0,0,0,0,35000.5
CE,de R$ 2.001/mês a R$ 3.000/mês,0.0,1.0,0.0,0,0,0,0,2500.5
SP,de R$ 8.001/mês a R$ 12.000/mês,1.0,0.0,1.0,0,0,0,0,10000.5
SP,Não informado,0.0,0.0,0.0,0,0,0,0,10576.036405723906
MG,Não informado,0.0,0.0,0.0,0,0,0,0,10576.036405723906
PR,de R$ 12.001/mês a R$ 16.000/mês,1.0,0.0,1.0,0,0,0,0,14000.5
RS,de R$ 6.001/mês a R$ 8.000/mês,1.0,0.0,1.0,0,1,1,0,7000.5
PA,de R$ 8.001/mês a R$ 12.000/mês,0.0,1.0,0.0,0,0,0,0,10000.5
SP,de R$ 6.001/mês a R$ 8.000/mês,0.0,0.0,0.0,0,0,0,0,7000.5
PE,Não informado,0.0,0.0,0.0,0,0,0,0,10576.036405723906
MG,de R$ 16.001/mês a R$ 20.000/mês,0.0,0.0,0.0,0,0,0,0,18000.5
RJ,de R$ 8.001/mês a R$ 12.000/mês,0.0,0.0,0.0,0,0,0,0,10000.5
PR,de R$ 4.001/mês a R$ 6.000/mês,1.0,0.0,1.0,0,0,0,0,5000.5
PE,de R$ 8.001/mês a R$ 12.000/mês,1.0,0.0,1.0,1,0,0,0,10000.5
SC,de R$ 6.001/mês a R$ 8.000/mês,0.0,0.0,0.0,0,0,0,0,7000.5
SP,de R$ 4.001/mês a R$ 6.000/mês,1.0,0.0,0.0,0,0,0,0,5000.5
SP,Não informado,0.0,0.0,0.0,0,0,0,0,10576.036405723906
PE,de R$ 6.001/mês a R$ 8.000/mês,1.0,0.0,1.0,0,0,0,0,7000.5
SP,de R$ 16.001/mês a R$ 20.000/mês,0.0,0.0,0.0,0,0,0,0,18000.5
RJ,de R$ 6.001/mês a R$ 8.000/mês,1.0,0.0,1.0,1,0,0,0,7000.5
SP,de R$ 6.001/mês a R$ 8.000/mês,1.0,0.0,1.0,0,0,1,0,7000.5
DF,Não informado,0.0,0.0,0.0,0,0,0,0,10576.036405723906
PR,de R$ 8.001/mês a R$ 12.000/mês,1.0,0.0,1.0,0,0,0,0,10000.5
SP,de R$ 8.001/mês a R$ 12.000/mês,1.0,0.0,1.0,0,0,0,0,10000.5
RJ,de R$ 8.001/mês a R$ 12.000/mês,1.0,0.0,1.0,0,0,0,0,10000.5
DF,de R$ 12.001/mês a R$ 16.000/mês,0.0,0.0,0.0,0,0,0,0,14000.5
GO,de R$ 4.001/mês a R$ 6.000/mês,1.0,0.0,1.0,0,0,0,0,5000.5
PE,Menos de R$ 1.000/mês,1.0,0.0,1.0,0,0,0,0,500.0
SP,de R$ 20.001/mês a R$ 25.000/mês,0.0,0.0,0.0,0,0,0,0,22500.5
SP,de R$ 4.001/mês a R$ 6.000/mês,0.0,1.0,0.0,0,0,0,0,5000.5
SP,de R$ 6.001/mês a R$ 8.000/mês,0.0,0.0,1.0,1,0,0,0,7000.5
PR,de R$ 2.001/mês a R$ 3.000/mês,1.0,0.0,1.0,0,0,0,0,2500.5
CE,de R$ 3.001/mês a R$ 4.000/mês,0.0,1.0,0.0,0,0,0,0,3500.5
GO,de R$ 8.001/mês a R$ 12.000/mês,0.0,0.0,0.0,0,0,0,0,10000.5
RS,de R$ 25.001/mês a R$ 30.000/mês,0.0,0.0,0.0,0,0,0,0,27500.5
BA,de R$ 12.001/mês a R$ 16.000/mês,1.0,0.0,1.0,1,0,0,0,14000.5
SP,de R$ 25.001/mês a R$ 30.000/mês,1.0,0.0,1.0,0,0,0,0,27500.5
SP,de R$ 6.001/mês a R$ 8.000/mês,1.0,0.0,0.0,0,0,1,0,7000.5
SP,de R$ 8.001/mês a R$ 12.000/mês,1.0,0.0,1.0,1,0,0,0,10000.5
PE,de R$ 12.001/mês a R$ 16.000/mês,1.0,0.0,1.0,0,0,0,0,14000.5
PR,de R$ 8.001/mês a R$ 12.000/mês,1.0,0.0,1.0,0,0,1,0,10000.5
SP,de R$ 8.001/mês a R$ 12.000/mês,1.0,0.0,1.0,0,0,0,0,10000.5
PA,de R$ 6.001/mês a R$ 8.000/mês,1.0,0.0,1.0,0,0,0,0,7000.5
MG,de R$ 1.001/mês a R$ 2.000/mês,1.0,0.0,1.0,0,0,0,0,1500.5
BA,de R$ 16.001/mês a R$ 20.000/mês,1.0,0.0,1.0,1,0,0,0,18000.5
MT,de R$ 3.001/mês a R$ 4.000/mês,1.0,0.0,1.0,0,0,0,0,3500.5
SP,de R$ 8.001/mês a R$ 12.000/mês,0.0,0.0,1.0,0,0,0,1,10000.5
SC,de R$ 4.001/mês a R$ 6.000/mês,1.0,0.0,0.0,0,0,0,0,5000.5
RS,de R$ 16.001/mês a R$ 20.000/mês,1.0,0.0,1.0,0,0,0,0,18000.5
CE,de R$ 6.001/mês a R$ 8.000/mês,1.0,0.0,1.0,0,0,0,0,7000.5
RJ,de R$ 20.001/mês a R$ 25.000/mês,0.0,0.0,0.0,0,0,0,0,22500.5
SP,de R$ 4.001/mês a R$ 6.000/mês,1.0,0.0,1.0,0,0,0,0,5000.5
PR,Não informado,0.0,0.0,0.0,0,0,0,0,10576.036405723906
CE,de R$ 3.001/mês a R$ 4.000/mês,0.0,1.0,0.0,0,0,0,0,3500.5
MG,de R$ 20.001/mês a R$ 25.000/mês,1.0,0.0,1.0,0,0,0,0,22500.5
SC,Não informado,0.0,0.0,0.0,0,0,0,0,10576.036405723906
SP,de R$ 8.001/mês a R$ 12.000/mês,0.0,0.0,0.0,0,0,0,0,10000.5
SP,de R$ 8.001/mês a R$ 12.000/mês,1.0,0.0,0.0,0,0,0,0,10000.5
RS,de R$ 4.001/mês a R$ 6.000/mês,1.0,0.0,1.0,0,0,0,0,5000.5
PE,de R$ 8.001/mês a R$ 12.000/mês,0.0,0.0,1.0,0,0,0,0,10000.5
SP,Não informado,0.0,0.0,0.0,0,0,0,0,10576.036405723906
DF,de R$ 6.001/mês a R$ 8.000/mês,0.0,0.0,1.0,0,0,1,0,7000.5
MG,de R$ 12.001/mês a R$ 16.000/mês,1.0,0.0,0.0,0,0,0,0,14000.5
MG,de R$ 25.001/mês a R$ 30.000/mês,0.0,0.0,0.0,0,0,0,0,27500.5
SP,de R$ 8.001/mês a R$ 12.000/mês,0.0,0.0,1.0,0,0,0,0,10000.5
MG,de R$ 6.001/mês a R$ 8.000/mês,0.0,0.0,0.0,0,0,0,0,7000.5
SP,de R$ 16.001/mês a R$ 20.000/mês,0.0,0.0,0.0,0,0,0,0,18000.5
NI,de R$ 30.001/mês a R$ 40.000/mês,1.0,0.0,0.0,0,0,0,0,35000.5
PR,de R$ 3.001/mês a R$ 4.000/mês,0.0,1.0,0.0,0,0,0,0,3500.5
SP,de R$ 8.001/mês a R$ 12.000/mês,1.0,0.0,1.0,0,0,0,0,10000.5
RS,de R$ 4.001/mês a R$ 6.000/mês,1.0,0.0,1.0,0,0,0,0,5000.5
MG,de R$ 12.001/mês a R$ 16.000/mês,0.0,0.0,0.0,0,0,0,0,14000.5
SP,de R$ 6.001/mês a R$ 8.000/mês,1.0,0.0,1.0,0,0,0,0,7000.5
SP,de R$ 16.001/mês a R$ 20.000/mês,1.0,0.0,1.0,0,0,0,0,18000.5
PE,de R$ 3.001/mês a R$ 4.000/mês,1.0,1.0,0.0,0,0,0,0,3500.5
ES,de R$ 8.001/mês a R$ 12.000/mês,1.0,0.0,1.0,0,0,0,0,10000.5
SP,Não informado,0.0,0.0,0.0,0,0,0,0,10576.036405723906
SP,de R$ 8.001/mês a R$ 12.000/mês,1.0,0.0,1.0,0,0,0,0,10000.5
RJ,de R$ 2.001/mês a R$ 3.000/mês,0.0,0.0,1.0,0,0,0,0,2500.5
SP,de R$ 12.001/mês a R$ 16.000/mês,0.0,0.0,0.0,0,0,0,0,14000.5
ES,de R$ 4.001/mês a R$ 6.000/mês,1.0,0.0,1.0,0,0,0,0,5000.5
TO,de R$ 8.001/mês a R$ 12.000/mês,1.0,0.0,1.0,0,0,0,0,10000.5
RS,de R$ 4.001/mês a R$ 6.000/mês,0.0,1.0,0.0,0,0,0,0,5000.5
SC,de R$ 4.001/mês a R$ 6.000/mês,0.0,1.0,0.0,0,0,0,0,5000.5
RJ,de R$ 30.001/mês a R$ 40.000/mês,0.0,0.0,0.0,0,0,0,0,35000.5
SC,de R$ 8.001/mês a R$ 12.000/mês,1.0,0.0,1.0,0,0,1,0,10000.5
SP,de R$ 12.001/mês a R$ 16.000/mês,1.0,0.0,1.0,0,0,0,0,14000.5
RN,Não informado,0.0,0.0,0.0,0,0,0,0,10576.036405723906
MG,de R$ 4.001/mês a R$ 6.000/mês,0.0,1.0,0.0,0,0,0,0,5000.5
RS,Não informado,0.0,0.0,0.0,0,0,0,0,10576.036405723906
PR,de R$ 8.001/mês a R$ 12.000/mês,1.0,0.0,1.0,1,0,0,0,10000.5
DF,de R$ 1.001/mês a R$ 2.000/mês,0.0,1.0,0.0,0,0,0,0,1500.5
SP,de R$ 8.001/mês a R$ 12.000/mês,1.0,0.0,1.0,0,0,0,0,10000.5
SP,de R$ 8.001/mês a R$ 12.000/mês,1.0,0.0,1.0,1,0,0,0,10000.5
SP,de R$ 1.001/mês a R$ 2.000/mês,1.0,0.0,1.0,0,0,0,0,1500.5
MG,de R$ 8.001/mês a R$ 12.000/mês,0.0,0.0,0.0,0,0,0,0,10000.5
MG,Não informado,0.0,0.0,0.0,0,0,0,0,10576.036405723906
PE,de R$ 1.001/mês a R$ 2.000/mês,1.0,0.0,1.0,0,0,0,0,1500.5
PR,de R$ 6.001/mês a R$ 8.000/mês,1.0,0.0,1.0,0,0,0,0,7000.5
MG,de R$ 12.001/mês a R$ 16.000/mês,0.0,0.0,1.0,1,0,0,0,14000.5
GO,de R$ 4.001/mês a R$ 6.000/mês,1.0,0.0,1.0,0,0,0,0,5000.5
RJ,de R$ 6.001/mês a R$ 8.000/mês,1.0,0.0,1.0,1,0,1,0,7000.5
RS,de R$ 8.001/mês a R$ 12.000/mês,1.0,0.0,1.0,0,0,0,0,10000.5
SP,de R$ 12.001/mês a R$ 16.000/mês,1.0,0.0,1.0,0,0,0,0,14000.5
AM,de R$ 6.001/mês a R$ 8.000/mês,0.0,0.0,0.0,0,0,0,0,7000.5
SP,de R$ 8.001/mês a R$ 12.000/mês,1.0,0.0,1.0,0,0,0,0,10000.5
RJ,de R$ 20.001/mês a R$ 25.000/mês,1.0,0.0,0.0,0,0,0,0,22500.5
SP,de R$ 2.001/mês a R$ 3.000/mês,0.0,0.0,0.0,0,0,0,0,2500.5
SP,de R$ 6.001/mês a R$ 8.000/mês,0.0,0.0,1.0,0,0,0,0,7000.5
SP,de R$ 12.001/mês a R$ 16.000/mês,1.0,0.0,1.0,0,0,0,0,14000.5
MG,de R$ 4.001/mês a R$ 6.000/mês,1.0,0.0,1.0,0,0,0,0,5000.5
SP,de R$ 12.001/mês a R$ 16.000/mês,0.0,0.0,0.0,0,0,0,0,14000.5
RJ,de R$ 2.001/mês a R$ 3.000/mês,1.0,0.0,1.0,0,0,0,0,2500.5
SP,de R$ 4.001/mês a R$ 6.000/mês,1.0,0.0,1.0,0,0,0,0,5000.5
RJ,Não informado,0.0,0.0,0.0,0,0,0,0,10576.036405723906
BA,de R$ 3.001/mês a R$ 4.000/mês,1.0,0.0,0.0,0,0,0,0,3500.5
BA,de R$ 12.001/mês a R$ 16.000/mês,0.0,0.0,0.0,0,0,0,0,14000.5
PE,Não informado,0.0,0.0,0.0,0,0,0,0,10576.036405723906
GO,de R$ 16.001/mês a R$ 20.000/mês,0.0,0.0,0.0,0,0,0,0,18000.5
RN,de R$ 4.001/mês a R$ 6.000/mês,1.0,0.0,1.0,0,0,0,0,5000.5
SP,de R$ 6.001/mês a R$ 8.000/mês,1.0,0.0,1.0,0,0,0,0,7000.5
ES,de R$ 20.001/mês a R$ 25.000/mês,0.0,0.0,0.0,0,0,0,0,22500.5
PE,de R$ 4.001/mês a R$ 6.000/mês,1.0,0.0,0.0,0,0,0,0,5000.5
SP,de R$ 8.001/mês a R$ 12.000/mês,0.0,0.0,0.0,0,0,0,0,10000.5
PR,de R$ 2.001/mês a R$ 3.000/mês,1.0,0.0,0.0,1,0,0,0,2500.5
CE,de R$ 4.001/mês a R$ 6.000/mês,1.0,0.0,0.0,0,0,0,0,5000.5
RJ,de R$ 12.001/mês a R$ 16.000/mês,1.0,0.0,1.0,0,1,1,0,14000.5
SP,de R$ 8.001/mês a R$ 12.000/mês,0.0,0.0,1.0,0,0,0,0,10000.5
MG,de R$ 6.001/mês a R$ 8.000/mês,1.0,0.0,1.0,0,0,0,0,7000.5
RJ,de R$ 3.001/mês a R$ 4.000/mês,1.0,0.0,1.0,0,0,0,0,3500.5
GO,de R$ 4.001/mês a R$ 6.000/mês,1.0,0.0,1.0,0,0,0,0,5000.5
PR,de R$ 6.001/mês a R$ 8.000/mês,1.0,0.0,1.0,0,0,1,0,7000.5
BA,de R$ 2.001/mês a R$ 3.000/mês,0.0,0.0,0.0,0,0,0,0,2500.5
RJ,de R$ 4.001/mês a R$ 6.000/mês,0.0,1.0,0.0,0,0,0,0,5000.5
AP,de R$ 6.001/mês a R$ 8.000/mês,1.0,0.0,1.0,0,1,1,0,7000.5
SP,Não informado,0.0,0.0,0.0,0,0,0,0,10576.036405723906
PR,de R$ 8.001/mês a R$ 12.000/mês,1.0,0.0,1.0,0,1,1,0,10000.5
SP,de R$ 4.001/mês a R$ 6.000/mês,1.0,0.0,1.0,0,0,0,0,5000.5
SP,de R$ 4.001/mês a R$ 6.000/mês,1.0,0.0,0.0,0,0,0,0,5000.5
PR,de R$ 6.001/mês a R$ 8.000/mês,1.0,0.0,1.0,0,0,0,0,7000.5
RS,de R$ 12.001/mês a R$ 16.000/mês,0.0,0.0,0.0,0,0,0,0,14000.5
ES,de R$ 20.001/mês a R$ 25.000/mês,0.0,0.0,0.0,0,0,0,0,22500.5
RS,de R$ 6.001/mês a R$ 8.000/mês,1.0,0.0,1.0,0,0,0,0,7000.5
DF,de R$ 4.001/mês a R$ 6.000/mês,1.0,0.0,1.0,1,0,0,0,5000.5
RJ,de R$ 8.001/mês a R$ 12.000/mês,1.0,0.0,1.0,0,0,0,0,10000.5
SP,de R$ 6.001/mês a R$ 8.000/mês,0.0,1.0,0.0,0,0,0,0,7000.5
SP,de R$ 6.001/mês a R$ 8.000/mês,1.0,0.0,1.0,1,0,0,0,7000.5
RJ,de R$ 4.001/mês a R$ 6.000/mês,1.0,0.0,1.0,0,0,0,0,5000.5
ES,de R$ 16.001/mês a R$ 20.000/mês,0.0,0.0,0.0,0,0,0,0,18000.5
MG,de R$ 30.001/mês a R$ 40.000/mês,0.0,0.0,0.0,0,0,0,0,35000.5
SP,de R$ 4.001/mês a R$ 6.000/mês,0.0,1.0,0.0,0,0,0,0,5000.5
SP,de R$ 2.001/mês a R$ 3.000/mês,0.0,0.0,1.0,0,0,0,0,2500.5
SP,de R$ 12.001/mês a R$ 16.000/mês,0.0,0.0,0.0,0,0,0,0,14000.5
SP,de R$ 16.001/mês a R$ 20.000/mês,0.0,0.0,1.0,1,0,0,0,18000.5
MG,de R$ 12.001/mês a R$ 16.000/mês,1.0,0.0,1.0,0,0,0,0,14000.5
GO,Não informado,0.0,0.0,0.0,0,0,0,0,10576.036405723906
AL,Menos de R$ 1.000/mês,0.0,0.0,1.0,0,0,0,0,500.0
SP,de R$ 12.001/mês a R$ 16.000/mês,1.0,0.0,1.0,0,0,0,0,14000.5
SE,Não informado,0.0,0.0,0.0,0,0,0,0,10576.036405723906
RJ,de R$ 8.001/mês a R$ 12.000/mês,1.0,0.0,1.0,0,0,0,0,10000.5
MG,de R$ 30.001/mês a R$ 40.000/mês,0.0,0.0,0.0,0,0,0,0,35000.5
SP,de R$ 12.001/mês a R$ 16.000/mês,1.0,0.0,1.0,0,0,0,0,14000.5
RN,de R$ 1.001/mês a R$ 2.000/mês,1.0,0.0,0.0,0,1,1,1,1500.5
PR,de R$ 4.001/mês a R$ 6.000/mês,0.0,0.0,1.0,0,0,0,0,5000.5
SP,de R$ 6.001/mês a R$ 8.000/mês,1.0,0.0,1.0,0,0,0,0,7000.5
SP,de R$ 16.001/mês a R$ 20.000/mês,1.0,0.0,1.0,0,0,0,0,18000.5
PI,de R$ 2.001/mês a R$ 3.000/mês,1.0,0.0,0.0,0,0,0,0,2500.5
SP,de R$ 4.001/mês a R$ 6.000/mês,0.0,0.0,0.0,0,0,0,0,5000.5
RJ,de R$ 8.001/mês a R$ 12.000/mês,0.0,0.0,0.0,0,0,0,0,10000.5
SP,de R$ 30.001/mês a R$ 40.000/mês,1.0,0.0,1.0,1,0,0,0,35000.5
RJ,de R$ 16.001/mês a R$ 20.000/mês,0.0,0.0,0.0,0,0,0,0,18000.5
RS,de R$ 6.001/mês a R$ 8.000/mês,1.0,0.0,1.0,0,0,0,0,7000.5
RS,de R$ 8.001/mês a R$ 12.000/mês,1.0,0.0,1.0,1,0,1,0,10000.5
SP,de R$ 12.001/mês a R$ 16.000/mês,1.0,0.0,0.0,0,0,0,0,14000.5
SP,Não informado,0.0,0.0,0.0,0,0,0,0,10576.036405723906
SP,de R$ 4.001/mês a R$ 6.000/mês,1.0,0.0,1.0,0,0,0,0,5000.5
PR,de R$ 3.001/mês a R$ 4.000/mês,1.0,0.0,1.0,0,1,1,0,3500.5
SP,de R$ 6.001/mês a R$ 8.000/mês,1.0,0.0,0.0,1,0,0,0,7000.5
PE,de R$ 2.001/mês a R$ 3.000/mês,0.0,0.0,1.0,0,0,1,0,2500.5
ES,de R$ 12.001/mês a R$ 16.000/mês,1.0,0.0,1.0,0,0,0,0,14000.5
RN,de R$ 3.001/mês a R$ 4.000/mês,0.0,1.0,0.0,0,0,0,0,3500.5
MG,de R$ 4.001/mês a R$ 6.000/mês,0.0,0.0,0.0,0,0,0,0,5000.5
SP,de R$ 4.001/mês a R$ 6.000/mês,0.0,1.0,0.0,0,0,0,0,5000.5
SP,de R$ 20.001/mês a R$ 25.000/mês,0.0,0.0,0.0,0,0,0,0,22500.5
SC,Não informado,0.0,0.0,0.0,0,0,0,0,10576.036405723906
SP,de R$ 4.001/mês a R$ 6.000/mês,1.0,0.0,1.0,0,0,1,0,5000.5
SP,de R$ 20.001/mês a R$ 25.000/mês,0.0,0.0,0.0,0,0,0,0,22500.5
RJ,de R$ 2.001/mês a R$ 3.000/mês,1.0,0.0,0.0,0,0,0,0,2500.5
MG,de R$ 6.001/mês a R$ 8.000/mês,1.0,0.0,0.0,1,0,0,0,7000.5
SP,de R$ 2.001/mês a R$ 3.000/mês,1.0,0.0,0.0,0,0,0,0,2500.5
RJ,de R$ 8.001/mês a R$ 12.000/mês,0.0,0.0,1.0,0,0,0,0,10000.5
DF,de R$ 20.001/mês a R$ 25.000/mês,0.0,0.0,0.0,0,0,0,0,22500.5
SP,de R$ 8.001/mês a R$ 12.000/mês,1.0,0.0,1.0,0,0,0,0,10000.5
SP,de R$ 16.001/mês a R$ 20.000/mês,1.0,0.0,1.0,0,0,0,0,18000.5
RS,de R$ 4.001/mês a R$ 6.000/mês,1.0,0.0,1.0,1,0,0,0,5000.5
SC,de R$ 20.001/mês a R$ 25.000/mês,0.0,0.0,0.0,0,0,0,0,22500.5
SP,de R$ 16.001/mês a R$ 20.000/mês,0.0,0.0,0.0,0,0,0,0,18000.5
SP,de R$ 1.001/mês a R$ 2.000/mês,0.0,0.0,0.0,0,0,0,0,1500.5
SC,de R$ 12.001/mês a R$ 16.000/mês,1.0,0.0,1.0,0,0,0,0,14000.5
SC,de R$ 8.001/mês a R$ 12.000/mês,1.0,0.0,1.0,0,0,0,1,10000.5
SC,de R$ 12.001/mês a R$ 16.000/mês,1.0,0.0,1.0,1,0,0,0,14000.5
SP,de R$ 4.001/mês a R$ 6.000/mês,1.0,0.0,1.0,1,0,0,1,5000.5
SP,de R$ 25.001/mês a R$ 30.000/mês,0.0,0.0,0.0,0,0,0,0,27500.5
SP,de R$ 16.001/mês a R$ 20.000/mês,1.0,0.0,0.0,0,0,0,0,18000.5
SP,de R$ 12.001/mês a R$ 16.000/mês,1.0,0.0,1.0,1,0,0,0,14000.5
SC,de R$ 8.001/mês a R$ 12.000/mês,1.0,0.0,1.0,0,1,1,0,10000.5
PR,de R$ 8.001/mês a R$ 12.000/mês,1.0,0.0,1.0,1,0,1,0,10000.5
MG,de R$ 6.001/mês a R$ 8.000/mês,0.0,0.0,1.0,0,0,0,0,7000.5
SP,de R$ 8.001/mês a R$ 12.000/mês,1.0,0.0,1.0,1,0,0,0,10000.5
RO,de R$ 6.001/mês a R$ 8.000/mês,1.0,0.0,1.0,1,0,0,0,7000.5
PR,de R$ 16.001/mês a R$ 20.000/mês,0.0,0.0,0.0,0,0,0,0,18000.5
PE,de R$ 8.001/mês a R$ 12.000/mês,1.0,0.0,1.0,0,0,0,0,10000.5
SC,de R$ 6.001/mês a R$ 8.000/mês,1.0,0.0,1.0,0,0,0,0,7000.5
CE,Não informado,0.0,0.0,0.0,0,0,0,0,10576.036405723906
DF,de R$ 4.001/mês a R$ 6.000/mês,1.0,0.0,1.0,0,0,0,0,5000.5
SP,de R$ 4.001/mês a R$ 6.000/mês,1.0,0.0,1.0,0,0,0,0,5000.5
SP,de R$ 20.001/mês a R$ 25.000/mês,0.0,0.0,0.0,0,0,0,0,22500.5
RO,de R$ 6.001/mês a R$ 8.000/mês,1.0,0.0,1.0,0,0,0,0,7000.5
SP,de R$ 6.001/mês a R$ 8.000/mês,1.0,0.0,1.0,1,0,0,0,7000.5
SP,Acima de R$ 40.001/mês,0.0,0.0,0.0,0,0,0,0,50000.0
DF,de R$ 2.001/mês a R$ 3.000/mês,0.0,0.0,1.0,0,0,0,0,2500.5
SP,de R$ 6.001/mês a R$ 8.000/mês,1.0,0.0,1.0,0,0,0,0,7000.5
PR,de R$ 8.001/mês a R$ 12.000/mês,0.0,1.0,0.0,0,0,0,0,10000.5
CE,de R$ 12.001/mês a R$ 16.000/mês,1.0,0.0,1.0,0,0,0,0,14000.5
SP,de R$ 6.001/mês a R$ 8.000/mês,1.0,0.0,0.0,0,0,0,0,7000.5
DF,Não informado,0.0,0.0,0.0,0,0,0,0,10576.036405723906
SP,de R$ 12.001/mês a R$ 16.000/mês,0.0,0.0,0.0,0,0,0,0,14000.5
SC,de R$ 3.001/mês a R$ 4.000/mês,0.0,0.0,1.0,0,0,0,0,3500.5
SP,de R$ 8.001/mês a R$ 12.000/mês,1.0,0.0,1.0,0,0,0,0,10000.5
SP,de R$ 4.001/mês a R$ 6.000/mês,1.0,0.0,0.0,0,0,1,0,5000.5
RJ,de R$ 8.001/mês a R$ 12.000/mês,0.0,0.0,0.0,0,0,0,0,10000.5
MS,de R$ 8.001/mês a R$ 12.000/mês,1.0,0.0,1.0,0,0,0,0,10000.5
SP,de R$ 12.001/mês a R$ 16.000/mês,1.0,0.0,1.0,0,0,0,0,14000.5
NI,de R$ 12.001/mês a R$ 16.000/mês,1.0,0.0,1.0,0,0,0,0,14000.5
SP,de R$ 4.001/mês a R$ 6.000/mês,1.0,0.0,0.0,0,0,0,0,5000.5
CE,Não informado,0.0,0.0,0.0,0,0,0,0,10576.036405723906
RS,de R$ 6.001/mês a R$ 8.000/mês,1.0,0.0,1.0,0,0,0,0,7000.5
SP,de R$ 16.001/mês a R$ 20.000/mês,1.0,0.0,1.0,0,0,0,0,18000.5
SP,de R$ 12.001/mês a R$ 16.000/mês,1.0,0.0,1.0,1,0,0,0,14000.5
SP,de R$ 6.001/mês a R$ 8.000/mês,1.0,0.0,1.0,0,0,0,0,7000.5
SP,de R$ 4.001/mês a R$ 6.000/mês,1.0,0.0,1.0,0,0,0,0,5000.5
PR,de R$ 25.001/mês a R$ 30.000/mês,0.0,0.0,0.0,0,0,0,0,27500.5
RS,de R$ 6.001/mês a R$ 8.000/mês,1.0,0.0,0.0,0,0,0,0,7000.5
PR,de R$ 8.001/mês a R$ 12.000/mês,1.0,0.0,1.0,0,0,0,0,10000.5
SP,de R$ 16.001/mês a R$ 20.000/mês,0.0,0.0,0.0,0,0,0,0,18000.5
SP,de R$ 8.001/mês a R$ 12.000/mês,0.0,0.0,0.0,0,0,0,0,10000.5
PR,de R$ 3.001/mês a R$ 4.000/mês,1.0,0.0,1.0,0,0,0,0,3500.5
DF,de R$ 8.001/mês a R$ 12.000/mês,0.0,1.0,0.0,0,0,0,0,10000.5
SP,de R$ 20.001/mês a R$ 25.000/mês,0.0,0.0,0.0,0,0,0,0,22500.5
MT,de R$ 6.001/mês a R$ 8.000/mês,0.0,0.0,0.0,0,0,0,0,7000.5
SP,de R$ 2.001/mês a R$ 3.000/mês,1.0,0.0,1.0,0,0,0,0,2500.5
PR,de R$ 12.001/mês a R$ 16.000/mês,0.0,0.0,0.0,0,0,0,0,14000.5
CE,de R$ 4.001/mês a R$ 6.000/mês,1.0,0.0,1.0,1,0,0,0,5000.5
SP,Acima de R$ 40.001/mês,0.0,0.0,0.0,0,0,0,0,50000.0
MG,de R$ 1.001/mês a R$ 2.000/mês,1.0,0.0,1.0,0,0,0,0,1500.5
SP,Não informado,0.0,0.0,0.0,0,0,0,0,10576.036405723906
RJ,de R$ 4.001/mês a R$ 6.000/mês,1.0,0.0,1.0,0,0,0,0,5000.5
MG,de R$ 3.001/mês a R$ 4.000/mês,0.0,1.0,0.0,0,0,0,0,3500.5
SP,de R$ 6.001/mês a R$ 8.000/mês,1.0,0.0,0.0,0,0,1,0,7000.5
RS,de R$ 8.001/mês a R$ 12.000/mês,1.0,0.0,1.0,0,0,0,0,10000.5
SP,de R$ 4.001/mês a R$ 6.000/mês,1.0,0.0,1.0,0,0,0,0,5000.5
RJ,de R$ 12.001/mês a R$ 16.000/mês,1.0,0.0,0.0,0,0,0,0,14000.5
CE,de R$ 3.001/mês a R$ 4.000/mês,1.0,0.0,1.0,0,0,0,0,3500.5
SC,de R$ 16.001/mês a R$ 20.000/mês,0.0,0.0,0.0,0,0,0,0,18000.5
PR,de R$ 4.001/mês a R$ 6.000/mês,1.0,0.0,0.0,0,0,1,0,5000.5
SP,Acima de R$ 40.001/mês,0.0,0.0,0.0,0,0,0,0,50000.0
TO,de R$ 25.001/mês a R$ 30.000/mês,1.0,0.0,1.0,0,0,0,0,27500.5
MA,de R$ 2.001/mês a R$ 3.000/mês,0.0,0.0,0.0,0,0,0,0,2500.5
SP,de R$ 8.001/mês a R$ 12.000/mês,1.0,0.0,1.0,0,1,1,0,10000.5
SP,de R$ 6.001/mês a R$ 8.000/mês,0.0,0.0,0.0,0,0,0,0,7000.5
BA,de R$ 6.001/mês a R$ 8.000/mês,1.0,0.0,1.0,1,0,0,0,7000.5
RJ,Não informado,0.0,0.0,0.0,0,0,0,0,10576.036405723906
SP,de R$ 25.001/mês a R$ 30.000/mês,1.0,0.0,1.0,0,0,0,0,27500.5
DF,de R$ 6.001/mês a R$ 8.000/mês,1.0,0.0,1.0,0,0,0,0,7000.5
SP,de R$ 8.001/mês a R$ 12.000/mês,1.0,0.0,1.0,0,0,0,0,10000.5
SP,de R$ 8.001/mês a R$ 12.000/mês,1.0,0.0,1.0,0,0,0,0,10000.5
MG,de R$ 6.001/mês a R$ 8.000/mês,1.0,0.0,1.0,0,0,0,0,7000.5
SP,de R$ 16.001/mês a R$ 20.000/mês,0.0,0.0,0.0,0,0,0,0,18000.5
SP,de R$ 16.001/mês a R$ 20.000/mês,0.0,0.0,0.0,0,0,0,0,18000.5
NI,de R$ 16.001/mês a R$ 20.000/mês,1.0,0.0,1.0,0,0,0,0,18000.5
RJ,de R$ 4.001/mês a R$ 6.000/mês,1.0,0.0,1.0,0,0,0,0,5000.5
MG,de R$ 3.001/mês a R$ 4.000/mês,1.0,0.0,1.0,0,0,0,0,3500.5
RJ,de R$ 8.001/mês a R$ 12.000/mês,1.0,0.0,1.0,0,0,0,0,10000.5
PI,de R$ 6.001/mês a R$ 8.000/mês,0.0,0.0,0.0,0,0,0,0,7000.5
GO,Não informado,0.0,0.0,0.0,0,0,0,0,10576.036405723906
SP,de R$ 4.001/mês a R$ 6.000/mês,1.0,0.0,1.0,0,0,0,0,5000.5
PR,de R$ 3.001/mês a R$ 4.000/mês,0.0,0.0,0.0,0,0,0,0,3500.5
DF,de R$ 12.001/mês a R$ 16.000/mês,1.0,0.0,1.0,0,0,0,0,14000.5
SP,de R$ 2.001/mês a R$ 3.000/mês,0.0,1.0,0.0,0,0,0,0,2500.5
SP,de R$ 4.001/mês a R$ 6.000/mês,1.0,0.0,0.0,0,0,0,0,5000.5
SC,de R$ 4.001/mês a R$ 6.000/mês,1.0,0.0,0.0,0,0,0,0,5000.5
CE,de R$ 16.001/mês a R$ 20.000/mês,0.0,0.0,0.0,0,0,0,0,18000.5
SC,de R$ 8.001/mês a R$ 12.000/mês,1.0,0.0,1.0,0,0,0,0,10000.5
MG,Acima de R$ 40.001/mês,1.0,0.0,1.0,0,1,1,0,50000.0
CE,de R$ 4.001/mês a R$ 6.000/mês,0.0,0.0,1.0,0,0,0,0,5000.5
MG,de R$ 4.001/mês a R$ 6.000/mês,1.0,0.0,1.0,0,0,0,0,5000.5
SP,Não informado,0.0,0.0,0.0,0,0,0,0,10576.036405723906
RS,de R$ 4.001/mês a R$ 6.000/mês,0.0,0.0,1.0,1,1,1,0,5000.5
MA,de R$ 6.001/mês a R$ 8.000/mês,0.0,0.0,1.0,0,0,0,0,7000.5
RJ,de R$ 8.001/mês a R$ 12.000/mês,1.0,0.0,1.0,0,0,0,0,10000.5
SP,de R$ 12.001/mês a R$ 16.000/mês,1.0,0.0,1.0,0,0,0,0,14000.5
BA,de R$ 20.001/mês a R$ 25.000/mês,1.0,0.0,1.0,0,0,0,0,22500.5
BA,Não informado,0.0,0.0,0.0,0,0,0,0,10576.036405723906
MG,de R$ 12.001/mês a R$ 16.000/mês,0.0,0.0,0.0,0,0,0,0,14000.5
SP,de R$ 4.001/mês a R$ 6.000/mês,1.0,0.0,1.0,1,0,1,0,5000.5
SP,de R$ 4.001/mês a R$ 6.000/mês,1.0,0.0,1.0,0,0,0,0,5000.5
SP,de R$ 8.001/mês a R$ 12.000/mês,1.0,0.0,1.0,0,0,0,0,10000.5
SP,de R$ 8.001/mês a R$ 12.000/mês,1.0,0.0,1.0,0,0,0,0,10000.5
SP,de R$ 8.001/mês a R$ 12.000/mês,1.0,0.0,1.0,0,0,0,0,10000.5
BA,de R$ 12.001/mês a R$ 16.000/mês,1.0,0.0,1.0,0,1,1,0,14000.5
MG,de R$ 25.001/mês a R$ 30.000/mês,0.0,0.0,0.0,0,0,0,0,27500.5
SP,de R$ 4.001/mês a R$ 6.000/mês,1.0,0.0,1.0,0,0,0,0,5000.5
DF,Não informado,0.0,0.0,0.0,0,0,0,0,10576.036405723906
SC,de R$ 12.001/mês a R$ 16.000/mês,1.0,0.0,1.0,0,0,0,0,14000.5
SP,de R$ 12.001/mês a R$ 16.000/mês,1.0,0.0,1.0,0,0,0,0,14000.5
ES,de R$ 4.001/mês a R$ 6.000/mês,1.0,0.0,1.0,0,0,0,0,5000.5
SP,Acima de R$ 40.001/mês,0.0,0.0,0.0,0,0,0,0,50000.0
MG,de R$ 2.001/mês a R$ 3.000/mês,1.0,0.0,0.0,0,0,0,0,2500.5
SP,Não informado,0.0,0.0,0.0,0,0,0,0,10576.036405723906
SP,de R$ 3.001/mês a R$ 4.000/mês,1.0,0.0,0.0,0,0,0,0,3500.5
SP,Não informado,0.0,0.0,0.0,0,0,0,0,10576.036405723906
SP,Não informado,0.0,0.0,0.0,0,0,0,0,10576.036405723906
SC,de R$ 4.001/mês a R$ 6.000/mês,1.0,0.0,1.0,0,0,0,0,5000.5
PB,Não informado,0.0,0.0,0.0,0,0,0,0,10576.036405723906
MG,de R$ 4.001/mês a R$ 6.000/mês,1.0,0.0,1.0,0,0,0,0,5000.5
DF,de R$ 16.001/mês a R$ 20.000/mês,1.0,0.0,1.0,0,0,0,0,18000.5
PR,de R$ 8.001/mês a R$ 12.000/mês,0.0,0.0,0.0,0,0,0,0,10000.5
RJ,de R$ 16.001/mês a R$ 20.000/mês,0.0,0.0,0.0,0,0,0,0,18000.5
SC,de R$ 6.001/mês a R$ 8.000/mês,1.0,0.0,1.0,0,0,0,0,7000.5
MG,de R$ 30.001/mês a R$ 40.000/mês,0.0,0.0,0.0,0,0,0,0,35000.5
MG,de R$ 12.001/mês a R$ 16.000/mês,1.0,0.0,1.0,1,0,0,0,14000.5
MG,de R$ 8.001/mês a R$ 12.000/mês,1.0,0.0,0.0,0,0,0,0,10000.5
SP,de R$ 12.001/mês a R$ 16.000/mês,1.0,0.0,1.0,0,0,0,0,14000.5
GO,de R$ 4.001/mês a R$ 6.000/mês,1.0,0.0,1.0,0,0,0,0,5000.5
RJ,de R$ 8.001/mês a R$ 12.000/mês,1.0,0.0,0.0,0,0,0,0,10000.5
MG,Não informado,0.0,0.0,0.0,0,0,0,0,10576.036405723906
SP,de R$ 4.001/mês a R$ 6.000/mês,0.0,1.0,0.0,0,0,0,0,5000.5
GO,de R$ 6.001/mês a R$ 8.000/mês,1.0,0.0,1.0,0,0,0,0,7000.5
GO,de R$ 8.001/mês a R$ 12.000/mês,0.0,0.0,0.0,0,0,0,0,10000.5
SP,de R$ 2.001/mês a R$ 3.000/mês,0.0,1.0,0.0,0,0,0,0,2500.5
BA,de R$ 8.001/mês a R$ 12.000/mês,0.0,0.0,0.0,0,0,0,0,10000.5
SP,de R$ 8.001/mês a R$ 12.000/mês,0.0,0.0,1.0,0,0,0,0,10000.5
SP,de R$ 25.001/mês a R$ 30.000/mês,1.0,0.0,1.0,0,0,0,0,27500.5
PE,Não informado,0.0,0.0,0.0,0,0,0,0,10576.036405723906
NI,de R$ 12.001/mês a R$ 16.000/mês,1.0,0.0,1.0,0,0,0,0,14000.5
RS,de R$ 4.001/mês a R$ 6.000/mês,1.0,0.0,1.0,1,0,1,0,5000.5
MG,de R$ 6.001/mês a R$ 8.000/mês,1.0,0.0,1.0,0,0,0,0,7000.5
SP,de R$ 16.001/mês a R$ 20.000/mês,1.0,0.0,1.0,0,0,0,0,18000.5
SP,Não informado,0.0,0.0,0.0,0,0,0,0,10576.036405723906
SP,de R$ 8.001/mês a R$ 12.000/mês,0.0,0.0,1.0,0,0,1,0,10000.5
DF,de R$ 8.001/mês a R$ 12.000/mês,0.0,0.0,0.0,1,0,0,0,10000.5
SP,de R$ 16.001/mês a R$ 20.000/mês,1.0,0.0,1.0,0,0,0,0,18000.5
AL,de R$ 12.001/mês a R$ 16.000/mês,0.0,0.0,1.0,0,1,1,1,14000.5
SP,de R$ 16.001/mês a R$ 20.000/mês,1.0,0.0,1.0,0,0,0,0,18000.5
MG,de R$ 30.001/mês a R$ 40.000/mês,1.0,0.0,1.0,0,0,0,0,35000.5
CE,de R$ 12.001/mês a R$ 16.000/mês,1.0,0.0,1.0,0,1,1,0,14000.5
PE,de R$ 8.001/mês a R$ 12.000/mês,1.0,0.0,1.0,0,0,0,0,10000.5
AM,de R$ 16.001/mês a R$ 20.000/mês,0.0,0.0,0.0,0,0,0,0,18000.5
SC,de R$ 8.001/mês a R$ 12.000/mês,1.0,0.0,0.0,0,0,0,0,10000.5
RS,de R$ 12.001/mês a R$ 16.000/mês,0.0,0.0,0.0,0,0,0,0,14000.5
DF,de R$ 12.001/mês a R$ 16.000/mês,0.0,0.0,1.0,1,0,0,0,14000.5
RS,de R$ 8.001/mês a R$ 12.000/mês,1.0,0.0,1.0,0,0,0,0,10000.5
SP,de R$ 6.001/mês a R$ 8.000/mês,1.0,0.0,1.0,1,0,0,0,7000.5
SP,de R$ 8.001/mês a R$ 12.000/mês,1.0,0.0,1.0,0,0,0,0,10000.5
SP,de R$ 6.001/mês a R$ 8.000/mês,1.0,0.0,1.0,1,0,0,0,7000.5
SP,de R$ 8.001/mês a R$ 12.000/mês,1.0,0.0,1.0,0,0,0,0,10000.5
SP,de R$ 3.001/mês a R$ 4.000/mês,1.0,0.0,1.0,0,0,0,0,3500.5
RJ,de R$ 1.001/mês a R$ 2.000/mês,1.0,0.0,1.0,0,1,1,0,1500.5
PR,de R$ 16.001/mês a R$ 20.000/mês,0.0,0.0,0.0,0,0,1,0,18000.5
RJ,de R$ 1.001/mês a R$ 2.000/mês,1.0,0.0,0.0,0,0,0,0,1500.5
MG,de R$ 4.001/mês a R$ 6.000/mês,1.0,0.0,1.0,0,0,0,0,5000.5
RJ,de R$ 12.001/mês a R$ 16.000/mês,0.0,0.0,0.0,0,0,0,0,14000.5
SP,de R$ 4.001/mês a R$ 6.000/mês,0.0,1.0,0.0,0,0,0,0,5000.5
SP,de R$ 2.001/mês a R$ 3.000/mês,1.0,0.0,1.0,0,0,0,0,2500.5
SP,de R$ 3.001/mês a R$ 4.000/mês,1.0,0.0,1.0,1,0,0,0,3500.5
PR,de R$ 4.001/mês a R$ 6.000/mês,1.0,0.0,0.0,1,0,0,0,5000.5
SP,de R$ 20.001/mês a R$ 25.000/mês,1.0,0.0,1.0,0,0,0,0,22500.5
CE,Não informado,0.0,0.0,0.0,0,0,0,0,10576.036405723906
SC,de R$ 3.001/mês a R$ 4.000/mês,1.0,0.0,1.0,0,0,0,0,3500.5
SP,de R$ 16.001/mês a R$ 20.000/mês,0.0,0.0,0.0,0,0,0,0,18000.5
SC,de R$ 4.001/mês a R$ 6.000/mês,0.0,0.0,0.0,0,0,0,0,5000.5
SP,de R$ 20.001/mês a R$ 25.000/mês,0.0,0.0,0.0,0,0,0,0,22500.5
RJ,Não informado,0.0,0.0,0.0,0,0,0,0,10576.036405723906
SP,de R$ 12.001/mês a R$ 16.000/mês,1.0,0.0,1.0,0,0,0,0,14000.5
RJ,de R$ 1.001/mês a R$ 2.000/mês,0.0,1.0,0.0,0,0,0,0,1500.5
PR,de R$ 20.001/mês a R$ 25.000/mês,0.0,0.0,0.0,0,0,0,0,22500.5
RS,de R$ 6.001/mês a R$ 8.000/mês,1.0,0.0,0.0,0,0,0,0,7000.5
RN,de R$ 8.001/mês a R$ 12.000/mês,0.0,0.0,1.0,0,0,0,0,10000.5
SP,de R$ 1.001/mês a R$ 2.000/mês,0.0,1.0,0.0,0,0,0,0,1500.5
PR,de R$ 12.001/mês a R$ 16.000/mês,1.0,0.0,1.0,0,0,0,0,14000.5
SP,de R$ 16.001/mês a R$ 20.000/mês,0.0,0.0,0.0,0,0,0,0,18000.5
SP,de R$ 3.001/mês a R$ 4.000/mês,0.0,1.0,0.0,0,0,0,0,3500.5
MG,de R$ 3.001/mês a R$ 4.000/mês,0.0,0.0,1.0,1,0,0,0,3500.5
CE,de R$ 4.001/mês a R$ 6.000/mês,0.0,1.0,0.0,0,0,0,0,5000.5
MT,de R$ 4.001/mês a R$ 6.000/mês,1.0,0.0,1.0,0,0,1,0,5000.5
PR,de R$ 6.001/mês a R$ 8.000/mês,1.0,0.0,1.0,0,0,1,0,7000.5
NI,de R$ 30.001/mês a R$ 40.000/mês,0.0,0.0,0.0,0,0,0,0,35000.5
SP,Não informado,0.0,0.0,0.0,0,0,0,0,10576.036405723906
RS,de R$ 4.001/mês a R$ 6.000/mês,1.0,0.0,1.0,0,0,0,0,5000.5
RS,de R$ 25.001/mês a R$ 30.000/mês,1.0,0.0,1.0,0,0,0,0,27500.5
RJ,de R$ 8.001/mês a R$ 12.000/mês,1.0,0.0,1.0,0,0,0,0,10000.5
SP,de R$ 12.001/mês a R$ 16.000/mês,1.0,0.0,1.0,0,0,0,0,14000.5
SP,de R$ 4.001/mês a R$ 6.000/mês,0.0,0.0,0.0,0,0,0,0,5000.5
SP,de R$ 2.001/mês a R$ 3.000/mês,1.0,0.0,1.0,0,0,0,0,2500.5
SP,de R$ 12.001/mês a R$ 16.000/mês,1.0,0.0,1.0,0,0,0,0,14000.5
MG,de R$ 4.001/mês a R$ 6.000/mês,1.0,0.0,1.0,0,0,0,0,5000.5
RS,de R$ 6.001/mês a R$ 8.000/mês,1.0,0.0,1.0,0,0,0,0,7000.5
SP,de R$ 8.001/mês a R$ 12.000/mês,0.0,0.0,0.0,0,0,0,0,10000.5
SP,de R$ 16.001/mês a R$ 20.000/mês,0.0,0.0,0.0,0,0,0,0,18000.5
MA,de R$ 3.001/mês a R$ 4.000/mês,1.0,0.0,1.0,1,0,0,0,3500.5
MG,de R$ 8.001/mês a R$ 12.000/mês,1.0,0.0,0.0,0,0,0,0,10000.5
MG,de R$ 4.001/mês a R$ 6.000/mês,1.0,0.0,1.0,0,0,0,0,5000.5
RJ,de R$ 12.001/mês a R$ 16.000/mês,1.0,0.0,0.0,0,0,0,0,14000.5
PE,de R$ 4.001/mês a R$ 6.000/mês,1.0,0.0,1.0,0,0,0,0,5000.5
SP,de R$ 20.001/mês a R$ 25.000/mês,0.0,0.0,0.0,0,0,0,0,22500.5
RJ,Não informado,0.0,0.0,0.0,0,0,0,0,10576.036405723906
SP,de R$ 2.001/mês a R$ 3.000/mês,1.0,0.0,1.0,0,0,0,0,2500.5
SC,de R$ 20.001/mês a R$ 25.000/mês,1.0,0.0,1.0,0,0,0,0,22500.5
SP,de R$ 12.001/mês a R$ 16.000/mês,0.0,0.0,0.0,0,0,0,0,14000.5
SP,de R$ 4.001/mês a R$ 6.000/mês,1.0,0.0,1.0,0,0,0,0,5000.5
SP,de R$ 6.001/mês a R$ 8.000/mês,1.0,0.0,0.0,0,1,1,0,7000.5
SP,de R$ 6.001/mês a R$ 8.000/mês,0.0,0.0,1.0,0,0,1,0,7000.5
RJ,de R$ 2.001/mês a R$ 3.000/mês,1.0,0.0,0.0,1,1,1,0,2500.5
RJ,de R$ 8.001/mês a R$ 12.000/mês,1.0,0.0,1.0,0,0,0,0,10000.5
CE,de R$ 6.001/mês a R$ 8.000/mês,1.0,0.0,1.0,1,0,0,0,7000.5
SP,de R$ 6.001/mês a R$ 8.000/mês,1.0,0.0,1.0,0,0,0,0,7000.5
SP,de R$ 8.001/mês a R$ 12.000/mês,1.0,0.0,1.0,0,0,0,0,10000.5
SP,de R$ 8.001/mês a R$ 12.000/mês,1.0,0.0,1.0,0,0,0,0,10000.5
RS,de R$ 2.001/mês a R$ 3.000/mês,0.0,1.0,0.0,0,0,0,0,2500.5
MG,de R$ 4.001/mês a R$ 6.000/mês,0.0,0.0,1.0,0,0,0,0,5000.5
SP,Menos de R$ 1.000/mês,0.0,0.0,0.0,0,0,0,0,500.0
SP,de R$ 8.001/mês a R$ 12.000/mês,1.0,0.0,1.0,0,0,0,0,10000.5
DF,Não informado,0.0,0.0,0.0,0,0,0,0,10576.036405723906
CE,de R$ 8.001/mês a R$ 12.000/mês,1.0,0.0,1.0,0,0,0,0,10000.5
RS,de R$ 4.001/mês a R$ 6.000/mês,1.0,0.0,1.0,0,0,1,0,5000.5
ES,de R$ 8.001/mês a R$ 12.000/mês,1.0,0.0,1.0,0,0,0,0,10000.5
RJ,de R$ 2.001/mês a R$ 3.000/mês,0.0,1.0,0.0,0,0,0,0,2500.5
PA,Não informado,0.0,0.0,0.0,0,0,0,0,10576.036405723906
BA,de R$ 6.001/mês a R$ 8.000/mês,1.0,0.0,1.0,1,0,0,0,7000.5
SP,de R$ 6.001/mês a R$ 8.000/mês,0.0,0.0,1.0,0,0,0,0,7000.5
SP,de R$ 6.001/mês a R$ 8.000/mês,1.0,0.0,1.0,0,0,0,0,7000.5
RJ,de R$ 1.001/mês a R$ 2.000/mês,1.0,0.0,1.0,0,0,0,0,1500.5
SP,de R$ 4.001/mês a R$ 6.000/mês,1.0,0.0,1.0,0,0,1,0,5000.5
CE,de R$ 12.001/mês a R$ 16.000/mês,1.0,0.0,1.0,0,1,1,0,14000.5
MG,de R$ 3.001/mês a R$ 4.000/mês,1.0,0.0,1.0,0,0,1,0,3500.5
SP,de R$ 3.001/mês a R$ 4.000/mês,1.0,0.0,1.0,0,0,0,0,3500.5
SP,de R$ 6.001/mês a R$ 8.000/mês,1.0,0.0,1.0,0,0,0,0,7000.5
PR,de R$ 4.001/mês a R$ 6.000/mês,0.0,0.0,0.0,0,0,0,0,5000.5
PB,de R$ 3.001/mês a R$ 4.000/mês,1.0,0.0,1.0,0,0,0,0,3500.5
RN,de R$ 4.001/mês a R$ 6.000/mês,1.0,0.0,1.0,1,0,0,0,5000.5
SP,de R$ 12.001/mês a R$ 16.000/mês,1.0,0.0,1.0,0,0,0,0,14000.5
SP,de R$ 12.001/mês a R$ 16.000/mês,0.0,0.0,0.0,0,0,0,0,14000.5
MG,Não informado,0.0,0.0,0.0,0,0,0,0,10576.036405723906
MG,de R$ 16.001/mês a R$ 20.000/mês,1.0,0.0,1.0,1,0,0,0,18000.5
SP,Não informado,0.0,0.0,0.0,0,0,0,0,10576.036405723906
SC,Acima de R$ 40.001/mês,0.0,0.0,0.0,0,0,0,0,50000.0
SP,de R$ 12.001/mês a R$ 16.000/mês,1.0,0.0,1.0,1,0,0,0,14000.5
RJ,de R$ 1.001/mês a R$ 2.000/mês,1.0,0.0,0.0,0,0,1,0,1500.5
MG,de R$ 6.001/mês a R$ 8.000/mês,1.0,0.0,1.0,0,0,0,0,7000.5
SP,de R$ 8.001/mês a R$ 12.000/mês,1.0,0.0,1.0,0,0,0,0,10000.5
SP,Não informado,0.0,0.0,0.0,0,0,0,0,10576.036405723906
RJ,Não informado,0.0,0.0,0.0,0,0,0,0,10576.036405723906
PR,de R$ 6.001/mês a R$ 8.000/mês,1.0,0.0,0.0,0,0,0,0,7000.5
PR,de R$ 4.001/mês a R$ 6.000/mês,1.0,0.0,1.0,0,0,0,0,5000.5
SP,Não informado,0.0,0.0,0.0,0,0,0,0,10576.036405723906
SP,Não informado,0.0,0.0,0.0,0,0,0,0,10576.036405723906
SP,de R$ 20.001/mês a R$ 25.000/mês,0.0,0.0,0.0,0,0,0,0,22500.5
PR,de R$ 4.001/mês a R$ 6.000/mês,1.0,0.0,1.0,0,0,1,0,5000.5
SP,de R$ 3.001/mês a R$ 4.000/mês,0.0,0.0,0.0,0,0,1,0,3500.5
SP,de R$ 12.001/mês a R$ 16.000/mês,0.0,0.0,1.0,0,0,0,0,14000.5
SP,de R$ 4.001/mês a R$ 6.000/mês,1.0,0.0,1.0,1,0,0,0,5000.5
MG,de R$ 3.001/mês a R$ 4.000/mês,1.0,0.0,1.0,0,0,0,0,3500.5
RS,de R$ 4.001/mês a R$ 6.000/mês,1.0,0.0,1.0,0,0,0,0,5000.5
DF,de R$ 8.001/mês a R$ 12.000/mês,1.0,0.0,1.0,1,0,0,0,10000.5
AM,de R$ 12.001/mês a R$ 16.000/mês,1.0,0.0,1.0,0,0,0,0,14000.5
SP,de R$ 12.001/mês a R$ 16.000/mês,1.0,0.0,1.0,0,0,0,0,14000.5
MG,de R$ 2.001/mês a R$ 3.000/mês,1.0,0.0,0.0,0,0,0,0,2500.5
CE,de R$ 6.001/mês a R$ 8.000/mês,1.0,0.0,1.0,0,0,1,1,7000.5
SC,de R$ 8.001/mês a R$ 12.000/mês,0.0,0.0,0.0,0,0,0,0,10000.5
SP,de R$ 8.001/mês a R$ 12.000/mês,1.0,0.0,1.0,0,0,0,0,10000.5
MG,Acima de R$ 40.001/mês,1.0,0.0,1.0,1,0,1,0,50000.0
MG,de R$ 2.001/mês a R$ 3.000/mês,0.0,0.0,0.0,0,0,0,0,2500.5
PR,de R$ 4.001/mês a R$ 6.000/mês,1.0,0.0,1.0,0,0,0,0,5000.5
SP,de R$ 4.001/mês a R$ 6.000/mês,1.0,0.0,0.0,0,0,0,0,5000.5
RJ,de R$ 6.001/mês a R$ 8.000/mês,0.0,0.0,0.0,0,0,0,0,7000.5
PE,de R$ 4.001/mês a R$ 6.000/mês,1.0,0.0,1.0,0,0,0,0,5000.5
PR,Não informado,0.0,0.0,0.0,0,0,0,0,10576.036405723906
SP,de R$ 12.001/mês a R$ 16.000/mês,1.0,0.0,1.0,1,0,0,0,14000.5
CE,de R$ 4.001/mês a R$ 6.000/mês,0.0,0.0,0.0,1,0,0,0,5000.5
SP,de R$ 4.001/mês a R$ 6.000/mês,0.0,0.0,0.0,0,0,0,0,5000.5
SC,de R$ 8.001/mês a R$ 12.000/mês,1.0,0.0,1.0,0,1,1,1,10000.5
BA,de R$ 4.001/mês a R$ 6.000/mês,1.0,0.0,1.0,0,1,1,0,5000.5
SP,Acima de R$ 40.001/mês,0.0,0.0,0.0,0,0,0,0,50000.0
RJ,Não informado,0.0,0.0,0.0,0,0,0,0,10576.036405723906
MG,de R$ 4.001/mês a R$ 6.000/mês,1.0,0.0,1.0,1,0,0,0,5000.5
MG,de R$ 3.001/mês a R$ 4.000/mês,1.0,0.0,1.0,0,0,0,0,3500.5
MA,Não informado,0.0,0.0,0.0,0,0,0,0,10576.036405723906
BA,de R$ 4.001/mês a R$ 6.000/mês,0.0,0.0,0.0,0,0,0,0,5000.5
RJ,de R$ 12.001/mês a R$ 16.000/mês,0.0,0.0,0.0,0,0,0,0,14000.5
RS,de R$ 6.001/mês a R$ 8.000/mês,1.0,0.0,1.0,1,1,1,0,7000.5
GO,de R$ 16.001/mês a R$ 20.000/mês,0.0,0.0,0.0,0,0,0,0,18000.5
SP,de R$ 20.001/mês a R$ 25.000/mês,1.0,0.0,1.0,1,0,0,0,22500.5
RJ,de R$ 20.001/mês a R$ 25.000/mês,0.0,0.0,0.0,0,0,0,0,22500.5
PE,de R$ 12.001/mês a R$ 16.000/mês,1.0,0.0,1.0,0,0,1,0,14000.5
SP,de R$ 8.001/mês a R$ 12.000/mês,1.0,0.0,1.0,0,0,0,0,10000.5
MG,de R$ 30.001/mês a R$ 40.000/mês,0.0,0.0,0.0,0,0,0,0,35000.5
SP,de R$ 30.001/mês a R$ 40.000/mês,0.0,0.0,0.0,0,0,0,0,35000.5
BA,de R$ 4.001/mês a R$ 6.000/mês,0.0,0.0,0.0,0,0,0,0,5000.5
MG,de R$ 12.001/mês a R$ 16.000/mês,1.0,0.0,1.0,0,0,0,0,14000.5
DF,de R$ 1.001/mês a R$ 2.000/mês,1.0,0.0,1.0,0,0,0,0,1500.5
SP,Não informado,0.0,0.0,0.0,0,0,0,0,10576.036405723906
SC,de R$ 12.001/mês a R$ 16.000/mês,0.0,0.0,0.0,0,0,0,0,14000.5
RJ,de R$ 8.001/mês a R$ 12.000/mês,1.0,0.0,1.0,1,0,0,0,10000.5
RJ,de R$ 12.001/mês a R$ 16.000/mês,1.0,0.0,1.0,0,0,0,0,14000.5
SP,de R$ 1.001/mês a R$ 2.000/mês,0.0,1.0,0.0,1,0,0,1,1500.5
SP,Não informado,0.0,0.0,0.0,0,0,0,0,10576.036405723906
PR,de R$ 4.001/mês a R$ 6.000/mês,1.0,1.0,0.0,0,0,0,0,5000.5
PR,de R$ 4.001/mês a R$ 6.000/mês,1.0,0.0,1.0,1,1,1,0,5000.5
RJ,de R$ 6.001/mês a R$ 8.000/mês,1.0,0.0,1.0,0,0,0,0,7000.5
SP,de R$ 4.001/mês a R$ 6.000/mês,0.0,1.0,0.0,0,0,0,0,5000.5
SP,de R$ 12.001/mês a R$ 16.000/mês,1.0,0.0,1.0,0,1,1,0,14000.5
RJ,de R$ 8.001/mês a R$ 12.000/mês,1.0,0.0,1.0,0,0,0,0,10000.5
RJ,de R$ 3.001/mês a R$ 4.000/mês,1.0,0.0,1.0,0,0,0,0,3500.5
SP,de R$ 1.001/mês a R$ 2.000/mês,1.0,0.0,1.0,0,0,0,0,1500.5
MG,de R$ 3.001/mês a R$ 4.000/mês,1.0,0.0,1.0,0,0,0,0,3500.5
GO,de R$ 12.001/mês a R$ 16.000/mês,0.0,0.0,0.0,0,0,0,0,14000.5
RJ,de R$ 8.001/mês a R$ 12.000/mês,1.0,0.0,1.0,0,0,0,0,10000.5
SP,de R$ 12.001/mês a R$ 16.000/mês,1.0,0.0,1.0,0,0,0,0,14000.5
BA,de R$ 25.001/mês a R$ 30.000/mês,0.0,0.0,0.0,0,0,0,0,27500.5
RJ,de R$ 6.001/mês a R$ 8.000/mês,1.0,0.0,1.0,0,0,1,0,7000.5
RS,de R$ 30.001/mês a R$ 40.000/mês,0.0,0.0,0.0,0,0,0,0,35000.5
PR,Não informado,0.0,0.0,0.0,0,0,0,0,10576.036405723906
PA,de R$ 8.001/mês a R$ 12.000/mês,1.0,0.0,1.0,0,0,0,0,10000.5
PR,de R$ 1.001/mês a R$ 2.000/mês,1.0,1.0,0.0,0,0,0,0,1500.5
SP,de R$ 16.001/mês a R$ 20.000/mês,1.0,0.0,1.0,0,0,0,0,18000.5
DF,de R$ 16.001/mês a R$ 20.000/mês,1.0,0.0,0.0,1,0,0,0,18000.5
SP,de R$ 6.001/mês a R$ 8.000/mês,1.0,0.0,1.0,0,0,0,0,7000.5
SC,de R$ 4.001/mês a R$ 6.000/mês,0.0,0.0,1.0,1,0,0,0,5000.5
SP,de R$ 6.001/mês a R$ 8.000/mês,1.0,0.0,1.0,0,0,1,0,7000.5
SP,de R$ 16.001/mês a R$ 20.000/mês,0.0,0.0,0.0,0,0,0,0,18000.5
SP,de R$ 12.001/mês a R$ 16.000/mês,1.0,0.0,0.0,0,0,0,0,14000.5
RJ,Não informado,0.0,0.0,0.0,0,0,0,0,10576.036405723906
PB,de R$ 4.001/mês a R$ 6.000/mês,1.0,0.0,1.0,0,0,0,0,5000.5
SP,de R$ 8.001/mês a R$ 12.000/mês,1.0,0.0,1.0,0,0,0,0,10000.5
SP,de R$ 4.001/mês a R$ 6.000/mês,1.0,0.0,1.0,0,0,0,0,5000.5
RJ,de R$ 4.001/mês a R$ 6.000/mês,1.0,0.0,1.0,1,0,0,0,5000.5
PA,de R$ 1.001/mês a R$ 2.000/mês,0.0,0.0,1.0,0,1,1,0,1500.5
SP,de R$ 3.001/mês a R$ 4.000/mês,1.0,0.0,0.0,0,0,0,0,3500.5
SP,de R$ 4.001/mês a R$ 6.000/mês,1.0,0.0,1.0,0,0,0,0,5000.5
PR,de R$ 8.001/mês a R$ 12.000/mês,1.0,0.0,0.0,0,0,0,0,10000.5
PR,de R$ 6.001/mês a R$ 8.000/mês,1.0,0.0,1.0,1,0,0,0,7000.5
PR,de R$ 6.001/mês a R$ 8.000/mês,1.0,0.0,1.0,0,0,0,0,7000.5
RJ,de R$ 6.001/mês a R$ 8.000/mês,1.0,0.0,0.0,0,0,0,0,7000.5
SP,de R$ 12.001/mês a R$ 16.000/mês,1.0,0.0,0.0,0,0,0,0,14000.5
SP,de R$ 3.001/mês a R$ 4.000/mês,1.0,0.0,1.0,0,0,0,0,3500.5
SP,de R$ 8.001/mês a R$ 12.000/mês,1.0,0.0,1.0,0,0,0,0,10000.5
SP,de R$ 8.001/mês a R$ 12.000/mês,1.0,0.0,1.0,0,0,0,0,10000.5
SP,de R$ 20.001/mês a R$ 25.000/mês,0.0,0.0,0.0,0,0,0,0,22500.5
SC,de R$ 12.001/mês a R$ 16.000/mês,1.0,0.0,1.0,0,0,0,0,14000.5
SP,de R$ 3.001/mês a R$ 4.000/mês,1.0,0.0,1.0,0,1,1,0,3500.5
PB,de R$ 8.001/mês a R$ 12.000/mês,1.0,0.0,1.0,1,1,0,0,10000.5
MG,de R$ 6.001/mês a R$ 8.000/mês,1.0,0.0,1.0,0,0,0,0,7000.5
PB,de R$ 8.001/mês a R$ 12.000/mês,1.0,0.0,1.0,0,0,0,0,10000.5
BA,Não informado,0.0,0.0,0.0,0,0,0,0,10576.036405723906
PR,de R$ 1.001/mês a R$ 2.000/mês,0.0,1.0,0.0,0,0,0,0,1500.5
SP,de R$ 20.001/mês a R$ 25.000/mês,0.0,0.0,0.0,0,0,0,0,22500.5
ES,de R$ 2.001/mês a R$ 3.000/mês,0.0,1.0,0.0,0,0,0,0,2500.5
SP,de R$ 6.001/mês a R$ 8.000/mês,1.0,0.0,0.0,1,0,0,0,7000.5
SP,de R$ 16.001/mês a R$ 20.000/mês,1.0,0.0,1.0,1,0,0,0,18000.5
RS,de R$ 8.001/mês a R$ 12.000/mês,1.0,0.0,1.0,0,0,0,0,10000.5
SP,de R$ 6.001/mês a R$ 8.000/mês,0.0,0.0,0.0,0,0,0,0,7000.5
MS,Não informado,0.0,0.0,0.0,0,0,0,0,10576.036405723906
PR,de R$ 4.001/mês a R$ 6.000/mês,1.0,0.0,0.0,0,0,0,0,5000.5
PB,de R$ 1.001/mês a R$ 2.000/mês,1.0,0.0,1.0,0,0,0,0,1500.5
MG,Não informado,0.0,0.0,0.0,0,0,0,0,10576.036405723906
PB,de R$ 1.001/mês a R$ 2.000/mês,1.0,0.0,1.0,0,0,0,0,1500.5
SP,de R$ 16.001/mês a R$ 20.000/mês,0.0,0.0,0.0,0,0,0,0,18000.5
SP,de R$ 8.001/mês a R$ 12.000/mês,1.0,0.0,1.0,0,0,0,0,10000.5
RJ,de R$ 25.001/mês a R$ 30.000/mês,0.0,0.0,0.0,0,0,0,0,27500.5
SP,de R$ 8.001/mês a R$ 12.000/mês,1.0,0.0,1.0,0,0,0,0,10000.5
RJ,de R$ 3.001/mês a R$ 4.000/mês,1.0,0.0,1.0,0,0,0,0,3500.5
MG,Não informado,0.0,0.0,0.0,0,0,0,0,10576.036405723906
SP,de R$ 30.001/mês a R$ 40.000/mês,0.0,0.0,1.0,0,0,0,0,35000.5
SP,de R$ 6.001/mês a R$ 8.000/mês,1.0,0.0,1.0,1,0,0,0,7000.5
PE,de R$ 4.001/mês a R$ 6.000/mês,1.0,0.0,1.0,0,1,1,0,5000.5
SP,de R$ 8.001/mês a R$ 12.000/mês,1.0,0.0,1.0,0,1,1,0,10000.5
RJ,de R$ 16.001/mês a R$ 20.000/mês,0.0,0.0,0.0,0,0,0,0,18000.5
SP,de R$ 20.001/mês a R$ 25.000/mês,0.0,0.0,0.0,0,0,0,0,22500.5
MG,Não informado,0.0,0.0,0.0,0,0,0,0,10576.036405723906
PR,de R$ 3.001/mês a R$ 4.000/mês,1.0,0.0,1.0,0,0,0,0,3500.5
SP,Não informado,0.0,0.0,0.0,0,0,0,0,10576.036405723906
SP,de R$ 1.001/mês a R$ 2.000/mês,1.0,0.0,0.0,1,0,0,0,1500.5
DF,de R$ 8.001/mês a R$ 12.000/mês,0.0,0.0,0.0,0,0,0,0,10000.5
RJ,de R$ 20.001/mês a R$ 25.000/mês,0.0,0.0,0.0,0,0,0,0,22500.5
MG,de R$ 12.001/mês a R$ 16.000/mês,0.0,0.0,0.0,0,0,0,0,14000.5
MG,de R$ 4.001/mês a R$ 6.000/mês,1.0,0.0,0.0,0,0,0,0,5000.5
PR,de R$ 4.001/mês a R$ 6.000/mês,1.0,0.0,1.0,0,0,0,0,5000.5
RJ,de R$ 12.001/mês a R$ 16.000/mês,0.0,0.0,0.0,0,0,0,0,14000.5
CE,de R$ 8.001/mês a R$ 12.000/mês,1.0,0.0,1.0,0,0,0,0,10000.5
PB,de R$ 12.001/mês a R$ 16.000/mês,1.0,0.0,1.0,0,0,0,0,14000.5
PR,de R$ 25.001/mês a R$ 30.000/mês,0.0,0.0,0.0,0,0,0,0,27500.5
SP,de R$ 1.001/mês a R$ 2.000/mês,0.0,0.0,1.0,0,0,0,0,1500.5
SP,de R$ 16.001/mês a R$ 20.000/mês,0.0,0.0,0.0,0,0,0,0,18000.5
SC,Acima de R$ 40.001/mês,1.0,0.0,1.0,0,0,0,0,50000.0
MG,de R$ 6.001/mês a R$ 8.000/mês,0.0,0.0,1.0,0,0,0,0,7000.5
SC,de R$ 6.001/mês a R$ 8.000/mês,0.0,0.0,0.0,0,0,0,0,7000.5
SP,de R$ 4.001/mês a R$ 6.000/mês,1.0,0.0,1.0,0,0,0,0,5000.5
SP,de R$ 25.001/mês a R$ 30.000/mês,0.0,0.0,0.0,0,0,0,0,27500.5
SP,Não informado,0.0,0.0,0.0,0,0,0,0,10576.036405723906
SP,de R$ 8.001/mês a R$ 12.000/mês,1.0,0.0,1.0,1,0,0,0,10000.5
RJ,Não informado,0.0,0.0,0.0,0,0,0,0,10576.036405723906
MG,Não informado,0.0,0.0,0.0,0,0,0,0,10576.036405723906
ES,de R$ 1.001/mês a R$ 2.000/mês,1.0,0.0,1.0,0,0,0,0,1500.5
MG,de R$ 2.001/mês a R$ 3.000/mês,0.0,1.0,0.0,0,0,0,0,2500.5
RS,de R$ 8.001/mês a R$ 12.000/mês,0.0,0.0,0.0,0,0,0,0,10000.5
PR,Acima de R$ 40.001/mês,0.0,0.0,0.0,0,0,0,0,50000.0
MA,de R$ 3.001/mês a R$ 4.000/mês,1.0,0.0,1.0,0,1,0,0,3500.5
SP,de R$ 20.001/mês a R$ 25.000/mês,0.0,0.0,0.0,0,0,0,0,22500.5
SP,de R$ 2.001/mês a R$ 3.000/mês,0.0,1.0,0.0,0,0,0,0,2500.5
RS,de R$ 4.001/mês a R$ 6.000/mês,1.0,0.0,1.0,0,0,0,0,5000.5
ES,de R$ 8.001/mês a R$ 12.000/mês,0.0,0.0,0.0,0,0,0,0,10000.5
SP,de R$ 4.001/mês a R$ 6.000/mês,0.0,1.0,0.0,0,0,0,0,5000.5
SP,de R$ 16.001/mês a R$ 20.000/mês,0.0,0.0,0.0,0,0,0,0,18000.5
SP,de R$ 25.001/mês a R$ 30.000/mês,0.0,0.0,0.0,0,0,0,0,27500.5
MG,de R$ 6.001/mês a R$ 8.000/mês,1.0,0.0,1.0,0,0,0,0,7000.5
PE,de R$ 4.001/mês a R$ 6.000/mês,1.0,0.0,1.0,0,0,0,0,5000.5
SP,de R$ 2.001/mês a R$ 3.000/mês,1.0,0.0,0.0,0,0,0,0,2500.5
PE,de R$ 16.001/mês a R$ 20.000/mês,1.0,0.0,1.0,1,1,1,0,18000.5
NI,de R$ 16.001/mês a R$ 20.000/mês,0.0,0.0,0.0,0,0,0,0,18000.5
RJ,de R$ 4.001/mês a R$ 6.000/mês,1.0,0.0,1.0,0,0,0,0,5000.5
AM,de R$ 4.001/mês a R$ 6.000/mês,1.0,0.0,1.0,0,0,0,0,5000.5
SP,de R$ 25.001/mês a R$ 30.000/mês,0.0,0.0,0.0,0,0,0,0,27500.5
SP,de R$ 8.001/mês a R$ 12.000/mês,0.0,0.0,1.0,0,0,0,0,10000.5
RJ,de R$ 16.001/mês a R$ 20.000/mês,1.0,0.0,1.0,0,0,0,1,18000.5
SP,de R$ 16.001/mês a R$ 20.000/mês,0.0,0.0,0.0,0,0,0,0,18000.5
SP,de R$ 6.001/mês a R$ 8.000/mês,1.0,0.0,0.0,0,0,1,1,7000.5
NI,de R$ 16.001/mês a R$ 20.000/mês,1.0,0.0,1.0,0,0,0,0,18000.5
SP,de R$ 2.001/mês a R$ 3.000/mês,1.0,0.0,1.0,0,0,1,0,2500.5
MG,de R$ 3.001/mês a R$ 4.000/mês,1.0,0.0,1.0,1,0,0,0,3500.5
BA,de R$ 16.001/mês a R$ 20.000/mês,1.0,0.0,1.0,0,0,0,1,18000.5
RJ,Não informado,0.0,0.0,0.0,0,0,0,0,10576.036405723906
PE,de R$ 2.001/mês a R$ 3.000/mês,0.0,0.0,0.0,0,0,0,0,2500.5
SP,de R$ 12.001/mês a R$ 16.000/mês,0.0,0.0,0.0,0,0,0,0,14000.5
MG,de R$ 12.001/mês a R$ 16.000/mês,1.0,0.0,1.0,0,0,0,0,14000.5
MG,de R$ 4.001/mês a R$ 6.000/mês,1.0,0.0,1.0,0,1,1,0,5000.5
SP,de R$ 12.001/mês a R$ 16.000/mês,1.0,0.0,1.0,0,0,0,0,14000.5
MT,de R$ 16.001/mês a R$ 20.000/mês,0.0,0.0,0.0,0,0,0,0,18000.5
SP,de R$ 12.001/mês a R$ 16.000/mês,0.0,0.0,0.0,0,0,0,0,14000.5
SP,Não informado,0.0,0.0,0.0,0,0,0,0,10576.036405723906
SP,de R$ 6.001/mês a R$ 8.000/mês,0.0,0.0,0.0,0,0,0,0,7000.5
SP,de R$ 4.001/mês a R$ 6.000/mês,1.0,0.0,1.0,0,0,0,0,5000.5
RJ,de R$ 6.001/mês a R$ 8.000/mês,0.0,1.0,0.0,0,0,0,0,7000.5
SP,de R$ 12.001/mês a R$ 16.000/mês,0.0,0.0,1.0,0,0,0,0,14000.5
SP,de R$ 4.001/mês a R$ 6.000/mês,1.0,0.0,1.0,0,0,1,0,5000.5
SP,de R$ 8.001/mês a R$ 12.000/mês,1.0,0.0,1.0,1,0,1,0,10000.5
PB,de R$ 12.001/mês a R$ 16.000/mês,1.0,0.0,1.0,0,0,0,0,14000.5
MT,de R$ 8.001/mês a R$ 12.000/mês,0.0,0.0,0.0,0,0,0,0,10000.5
SP,Não informado,0.0,0.0,0.0,0,0,0,0,10576.036405723906
SP,Não informado,0.0,0.0,0.0,0,0,0,0,10576.036405723906
SP,de R$ 4.001/mês a R$ 6.000/mês,0.0,0.0,0.0,0,0,0,0,5000.5
MT,de R$ 16.001/mês a R$ 20.000/mês,0.0,0.0,0.0,0,0,0,0,18000.5
SP,de R$ 4.001/mês a R$ 6.000/mês,0.0,0.0,0.0,0,0,0,0,5000.5
SP,de R$ 20.001/mês a R$ 25.000/mês,1.0,0.0,1.0,1,0,1,0,22500.5
SP,de R$ 12.001/mês a R$ 16.000/mês,1.0,0.0,1.0,0,0,0,0,14000.5
SP,de R$ 4.001/mês a R$ 6.000/mês,1.0,0.0,1.0,0,0,0,0,5000.5
SP,de R$ 3.001/mês a R$ 4.000/mês,1.0,0.0,1.0,0,0,1,0,3500.5
MG,de R$ 2.001/mês a R$ 3.000/mês,1.0,0.0,1.0,0,1,1,0,2500.5
MG,de R$ 3.001/mês a R$ 4.000/mês,1.0,0.0,1.0,0,0,1,0,3500.5
SP,de R$ 8.001/mês a R$ 12.000/mês,1.0,0.0,1.0,0,0,0,0,10000.5
PR,de R$ 8.001/mês a R$ 12.000/mês,1.0,0.0,0.0,0,0,0,0,10000.5
RJ,de R$ 12.001/mês a R$ 16.000/mês,1.0,0.0,1.0,0,0,0,0,14000.5
RJ,de R$ 6.001/mês a R$ 8.000/mês,0.0,1.0,0.0,0,0,0,0,7000.5
PR,de R$ 2.001/mês a R$ 3.000/mês,0.0,1.0,0.0,0,0,0,0,2500.5
SP,de R$ 3.001/mês a R$ 4.000/mês,1.0,0.0,1.0,0,0,1,0,3500.5
DF,de R$ 12.001/mês a R$ 16.000/mês,0.0,0.0,0.0,0,0,0,0,14000.5
MG,de R$ 4.001/mês a R$ 6.000/mês,1.0,0.0,0.0,0,1,1,0,5000.5
SP,de R$ 8.001/mês a R$ 12.000/mês,1.0,0.0,0.0,0,0,0,0,10000.5
SP,de R$ 16.001/mês a R$ 20.000/mês,1.0,0.0,1.0,1,0,0,0,18000.5
PR,de R$ 4.001/mês a R$ 6.000/mês,1.0,0.0,0.0,0,0,0,0,5000.5
RJ,de R$ 4.001/mês a R$ 6.000/mês,0.0,0.0,0.0,0,0,0,0,5000.5
BA,de R$ 12.001/mês a R$ 16.000/mês,1.0,0.0,1.0,0,0,0,0,14000.5
PE,Menos de R$ 1.000/mês,0.0,0.0,0.0,0,0,0,0,500.0
MG,Não informado,0.0,0.0,0.0,0,0,0,0,10576.036405723906
SP,de R$ 6.001/mês a R$ 8.000/mês,0.0,0.0,0.0,0,0,0,0,7000.5
RS,de R$ 8.001/mês a R$ 12.000/mês,1.0,0.0,1.0,0,0,0,0,10000.5
SP,de R$ 8.001/mês a R$ 12.000/mês,1.0,0.0,1.0,0,0,0,0,10000.5
PR,Não informado,0.0,0.0,0.0,0,0,0,0,10576.036405723906
AM,de R$ 8.001/mês a R$ 12.000/mês,1.0,0.0,1.0,1,0,0,0,10000.5
RJ,de R$ 1.001/mês a R$ 2.000/mês,1.0,0.0,1.0,1,0,0,0,1500.5
SP,de R$ 16.001/mês a R$ 20.000/mês,1.0,0.0,1.0,0,0,0,0,18000.5
SP,de R$ 12.001/mês a R$ 16.000/mês,0.0,0.0,1.0,1,0,0,0,14000.5
SP,de R$ 8.001/mês a R$ 12.000/mês,1.0,0.0,1.0,0,0,0,0,10000.5
GO,de R$ 25.001/mês a R$ 30.000/mês,1.0,0.0,1.0,0,0,0,0,27500.5
MG,de R$ 4.001/mês a R$ 6.000/mês,1.0,0.0,1.0,0,0,0,0,5000.5
SP,de R$ 3.001/mês a R$ 4.000/mês,0.0,1.0,0.0,0,0,0,0,3500.5
SP,de R$ 6.001/mês a R$ 8.000/mês,0.0,1.0,0.0,0,0,0,0,7000.5
DF,de R$ 30.001/mês a R$ 40.000/mês,1.0,0.0,1.0,1,0,1,0,35000.5
BA,de R$ 4.001/mês a R$ 6.000/mês,1.0,0.0,0.0,0,0,0,0,5000.5
SP,de R$ 16.001/mês a R$ 20.000/mês,1.0,0.0,1.0,0,0,0,0,18000.5
GO,de R$ 2.001/mês a R$ 3.000/mês,0.0,1.0,0.0,0,0,0,0,2500.5
SP,de R$ 2.001/mês a R$ 3.000/mês,1.0,0.0,1.0,0,0,0,0,2500.5
SP,Não informado,0.0,0.0,0.0,0,0,0,0,10576.036405723906
PR,de R$ 12.001/mês a R$ 16.000/mês,0.0,0.0,0.0,0,0,0,0,14000.5
RJ,de R$ 4.001/mês a R$ 6.000/mês,1.0,0.0,1.0,1,0,1,0,5000.5
PB,de R$ 2.001/mês a R$ 3.000/mês,1.0,0.0,1.0,0,0,0,0,2500.5
RS,de R$ 12.001/mês a R$ 16.000/mês,0.0,0.0,0.0,0,0,0,0,14000.5
RN,de R$ 12.001/mês a R$ 16.000/mês,1.0,0.0,1.0,1,0,0,0,14000.5
MG,de R$ 16.001/mês a R$ 20.000/mês,1.0,0.0,1.0,0,0,0,0,18000.5
SP,de R$ 20.001/mês a R$ 25.000/mês,1.0,0.0,0.0,0,1,1,0,22500.5
RJ,de R$ 8.001/mês a R$ 12.000/mês,1.0,0.0,1.0,0,0,0,0,10000.5
AL,de R$ 4.001/mês a R$ 6.000/mês,1.0,0.0,1.0,0,0,1,0,5000.5
ES,de R$ 8.001/mês a R$ 12.000/mês,1.0,0.0,1.0,0,0,0,0,10000.5
GO,de R$ 2.001/mês a R$ 3.000/mês,1.0,0.0,0.0,0,0,0,0,2500.5
SP,de R$ 12.001/mês a R$ 16.000/mês,0.0,0.0,0.0,0,0,0,0,14000.5
PR,Não informado,0.0,0.0,0.0,0,0,0,0,10576.036405723906
SC,de R$ 8.001/mês a R$ 12.000/mês,0.0,0.0,0.0,1,0,0,0,10000.5
DF,de R$ 12.001/mês a R$ 16.000/mês,1.0,0.0,1.0,1,0,0,0,14000.5
SP,de R$ 1.001/mês a R$ 2.000/mês,1.0,0.0,1.0,0,0,0,0,1500.5
SC,de R$ 30.001/mês a R$ 40.000/mês,1.0,0.0,1.0,0,0,1,0,35000.5
BA,de R$ 3.001/mês a R$ 4.000/mês,1.0,0.0,1.0,0,0,0,0,3500.5
NI,Menos de R$ 1.000/mês,0.0,0.0,0.0,0,0,1,0,500.0
MG,de R$ 6.001/mês a R$ 8.000/mês,1.0,0.0,1.0,0,0,0,0,7000.5
RS,de R$ 4.001/mês a R$ 6.000/mês,0.0,0.0,0.0,0,0,0,0,5000.5
SP,de R$ 8.001/mês a R$ 12.000/mês,1.0,0.0,1.0,0,0,0,0,10000.5
SP,de R$ 4.001/mês a R$ 6.000/mês,1.0,0.0,1.0,0,0,0,0,5000.5
NI,de R$ 8.001/mês a R$ 12.000/mês,0.0,0.0,0.0,0,0,0,0,10000.5
SP,de R$ 20.001/mês a R$ 25.000/mês,0.0,0.0,0.0,0,0,0,0,22500.5
SP,de R$ 8.001/mês a R$ 12.000/mês,0.0,1.0,0.0,0,0,0,0,10000.5
SP,de R$ 12.001/mês a R$ 16.000/mês,1.0,0.0,1.0,0,0,0,0,14000.5
SP,de R$ 6.001/mês a R$ 8.000/mês,1.0,0.0,1.0,0,0,0,0,7000.5
SP,de R$ 8.001/mês a R$ 12.000/mês,1.0,0.0,1.0,0,0,0,0,10000.5
SP,de R$ 12.001/mês a R$ 16.000/mês,1.0,0.0,1.0,1,1,1,0,14000.5
SC,de R$ 3.001/mês a R$ 4.000/mês,0.0,1.0,0.0,0,0,0,0,3500.5
RS,de R$ 12.001/mês a R$ 16.000/mês,1.0,0.0,0.0,0,1,1,0,14000.5
SP,de R$ 20.001/mês a R$ 25.000/mês,1.0,0.0,1.0,0,0,0,0,22500.5
AM,de R$ 8.001/mês a R$ 12.000/mês,0.0,0.0,0.0,0,0,0,0,10000.5
SP,de R$ 12.001/mês a R$ 16.000/mês,1.0,0.0,1.0,0,0,0,0,14000.5
PE,de R$ 6.001/mês a R$ 8.000/mês,1.0,0.0,1.0,0,1,1,0,7000.5
MG,de R$ 16.001/mês a R$ 20.000/mês,0.0,0.0,0.0,0,0,0,0,18000.5
GO,de R$ 4.001/mês a R$ 6.000/mês,1.0,0.0,1.0,1,0,0,0,5000.5
SP,de R$ 3.001/mês a R$ 4.000/mês,1.0,0.0,0.0,0,0,0,0,3500.5
MG,de R$ 3.001/mês a R$ 4.000/mês,1.0,0.0,1.0,0,0,0,0,3500.5
CE,de R$ 6.001/mês a R$ 8.000/mês,1.0,0.0,1.0,0,0,0,0,7000.5
MG,de R$ 4.001/mês a R$ 6.000/mês,1.0,0.0,1.0,0,0,0,0,5000.5
SP,de R$ 20.001/mês a R$ 25.000/mês,0.0,0.0,0.0,0,0,0,0,22500.5
PE,de R$ 25.001/mês a R$ 30.000/mês,1.0,0.0,1.0,0,0,0,0,27500.5
SP,de R$ 6.001/mês a R$ 8.000/mês,1.0,0.0,1.0,0,0,1,0,7000.5
MG,de R$ 12.001/mês a R$ 16.000/mês,1.0,0.0,1.0,0,0,0,0,14000.5
PR,Não informado,0.0,0.0,0.0,0,0,0,0,10576.036405723906
RN,de R$ 8.001/mês a R$ 12.000/mês,1.0,0.0,1.0,1,0,0,0,10000.5
SP,de R$ 6.001/mês a R$ 8.000/mês,1.0,0.0,1.0,0,0,0,0,7000.5
MG,Acima de R$ 40.001/mês,0.0,0.0,0.0,0,0,0,0,50000.0
GO,de R$ 3.001/mês a R$ 4.000/mês,1.0,0.0,1.0,0,0,0,0,3500.5
NI,de R$ 30.001/mês a R$ 40.000/mês,0.0,0.0,0.0,0,0,0,0,35000.5
RS,de R$ 25.001/mês a R$ 30.000/mês,1.0,0.0,1.0,0,0,0,0,27500.5
BA,Não informado,0.0,0.0,0.0,0,0,0,0,10576.036405723906
ES,de R$ 8.001/mês a R$ 12.000/mês,1.0,0.0,1.0,0,0,0,0,10000.5
MG,de R$ 12.001/mês a R$ 16.000/mês,1.0,0.0,1.0,0,0,0,0,14000.5
SP,de R$ 8.001/mês a R$ 12.000/mês,1.0,0.0,1.0,0,0,0,0,10000.5
MG,de R$ 20.001/mês a R$ 25.000/mês,0.0,0.0,0.0,0,0,0,0,22500.5
RN,de R$ 8.001/mês a R$ 12.000/mês,1.0,0.0,1.0,0,0,0,0,10000.5
SP,de R$ 8.001/mês a R$ 12.000/mês,1.0,0.0,1.0,0,0,0,0,10000.5
SP,Não informado,0.0,0.0,0.0,0,0,0,0,10576.036405723906
SP,Não informado,0.0,0.0,0.0,0,0,0,0,10576.036405723906
